State,Place,Name,Year,Total Population,Total Worked from Home,Total With Public Assistance,Median Household Income,Median Rent
Alabama,Birmingham city,"Birmingham city, Alabama",2005,222154,,2411.0,27020,432.0
Alabama,Hoover city,"Hoover city, Alabama",2005,74473,,0.0,71405,684.0
Alabama,Huntsville city,"Huntsville city, Alabama",2005,158618,,858.0,44000,463.0
Alabama,Mobile city,"Mobile city, Alabama",2005,193332,,1021.0,31107,434.0
Alabama,Montgomery city,"Montgomery city, Alabama",2005,193042,,1128.0,40582,463.0
Alabama,Tuscaloosa city,"Tuscaloosa city, Alabama",2005,68006,,595.0,24257,455.0
Alaska,Anchorage municipality,"Anchorage municipality, Alaska",2005,266281,5638.0,7600.0,61217,810.0
Arizona,Avondale city,"Avondale city, Arizona",2005,61666,,484.0,53085,741.0
Arizona,Chandler city,"Chandler city, Arizona",2005,225725,4335.0,937.0,62010,765.0
Arizona,Gilbert town,"Gilbert town, Arizona",2005,178539,,203.0,76171,914.0
Arizona,Glendale city,"Glendale city, Arizona",2005,229913,,1569.0,46713,608.0
Arizona,Mesa city,"Mesa city, Arizona",2005,442445,7322.0,3133.0,44861,630.0
Arizona,Peoria city,"Peoria city, Arizona",2005,141941,,548.0,60417,913.0
Arizona,Phoenix city,"Phoenix city, Arizona",2005,1377980,23176.0,12996.0,42353,617.0
Arizona,Scottsdale city,"Scottsdale city, Arizona",2005,215933,,376.0,60057,819.0
Arizona,Surprise city,"Surprise city, Arizona",2005,91411,,263.0,53958,870.0
Arizona,Tempe city,"Tempe city, Arizona",2005,166171,,1179.0,45644,683.0
Arizona,Tucson city,"Tucson city, Arizona",2005,507362,8362.0,5983.0,34241,525.0
Arizona,Yuma city,"Yuma city, Arizona",2005,91433,,643.0,37572,555.0
Arkansas,Fayetteville city,"Fayetteville city, Arkansas",2005,58839,,428.0,37001,481.0
Arkansas,Fort Smith city,"Fort Smith city, Arkansas",2005,81054,,474.0,32271,379.0
Arkansas,Little Rock city,"Little Rock city, Arkansas",2005,176924,,928.0,39882,535.0
California,Alameda city,"Alameda city, California",2005,77058,,926.0,65758,998.0
California,Alhambra city,"Alhambra city, California",2005,76309,,519.0,47340,898.0
California,Anaheim city,"Anaheim city, California",2005,329483,3002.0,3320.0,52158,995.0
California,Antioch city,"Antioch city, California",2005,103339,,1826.0,65882,1063.0
California,Apple Valley town,"Apple Valley town, California",2005,65229,,903.0,51119,741.0
California,Arden-Arcade CDP,"Arden-Arcade CDP, California",2005,94284,,2126.0,46167,740.0
California,Bakersfield city,"Bakersfield city, California",2005,286316,3209.0,4424.0,45174,628.0
California,Baldwin Park city,"Baldwin Park city, California",2005,84812,,535.0,42432,866.0
California,Bellflower city,"Bellflower city, California",2005,78198,,1192.0,41507,858.0
California,Berkeley city,"Berkeley city, California",2005,90432,,674.0,48123,970.0
California,Buena Park city,"Buena Park city, California",2005,76062,,430.0,58057,1025.0
California,Burbank city,"Burbank city, California",2005,100053,,1038.0,51516,896.0
California,Carlsbad city,"Carlsbad city, California",2005,92998,,324.0,78037,1342.0
California,Carson city,"Carson city, California",2005,92156,,1012.0,61654,819.0
California,Chico city,"Chico city, California",2005,71298,,1158.0,32436,704.0
California,Chino Hills city,"Chino Hills city, California",2005,80897,,220.0,93133,1387.0
California,Chino city,"Chino city, California",2005,69732,,765.0,68705,1038.0
California,Chula Vista city,"Chula Vista city, California",2005,212954,,2382.0,55610,959.0
California,Citrus Heights city,"Citrus Heights city, California",2005,81824,,998.0,49636,821.0
California,Clovis city,"Clovis city, California",2005,80529,,356.0,56863,695.0
California,Compton city,"Compton city, California",2005,97833,,3145.0,39009,652.0
California,Concord city,"Concord city, California",2005,116782,,777.0,60458,973.0
California,Corona city,"Corona city, California",2005,162410,,834.0,68049,966.0
California,Costa Mesa city,"Costa Mesa city, California",2005,105333,,1654.0,53361,1236.0
California,Daly City city,"Daly City city, California",2005,93513,,406.0,59199,1172.0
California,Downey city,"Downey city, California",2005,111391,,630.0,42191,900.0
California,East Los Angeles CDP,"East Los Angeles CDP, California",2005,130766,,1408.0,31915,684.0
California,El Cajon city,"El Cajon city, California",2005,92507,,1549.0,47050,836.0
California,El Monte city,"El Monte city, California",2005,108913,,2313.0,36630,834.0
California,Elk Grove city,"Elk Grove city, California",2005,127371,,510.0,82784,1044.0
California,Escondido city,"Escondido city, California",2005,133017,,1530.0,51857,941.0
California,Fairfield city,"Fairfield city, California",2005,102642,,1124.0,60680,1010.0
California,Florence-Graham CDP,"Florence-Graham CDP, California",2005,66788,,1304.0,30248,673.0
California,Folsom city,"Folsom city, California",2005,61408,,434.0,78317,1002.0
California,Fontana city,"Fontana city, California",2005,158235,,1433.0,58481,862.0
California,Fremont city,"Fremont city, California",2005,210387,,1334.0,81582,1196.0
California,Fresno city,"Fresno city, California",2005,477251,6790.0,12977.0,37800,631.0
California,Fullerton city,"Fullerton city, California",2005,142064,,964.0,58228,1026.0
California,Garden Grove city,"Garden Grove city, California",2005,192345,,2106.0,52229,1087.0
California,Glendale city,"Glendale city, California",2005,194620,,2284.0,49750,954.0
California,Hawthorne city,"Hawthorne city, California",2005,100754,,1392.0,41629,798.0
California,Hayward city,"Hayward city, California",2005,135474,1070.0,1232.0,55649,1000.0
California,Hemet city,"Hemet city, California",2005,77076,,1150.0,32060,790.0
California,Hesperia city,"Hesperia city, California",2005,79714,,1209.0,50298,742.0
California,Huntington Beach city,"Huntington Beach city, California",2005,189451,,406.0,72141,1266.0
California,Indio city,"Indio city, California",2005,65091,,765.0,38878,652.0
California,Inglewood city,"Inglewood city, California",2005,120204,,2206.0,34962,803.0
California,Irvine city,"Irvine city, California",2005,172182,,1265.0,82827,1476.0
California,Lake Forest city,"Lake Forest city, California",2005,69305,,386.0,84081,1299.0
California,Lakewood city,"Lakewood city, California",2005,88253,,600.0,66186,1108.0
California,Lancaster city,"Lancaster city, California",2005,135225,,4182.0,44277,772.0
California,Livermore city,"Livermore city, California",2005,87054,,474.0,96632,1177.0
California,Long Beach city,"Long Beach city, California",2005,463956,8240.0,9231.0,43746,794.0
California,Los Angeles city,"Los Angeles city, California",2005,3731437,78382.0,55896.0,42667,810.0
California,Lynwood city,"Lynwood city, California",2005,69901,,1905.0,34738,714.0
California,Merced city,"Merced city, California",2005,65391,,1556.0,32791,612.0
California,Mission Viejo city,"Mission Viejo city, California",2005,90136,,225.0,90855,1355.0
California,Modesto city,"Modesto city, California",2005,202971,,3471.0,45769,737.0
California,Moreno Valley city,"Moreno Valley city, California",2005,162987,,1703.0,56111,939.0
California,Mountain View city,"Mountain View city, California",2005,69427,,633.0,75411,1202.0
California,Murrieta city,"Murrieta city, California",2005,98146,,356.0,63028,1114.0
California,Napa city,"Napa city, California",2005,73085,,533.0,57040,1060.0
California,Newport Beach city,"Newport Beach city, California",2005,82381,,459.0,97428,1556.0
California,Norwalk city,"Norwalk city, California",2005,103844,,997.0,51137,951.0
California,Oakland city,"Oakland city, California",2005,373910,6893.0,7056.0,44124,833.0
California,Oceanside city,"Oceanside city, California",2005,162259,,449.0,55382,998.0
California,Ontario city,"Ontario city, California",2005,156679,,2439.0,46344,907.0
California,Orange city,"Orange city, California",2005,137994,,988.0,69695,1107.0
California,Oxnard city,"Oxnard city, California",2005,178871,,2531.0,48952,989.0
California,Palmdale city,"Palmdale city, California",2005,145800,,3246.0,46536,845.0
California,Pasadena city,"Pasadena city, California",2005,129400,,905.0,51233,882.0
California,Pleasanton city,"Pleasanton city, California",2005,67018,,420.0,101022,1270.0
California,Pomona city,"Pomona city, California",2005,161257,,2094.0,41805,834.0
California,Rancho Cucamonga city,"Rancho Cucamonga city, California",2005,144958,,904.0,71967,1151.0
California,Redding city,"Redding city, California",2005,89362,,2431.0,42891,648.0
California,Redlands city,"Redlands city, California",2005,73548,,656.0,52111,907.0
California,Redondo Beach city,"Redondo Beach city, California",2005,61473,,157.0,85594,1268.0
California,Redwood City city,"Redwood City city, California",2005,81195,,488.0,67829,1207.0
California,Rialto city,"Rialto city, California",2005,93284,,2076.0,50446,835.0
California,Richmond city,"Richmond city, California",2005,96648,852.0,1544.0,52794,885.0
California,Riverside city,"Riverside city, California",2005,294059,4517.0,3595.0,50416,822.0
California,Roseville city,"Roseville city, California",2005,108848,,1405.0,62291,933.0
California,Sacramento city,"Sacramento city, California",2005,445287,8200.0,10796.0,44867,774.0
California,Salinas city,"Salinas city, California",2005,156950,,2814.0,50165,851.0
California,San Bernardino city,"San Bernardino city, California",2005,204552,,4197.0,33915,688.0
California,San Buenaventura (Ventura) city,"San Buenaventura (Ventura) city, California",2005,100154,,1039.0,57574,1037.0
California,San Diego city,"San Diego city, California",2005,1208331,26403.0,9907.0,55637,1040.0
California,San Francisco city,"San Francisco city, California",2005,719077,24141.0,7752.0,57496,1068.0
California,San Jose city,"San Jose city, California",2005,887330,13425.0,8731.0,70921,1093.0
California,San Leandro city,"San Leandro city, California",2005,77631,,1034.0,55235,986.0
California,San Marcos city,"San Marcos city, California",2005,77445,,663.0,67313,961.0
California,San Mateo city,"San Mateo city, California",2005,93481,,512.0,76704,1227.0
California,Santa Ana city,"Santa Ana city, California",2005,302302,1499.0,2424.0,47438,1012.0
California,Santa Barbara city,"Santa Barbara city, California",2005,90708,,892.0,61182,1190.0
California,Santa Clara city,"Santa Clara city, California",2005,102204,,679.0,71284,1113.0
California,Santa Clarita city,"Santa Clarita city, California",2005,167047,,807.0,74759,1206.0
California,Santa Maria city,"Santa Maria city, California",2005,88817,,1487.0,45200,817.0
California,Santa Monica city,"Santa Monica city, California",2005,82777,,711.0,55274,1048.0
California,Santa Rosa city,"Santa Rosa city, California",2005,146500,,1301.0,51454,934.0
California,Simi Valley city,"Simi Valley city, California",2005,116722,,544.0,78692,1179.0
California,South Gate city,"South Gate city, California",2005,103547,,1136.0,40653,749.0
California,Stockton city,"Stockton city, California",2005,278515,,7888.0,41118,711.0
California,Sunnyvale city,"Sunnyvale city, California",2005,132725,,283.0,74449,1154.0
California,Temecula city,"Temecula city, California",2005,87878,,1524.0,67903,1225.0
California,Thousand Oaks city,"Thousand Oaks city, California",2005,127895,,520.0,90503,1363.0
California,Torrance city,"Torrance city, California",2005,138618,,1125.0,66999,1122.0
California,Tracy city,"Tracy city, California",2005,82218,,599.0,70643,898.0
California,Turlock city,"Turlock city, California",2005,74883,,1180.0,48468,698.0
California,Tustin city,"Tustin city, California",2005,79811,,201.0,56631,1187.0
California,Union City city,"Union City city, California",2005,65239,,1019.0,77542,935.0
California,Upland city,"Upland city, California",2005,74420,,695.0,57194,957.0
California,Vacaville city,"Vacaville city, California",2005,81117,,684.0,66747,1035.0
California,Vallejo city,"Vallejo city, California",2005,115657,,2203.0,54706,956.0
California,Victorville city,"Victorville city, California",2005,93042,,1682.0,42374,689.0
California,Visalia city,"Visalia city, California",2005,108467,,1813.0,45023,608.0
California,Vista city,"Vista city, California",2005,83228,,681.0,49294,1043.0
California,West Covina city,"West Covina city, California",2005,116371,,1984.0,52603,1038.0
California,Westminster city,"Westminster city, California",2005,97946,,212.0,58938,1051.0
California,Whittier city,"Whittier city, California",2005,80554,,797.0,54555,843.0
Colorado,Arvada city,"Arvada city, Colorado",2005,104766,,1200.0,61353,753.0
Colorado,Aurora city,"Aurora city, Colorado",2005,291317,,3521.0,48309,640.0
Colorado,Boulder city,"Boulder city, Colorado",2005,83432,,498.0,46002,901.0
Colorado,Centennial city,"Centennial city, Colorado",2005,103482,,427.0,75313,879.0
Colorado,Colorado Springs city,"Colorado Springs city, Colorado",2005,376985,8993.0,4372.0,47854,629.0
Colorado,Denver city,"Denver city, Colorado",2005,545198,12702.0,5051.0,42370,629.0
Colorado,Fort Collins city,"Fort Collins city, Colorado",2005,122297,,357.0,44261,705.0
Colorado,Greeley city,"Greeley city, Colorado",2005,82836,,448.0,38846,553.0
Colorado,Highlands Ranch CDP,"Highlands Ranch CDP, Colorado",2005,88450,,328.0,93677,924.0
Colorado,Lakewood city,"Lakewood city, Colorado",2005,142434,,1670.0,50234,688.0
Colorado,Longmont city,"Longmont city, Colorado",2005,76181,,422.0,51420,740.0
Colorado,Pueblo city,"Pueblo city, Colorado",2005,101302,,2039.0,31261,459.0
Colorado,Thornton city,"Thornton city, Colorado",2005,102331,,495.0,63636,807.0
Colorado,Westminster city,"Westminster city, Colorado",2005,99305,,836.0,60265,786.0
Connecticut,Bridgeport city,"Bridgeport city, Connecticut",2005,132011,,1848.0,36976,706.0
Connecticut,Danbury city,"Danbury city, Connecticut",2005,72312,,480.0,55881,960.0
Connecticut,Hartford city,"Hartford city, Connecticut",2005,111103,,6600.0,26032,573.0
Connecticut,New Britain city,"New Britain city, Connecticut",2005,70193,,1918.0,39303,591.0
Connecticut,New Haven city,"New Haven city, Connecticut",2005,108412,,3476.0,30603,705.0
Connecticut,Norwalk city,"Norwalk city, Connecticut",2005,86354,,406.0,65741,1005.0
Connecticut,Stamford city,"Stamford city, Connecticut",2005,118568,,1666.0,66638,1156.0
Connecticut,Waterbury city,"Waterbury city, Connecticut",2005,104539,,1085.0,36120,613.0
Delaware,Wilmington city,"Wilmington city, Delaware",2005,62380,,1395.0,33240,634.0
District of Columbia,Washington city,"Washington city, District of Columbia",2005,515118,11110.0,11329.0,47221,768.0
Florida,Boca Raton city,"Boca Raton city, Florida",2005,74361,,215.0,55733,941.0
Florida,Boynton Beach city,"Boynton Beach city, Florida",2005,58611,,594.0,39216,830.0
Florida,Brandon CDP,"Brandon CDP, Florida",2005,89929,,441.0,51356,771.0
Florida,Cape Coral city,"Cape Coral city, Florida",2005,134388,,131.0,46933,814.0
Florida,Clearwater city,"Clearwater city, Florida",2005,108382,,751.0,40250,640.0
Florida,Coral Springs city,"Coral Springs city, Florida",2005,127654,,367.0,63197,972.0
Florida,Davie town,"Davie town, Florida",2005,88683,,229.0,55125,842.0
Florida,Deerfield Beach city,"Deerfield Beach city, Florida",2005,71599,,381.0,35968,874.0
Florida,Deltona city,"Deltona city, Florida",2005,85979,,400.0,42440,717.0
Florida,Fort Lauderdale city,"Fort Lauderdale city, Florida",2005,141307,,1053.0,44169,734.0
Florida,Gainesville city,"Gainesville city, Florida",2005,100879,,590.0,26954,568.0
Florida,Hialeah city,"Hialeah city, Florida",2005,213791,,2591.0,30271,686.0
Florida,Hollywood city,"Hollywood city, Florida",2005,138412,,772.0,41602,777.0
Florida,Jacksonville city,"Jacksonville city, Florida",2005,768537,8413.0,4563.0,44173,628.0
Florida,Kendall CDP,"Kendall CDP, Florida",2005,88442,,335.0,51095,894.0
Florida,Lakeland city,"Lakeland city, Florida",2005,89586,,542.0,35574,570.0
Florida,Largo city,"Largo city, Florida",2005,71269,,793.0,36613,629.0
Florida,Melbourne city,"Melbourne city, Florida",2005,76373,,498.0,40471,641.0
Florida,Miami Beach city,"Miami Beach city, Florida",2005,84086,,737.0,33763,764.0
Florida,Miami Gardens city,"Miami Gardens city, Florida",2005,91694,,1535.0,32893,692.0
Florida,Miami city,"Miami city, Florida",2005,361701,3321.0,4211.0,25211,621.0
Florida,Miramar city,"Miramar city, Florida",2005,115444,,792.0,57941,897.0
Florida,Orlando city,"Orlando city, Florida",2005,221299,,1964.0,36699,693.0
Florida,Palm Bay city,"Palm Bay city, Florida",2005,90102,,410.0,40748,678.0
Florida,Pembroke Pines city,"Pembroke Pines city, Florida",2005,159422,,348.0,55847,1092.0
Florida,Plantation city,"Plantation city, Florida",2005,88859,,67.0,60256,1060.0
Florida,Pompano Beach city,"Pompano Beach city, Florida",2005,94892,,710.0,40390,765.0
Florida,Port St. Lucie city,"Port St. Lucie city, Florida",2005,122554,,765.0,49296,927.0
Florida,Spring Hill CDP,"Spring Hill CDP, Florida",2005,85894,,224.0,41735,731.0
Florida,St. Petersburg city,"St. Petersburg city, Florida",2005,232960,4283.0,3094.0,37947,603.0
Florida,Sunrise city,"Sunrise city, Florida",2005,86586,,494.0,44409,885.0
Florida,Tallahassee city,"Tallahassee city, Florida",2005,141148,,623.0,35765,566.0
Florida,Tampa city,"Tampa city, Florida",2005,312855,,3311.0,38568,614.0
Florida,Town 'n' Country CDP,"Town 'n' Country CDP, Florida",2005,77622,,171.0,41998,764.0
Florida,West Palm Beach city,"West Palm Beach city, Florida",2005,86804,,1067.0,40047,757.0
Florida,Weston city,"Weston city, Florida",2005,70557,,0.0,83313,1384.0
Georgia,Albany city,"Albany city, Georgia",2005,74040,,758.0,36532,390.0
Georgia,Athens-Clarke County (balance),"Athens-Clarke County (balance), Georgia",2005,94125,,221.0,29820,529.0
Georgia,Atlanta city,"Atlanta city, Georgia",2005,394929,8813.0,6909.0,39752,638.0
Georgia,Augusta-Richmond County (balance),"Augusta-Richmond County (balance), Georgia",2005,181019,,2632.0,37231,489.0
Georgia,Columbus city,"Columbus city, Georgia",2005,175930,,5213.0,34040,475.0
Georgia,Macon city,"Macon city, Georgia",2005,89790,,1067.0,23956,359.0
Georgia,Roswell city,"Roswell city, Georgia",2005,98137,,90.0,68430,756.0
Georgia,Sandy Springs CDP,"Sandy Springs CDP, Georgia",2005,99577,,185.0,67120,755.0
Georgia,Savannah city,"Savannah city, Georgia",2005,117478,,570.0,30887,558.0
Hawaii,Honolulu CDP,"Honolulu CDP, Hawaii",2005,362252,6226.0,4388.0,50793,866.0
Idaho,Boise City city,"Boise City city, Idaho",2005,191667,,2240.0,46342,577.0
Idaho,Nampa city,"Nampa city, Idaho",2005,67112,,596.0,37804,578.0
Illinois,Arlington Heights village,"Arlington Heights village, Illinois",2005,78001,,216.0,81739,888.0
Illinois,Aurora city,"Aurora city, Illinois",2005,170490,1788.0,768.0,55950,792.0
Illinois,Bloomington city,"Bloomington city, Illinois",2005,60822,,513.0,51273,549.0
Illinois,Bolingbrook village,"Bolingbrook village, Illinois",2005,69944,,232.0,67810,832.0
Illinois,Champaign city,"Champaign city, Illinois",2005,65600,,259.0,30443,595.0
Illinois,Chicago city,"Chicago city, Illinois",2005,2701926,33520.0,46871.0,41015,683.0
Illinois,Cicero town,"Cicero town, Illinois",2005,83539,,768.0,40868,643.0
Illinois,Decatur city,"Decatur city, Illinois",2005,71437,,949.0,32233,404.0
Illinois,Elgin city,"Elgin city, Illinois",2005,93412,,392.0,51232,715.0
Illinois,Evanston city,"Evanston city, Illinois",2005,62258,,58.0,58940,865.0
Illinois,Joliet city,"Joliet city, Illinois",2005,128090,,1639.0,56175,616.0
Illinois,Naperville city,"Naperville city, Illinois",2005,147779,,566.0,93338,882.0
Illinois,Palatine village,"Palatine village, Illinois",2005,68799,,62.0,64666,836.0
Illinois,Peoria city,"Peoria city, Illinois",2005,102136,,1570.0,40276,485.0
Illinois,Rockford city,"Rockford city, Illinois",2005,139173,,1779.0,35356,487.0
Illinois,Schaumburg village,"Schaumburg village, Illinois",2005,77817,,82.0,64828,908.0
Illinois,Springfield city,"Springfield city, Illinois",2005,110262,,1076.0,43054,441.0
Illinois,Waukegan city,"Waukegan city, Illinois",2005,82355,,820.0,42249,674.0
Indiana,Bloomington city,"Bloomington city, Indiana",2005,55406,,637.0,22589,557.0
Indiana,Evansville city,"Evansville city, Indiana",2005,110708,,1923.0,34362,436.0
Indiana,Fort Wayne city,"Fort Wayne city, Indiana",2005,219346,,2567.0,38063,457.0
Indiana,Gary city,"Gary city, Indiana",2005,97057,,3678.0,25496,445.0
Indiana,Hammond city,"Hammond city, Indiana",2005,72507,,1474.0,33586,498.0
Indiana,Indianapolis city (balance),"Indianapolis city (balance), Indiana",2005,765310,9923.0,11413.0,41578,537.0
Indiana,Muncie city,"Muncie city, Indiana",2005,56843,,1374.0,28212,469.0
Indiana,South Bend city,"South Bend city, Indiana",2005,97070,,1514.0,31867,555.0
Iowa,Cedar Rapids city,"Cedar Rapids city, Iowa",2005,119670,,3817.0,47357,503.0
Iowa,Davenport city,"Davenport city, Iowa",2005,95382,,775.0,42801,486.0
Iowa,Des Moines city,"Des Moines city, Iowa",2005,196917,,3575.0,42690,536.0
Iowa,Sioux City city,"Sioux City city, Iowa",2005,78395,,951.0,39037,406.0
Iowa,Waterloo city,"Waterloo city, Iowa",2005,68971,,1542.0,32987,457.0
Kansas,Kansas City city,"Kansas City city, Kansas",2005,142341,,2631.0,33157,484.0
Kansas,Lawrence city,"Lawrence city, Kansas",2005,74951,,236.0,35989,581.0
Kansas,Olathe city,"Olathe city, Kansas",2005,107710,,297.0,66230,579.0
Kansas,Overland Park city,"Overland Park city, Kansas",2005,161901,,670.0,64804,702.0
Kansas,Topeka city,"Topeka city, Kansas",2005,117326,,2326.0,35726,461.0
Kansas,Wichita city,"Wichita city, Kansas",2005,354582,5810.0,5358.0,40115,457.0
Kentucky,Lexington-Fayette,"Lexington-Fayette, Kentucky",2005,255389,,1089.0,42442,516.0
Kentucky,Louisville/Jefferson County (balance),"Louisville/Jefferson County (balance), Kentucky",2005,547839,5171.0,5474.0,38664,485.0
Louisiana,Baton Rouge city,"Baton Rouge city, Louisiana",2005,205442,,1288.0,31049,479.0
Louisiana,Kenner city,"Kenner city, Louisiana",2005,72874,,578.0,41958,588.0
Louisiana,Lafayette city,"Lafayette city, Louisiana",2005,108175,,596.0,39158,472.0
Louisiana,Lake Charles city,"Lake Charles city, Louisiana",2005,68294,,1127.0,29741,402.0
Louisiana,Metairie CDP,"Metairie CDP, Louisiana",2005,132944,,1609.0,43044,576.0
Louisiana,New Orleans city,"New Orleans city, Louisiana",2005,437186,6451.0,5007.0,30711,464.0
Louisiana,Shreveport city,"Shreveport city, Louisiana",2005,192531,,1311.0,32027,428.0
Maryland,Baltimore city,"Baltimore city, Maryland",2005,608481,6233.0,14933.0,32456,538.0
Maryland,Columbia CDP,"Columbia CDP, Maryland",2005,93637,,544.0,80720,990.0
Maryland,Silver Spring CDP,"Silver Spring CDP, Maryland",2005,73624,,58.0,59490,1053.0
Massachusetts,Boston city,"Boston city, Massachusetts",2005,520702,7361.0,8931.0,42562,994.0
Massachusetts,Brockton city,"Brockton city, Massachusetts",2005,91938,,1605.0,47250,722.0
Massachusetts,Cambridge city,"Cambridge city, Massachusetts",2005,81260,,709.0,59746,1206.0
Massachusetts,Fall River city,"Fall River city, Massachusetts",2005,97612,,2404.0,37204,531.0
Massachusetts,Lawrence city,"Lawrence city, Massachusetts",2005,82191,,1718.0,31604,760.0
Massachusetts,Lowell city,"Lowell city, Massachusetts",2005,96876,,1937.0,41272,724.0
Massachusetts,Lynn city,"Lynn city, Massachusetts",2005,83419,,1342.0,35454,811.0
Massachusetts,New Bedford city,"New Bedford city, Massachusetts",2005,84898,,2634.0,31845,520.0
Massachusetts,Newton city,"Newton city, Massachusetts",2005,82383,3776.0,381.0,91746,1175.0
Massachusetts,Quincy city,"Quincy city, Massachusetts",2005,84080,,561.0,59526,938.0
Massachusetts,Somerville city,"Somerville city, Massachusetts",2005,74869,,957.0,57118,1137.0
Massachusetts,Springfield city,"Springfield city, Massachusetts",2005,146948,,5807.0,29922,512.0
Massachusetts,Worcester city,"Worcester city, Massachusetts",2005,154398,,1946.0,37797,689.0
Michigan,Ann Arbor city,"Ann Arbor city, Michigan",2005,98743,,536.0,45798,820.0
Michigan,Canton CDP,"Canton CDP, Michigan",2005,90501,,379.0,79535,704.0
Michigan,Clinton CDP,"Clinton CDP, Michigan",2005,98968,,886.0,47993,599.0
Michigan,Dearborn city,"Dearborn city, Michigan",2005,94511,,631.0,45251,716.0
Michigan,Detroit city,"Detroit city, Michigan",2005,836056,7051.0,27246.0,28069,505.0
Michigan,Farmington Hills city,"Farmington Hills city, Michigan",2005,78803,,418.0,70133,793.0
Michigan,Flint city,"Flint city, Michigan",2005,111948,,5077.0,25972,426.0
Michigan,Grand Rapids city,"Grand Rapids city, Michigan",2005,193568,1837.0,4089.0,38229,566.0
Michigan,Kalamazoo city,"Kalamazoo city, Michigan",2005,61550,,1305.0,31152,557.0
Michigan,Lansing city,"Lansing city, Michigan",2005,119675,,1951.0,34367,549.0
Michigan,Livonia city,"Livonia city, Michigan",2005,103497,,197.0,66512,690.0
Michigan,Pontiac city,"Pontiac city, Michigan",2005,59472,,1781.0,27802,583.0
Michigan,Rochester Hills city,"Rochester Hills city, Michigan",2005,70126,,368.0,80937,744.0
Michigan,Shelby CDP,"Shelby CDP, Michigan",2005,69837,,188.0,64940,651.0
Michigan,Southfield city,"Southfield city, Michigan",2005,75053,,1031.0,49427,809.0
Michigan,Sterling Heights city,"Sterling Heights city, Michigan",2005,123368,,664.0,60010,629.0
Michigan,Troy city,"Troy city, Michigan",2005,83958,,407.0,81111,833.0
Michigan,Warren city,"Warren city, Michigan",2005,134901,,1176.0,44855,605.0
Michigan,Waterford CDP,"Waterford CDP, Michigan",2005,72444,,172.0,50758,639.0
Michigan,Westland city,"Westland city, Michigan",2005,80284,,762.0,46004,650.0
Michigan,Wyoming city,"Wyoming city, Michigan",2005,68960,,1176.0,42729,565.0
Minnesota,Bloomington city,"Bloomington city, Minnesota",2005,80055,,974.0,54438,743.0
Minnesota,Brooklyn Park city,"Brooklyn Park city, Minnesota",2005,66408,,1144.0,55460,701.0
Minnesota,Duluth city,"Duluth city, Minnesota",2005,76918,,1757.0,37083,546.0
Minnesota,Minneapolis city,"Minneapolis city, Minnesota",2005,350260,5550.0,9265.0,41829,653.0
Minnesota,Plymouth city,"Plymouth city, Minnesota",2005,68978,,431.0,74397,886.0
Minnesota,Rochester city,"Rochester city, Minnesota",2005,88338,,1171.0,54000,606.0
Minnesota,St. Cloud city,"St. Cloud city, Minnesota",2005,59624,,670.0,39293,584.0
Minnesota,St. Paul city,"St. Paul city, Minnesota",2005,261559,6169.0,7578.0,44103,681.0
Mississippi,Gulfport city,"Gulfport city, Mississippi",2005,66388,,1516.0,34055,513.0
Mississippi,Jackson city,"Jackson city, Mississippi",2005,163928,,1586.0,31177,488.0
Missouri,Columbia city,"Columbia city, Missouri",2005,82103,,574.0,37051,525.0
Missouri,Independence city,"Independence city, Missouri",2005,111842,,852.0,41398,508.0
Missouri,Kansas City city,"Kansas City city, Missouri",2005,440885,7663.0,6502.0,41069,528.0
Missouri,Lee's Summit city,"Lee's Summit city, Missouri",2005,86357,,731.0,70900,707.0
Missouri,O'Fallon city,"O'Fallon city, Missouri",2005,67875,,118.0,75796,650.0
Missouri,Springfield city,"Springfield city, Missouri",2005,139600,,1424.0,29433,449.0
Missouri,St. Joseph city,"St. Joseph city, Missouri",2005,68971,,1353.0,33127,405.0
Missouri,St. Louis city,"St. Louis city, Missouri",2005,333730,,5045.0,30874,438.0
Montana,Billings city,"Billings city, Montana",2005,92844,,874.0,38711,482.0
Nebraska,Lincoln city,"Lincoln city, Nebraska",2005,226062,3328.0,3933.0,45790,522.0
Nebraska,Omaha city,"Omaha city, Nebraska",2005,373215,6213.0,6006.0,40484,525.0
Nevada,Henderson city,"Henderson city, Nevada",2005,223776,,907.0,61483,876.0
Nevada,Las Vegas city,"Las Vegas city, Nevada",2005,538653,8044.0,3254.0,47863,765.0
Nevada,North Las Vegas city,"North Las Vegas city, Nevada",2005,165061,,1034.0,53183,769.0
Nevada,Paradise CDP,"Paradise CDP, Nevada",2005,211509,1236.0,2870.0,41916,719.0
Nevada,Reno city,"Reno city, Nevada",2005,204478,4970.0,2604.0,42214,695.0
Nevada,Sparks city,"Sparks city, Nevada",2005,76405,,86.0,51413,790.0
Nevada,Spring Valley CDP,"Spring Valley CDP, Nevada",2005,140723,,1040.0,50742,858.0
Nevada,Sunrise Manor CDP,"Sunrise Manor CDP, Nevada",2005,195609,,1211.0,41064,726.0
New Hampshire,Manchester city,"Manchester city, New Hampshire",2005,109308,,1919.0,50404,809.0
New Hampshire,Nashua city,"Nashua city, New Hampshire",2005,84632,,720.0,57056,901.0
New Jersey,Camden city,"Camden city, New Jersey",2005,73305,,3557.0,18007,441.0
New Jersey,Clifton city,"Clifton city, New Jersey",2005,72667,,240.0,49325,891.0
New Jersey,East Orange city,"East Orange city, New Jersey",2005,61147,,1550.0,29691,785.0
New Jersey,Edison CDP,"Edison CDP, New Jersey",2005,99612,,102.0,75928,1085.0
New Jersey,Elizabeth city,"Elizabeth city, New Jersey",2005,121137,,1154.0,40413,780.0
New Jersey,Irvington CDP,"Irvington CDP, New Jersey",2005,65908,,1463.0,42269,752.0
New Jersey,Jersey City city,"Jersey City city, New Jersey",2005,246335,1365.0,3754.0,40310,773.0
New Jersey,Newark city,"Newark city, New Jersey",2005,254217,1612.0,6561.0,30665,673.0
New Jersey,Passaic city,"Passaic city, New Jersey",2005,68422,,973.0,29963,816.0
New Jersey,Paterson city,"Paterson city, New Jersey",2005,148353,,1826.0,34987,747.0
New Jersey,Toms River CDP,"Toms River CDP, New Jersey",2005,92326,,613.0,65478,928.0
New Jersey,Trenton city,"Trenton city, New Jersey",2005,77471,,2109.0,34356,665.0
New Jersey,Union City city,"Union City city, New Jersey",2005,64842,,996.0,32345,748.0
New Mexico,Albuquerque city,"Albuquerque city, New Mexico",2005,488133,8608.0,5223.0,41820,546.0
New Mexico,Las Cruces city,"Las Cruces city, New Mexico",2005,84029,,1103.0,29363,481.0
New Mexico,Rio Rancho city,"Rio Rancho city, New Mexico",2005,63116,,447.0,47270,711.0
New Mexico,Santa Fe city,"Santa Fe city, New Mexico",2005,66453,,517.0,45177,762.0
New York,Albany city,"Albany city, New York",2005,78402,,1779.0,33431,580.0
New York,Buffalo city,"Buffalo city, New York",2005,256492,,7407.0,27311,426.0
New York,Cheektowaga CDP,"Cheektowaga CDP, New York",2005,80581,,447.0,43345,542.0
New York,Mount Vernon city,"Mount Vernon city, New York",2005,65354,,1132.0,45908,893.0
New York,New Rochelle city,"New Rochelle city, New York",2005,75961,,443.0,66363,1010.0
New York,New York city,"New York city, New York",2005,7956113,123639.0,148554.0,43434,826.0
New York,Rochester city,"Rochester city, New York",2005,189312,,6562.0,26650,526.0
New York,Syracuse city,"Syracuse city, New York",2005,132495,,4001.0,25935,503.0
New York,Yonkers city,"Yonkers city, New York",2005,193327,3424.0,3638.0,49304,845.0
North Carolina,Asheville city,"Asheville city, North Carolina",2005,74889,,1182.0,38837,614.0
North Carolina,Cary town,"Cary town, North Carolina",2005,107446,,0.0,77395,646.0
North Carolina,Charlotte city,"Charlotte city, North Carolina",2005,601598,12114.0,5338.0,47131,601.0
North Carolina,Durham city,"Durham city, North Carolina",2005,191731,,1254.0,42321,626.0
North Carolina,Fayetteville city,"Fayetteville city, North Carolina",2005,128777,,1399.0,40778,555.0
North Carolina,Gastonia city,"Gastonia city, North Carolina",2005,72183,,1043.0,32717,485.0
North Carolina,Greensboro city,"Greensboro city, North Carolina",2005,208552,,2505.0,36733,557.0
North Carolina,Greenville city,"Greenville city, North Carolina",2005,55435,,393.0,26633,428.0
North Carolina,High Point city,"High Point city, North Carolina",2005,101852,,594.0,40778,519.0
North Carolina,Raleigh city,"Raleigh city, North Carolina",2005,315249,,2103.0,48131,639.0
North Carolina,Wilmington city,"Wilmington city, North Carolina",2005,91207,,966.0,36904,576.0
North Carolina,Winston-Salem city,"Winston-Salem city, North Carolina",2005,183467,,1730.0,38197,502.0
North Dakota,Fargo city,"Fargo city, North Dakota",2005,88809,,936.0,39886,505.0
Ohio,Akron city,"Akron city, Ohio",2005,200181,,3406.0,32937,508.0
Ohio,Canton city,"Canton city, Ohio",2005,72584,,3106.0,27460,411.0
Ohio,Cincinnati city,"Cincinnati city, Ohio",2005,287540,,5591.0,29554,461.0
Ohio,Cleveland city,"Cleveland city, Ohio",2005,414534,2369.0,14131.0,24105,456.0
Ohio,Columbus city,"Columbus city, Ohio",2005,693983,9267.0,9491.0,40405,561.0
Ohio,Dayton city,"Dayton city, Ohio",2005,132679,,3795.0,25928,430.0
Ohio,Lorain city,"Lorain city, Ohio",2005,65476,,1225.0,30936,451.0
Ohio,Parma city,"Parma city, Ohio",2005,79708,,179.0,47843,591.0
Ohio,Toledo city,"Toledo city, Ohio",2005,285937,,7075.0,33044,443.0
Ohio,Youngstown city,"Youngstown city, Ohio",2005,65844,,2952.0,26516,369.0
Oklahoma,Broken Arrow city,"Broken Arrow city, Oklahoma",2005,85039,,464.0,54779,578.0
Oklahoma,Edmond city,"Edmond city, Oklahoma",2005,71658,,350.0,55045,551.0
Oklahoma,Lawton city,"Lawton city, Oklahoma",2005,79486,,1180.0,36952,430.0
Oklahoma,Norman city,"Norman city, Oklahoma",2005,97484,,1143.0,38636,501.0
Oklahoma,Oklahoma City city,"Oklahoma City city, Oklahoma",2005,515751,7099.0,8455.0,37375,459.0
Oklahoma,Tulsa city,"Tulsa city, Oklahoma",2005,370447,4546.0,6558.0,35966,500.0
Oregon,Beaverton city,"Beaverton city, Oregon",2005,83447,,410.0,50884,669.0
Oregon,Bend city,"Bend city, Oregon",2005,66105,,409.0,46838,711.0
Oregon,Eugene city,"Eugene city, Oregon",2005,142716,,3252.0,33070,631.0
Oregon,Gresham city,"Gresham city, Oregon",2005,95334,,884.0,41116,603.0
Oregon,Hillsboro city,"Hillsboro city, Oregon",2005,82732,,812.0,49650,727.0
Oregon,Medford city,"Medford city, Oregon",2005,73782,,1208.0,40564,653.0
Oregon,Portland city,"Portland city, Oregon",2005,513627,13699.0,6904.0,42287,628.0
Oregon,Salem city,"Salem city, Oregon",2005,142006,,1749.0,39259,537.0
Pennsylvania,Allentown city,"Allentown city, Pennsylvania",2005,105231,,2687.0,33658,605.0
Pennsylvania,Bethlehem city,"Bethlehem city, Pennsylvania",2005,68144,,643.0,41599,604.0
Pennsylvania,Erie city,"Erie city, Pennsylvania",2005,91423,,2942.0,31376,390.0
Pennsylvania,Philadelphia city,"Philadelphia city, Pennsylvania",2005,1406415,14159.0,45076.0,32573,580.0
Pennsylvania,Pittsburgh city,"Pittsburgh city, Pennsylvania",2005,284366,2817.0,10295.0,30278,513.0
Pennsylvania,Reading city,"Reading city, Pennsylvania",2005,81302,,2590.0,24026,483.0
Pennsylvania,Scranton city,"Scranton city, Pennsylvania",2005,67314,,1481.0,28282,446.0
Rhode Island,Cranston city,"Cranston city, Rhode Island",2005,77025,,401.0,56070,757.0
Rhode Island,Pawtucket city,"Pawtucket city, Rhode Island",2005,72896,,1845.0,36407,619.0
Rhode Island,Providence city,"Providence city, Rhode Island",2005,160264,,3957.0,34202,670.0
Rhode Island,Warwick city,"Warwick city, Rhode Island",2005,85804,,264.0,57153,804.0
South Carolina,Charleston city,"Charleston city, South Carolina",2005,109151,,362.0,36151,666.0
South Carolina,Columbia city,"Columbia city, South Carolina",2005,88450,,942.0,34196,504.0
South Carolina,North Charleston city,"North Charleston city, South Carolina",2005,70001,,815.0,31017,531.0
South Dakota,Sioux Falls city,"Sioux Falls city, South Dakota",2005,132358,,1458.0,44341,553.0
Tennessee,Chattanooga city,"Chattanooga city, Tennessee",2005,139158,,2354.0,32174,472.0
Tennessee,Clarksville city,"Clarksville city, Tennessee",2005,107130,,736.0,44384,517.0
Tennessee,Knoxville city,"Knoxville city, Tennessee",2005,168744,,2539.0,30473,457.0
Tennessee,Memphis city,"Memphis city, Tennessee",2005,642251,,13020.0,33244,525.0
Tennessee,Murfreesboro city,"Murfreesboro city, Tennessee",2005,83822,,448.0,39652,567.0
Tennessee,Nashville-Davidson (balance),"Nashville-Davidson (balance), Tennessee",2005,522662,9015.0,6859.0,40214,567.0
Texas,Abilene city,"Abilene city, Texas",2005,105165,,850.0,35246,446.0
Texas,Allen city,"Allen city, Texas",2005,70037,,266.0,82001,815.0
Texas,Amarillo city,"Amarillo city, Texas",2005,176999,,564.0,34996,465.0
Texas,Arlington city,"Arlington city, Texas",2005,348965,,2283.0,48992,583.0
Texas,Austin city,"Austin city, Texas",2005,678457,17764.0,4856.0,43731,632.0
Texas,Baytown city,"Baytown city, Texas",2005,61504,,536.0,36700,503.0
Texas,Beaumont city,"Beaumont city, Texas",2005,107876,,1399.0,32183,441.0
Texas,Brownsville city,"Brownsville city, Texas",2005,171528,,2993.0,24207,342.0
Texas,Bryan city,"Bryan city, Texas",2005,56277,,643.0,30012,465.0
Texas,Carrollton city,"Carrollton city, Texas",2005,122699,,467.0,60482,742.0
Texas,College Station city,"College Station city, Texas",2005,65370,,198.0,24218,566.0
Texas,Corpus Christi city,"Corpus Christi city, Texas",2005,280002,3089.0,2109.0,39698,541.0
Texas,Dallas city,"Dallas city, Texas",2005,1144946,18710.0,9044.0,36403,591.0
Texas,Denton city,"Denton city, Texas",2005,87766,,488.0,38034,575.0
Texas,El Paso city,"El Paso city, Texas",2005,583419,4494.0,10550.0,32205,446.0
Texas,Fort Worth city,"Fort Worth city, Texas",2005,604538,7435.0,5430.0,40663,538.0
Texas,Frisco city,"Frisco city, Texas",2005,66538,,396.0,85187,713.0
Texas,Garland city,"Garland city, Texas",2005,235750,,1273.0,45924,663.0
Texas,Grand Prairie city,"Grand Prairie city, Texas",2005,148677,,1295.0,48865,637.0
Texas,Houston city,"Houston city, Texas",2005,1941430,23942.0,13284.0,36894,570.0
Texas,Irving city,"Irving city, Texas",2005,212262,,706.0,46543,649.0
Texas,Killeen city,"Killeen city, Texas",2005,98434,,638.0,40896,546.0
Texas,Laredo city,"Laredo city, Texas",2005,207787,,1207.0,32019,440.0
Texas,Lewisville city,"Lewisville city, Texas",2005,81484,,75.0,50703,696.0
Texas,Longview city,"Longview city, Texas",2005,76897,,380.0,34985,458.0
Texas,Lubbock city,"Lubbock city, Texas",2005,199789,,913.0,33853,536.0
Texas,McAllen city,"McAllen city, Texas",2005,116376,,1467.0,35004,471.0
Texas,McKinney city,"McKinney city, Texas",2005,92337,,54.0,69611,630.0
Texas,Mesquite city,"Mesquite city, Texas",2005,126895,,509.0,47466,673.0
Texas,Midland city,"Midland city, Texas",2005,100799,,320.0,41660,421.0
Texas,Missouri City city,"Missouri City city, Texas",2005,60513,,397.0,63330,706.0
Texas,Odessa city,"Odessa city, Texas",2005,94329,,1120.0,36162,396.0
Texas,Pasadena city,"Pasadena city, Texas",2005,150180,,915.0,37642,531.0
Texas,Plano city,"Plano city, Texas",2005,251648,6849.0,931.0,71560,715.0
Texas,Richardson city,"Richardson city, Texas",2005,107892,,489.0,63932,806.0
Texas,Round Rock city,"Round Rock city, Texas",2005,81639,,605.0,60190,678.0
Texas,San Angelo city,"San Angelo city, Texas",2005,82293,,1118.0,36445,443.0
Texas,San Antonio city,"San Antonio city, Texas",2005,1202223,16250.0,10235.0,40186,544.0
Texas,Sugar Land city,"Sugar Land city, Texas",2005,69344,,0.0,86231,876.0
Texas,The Woodlands CDP,"The Woodlands CDP, Texas",2005,65744,,180.0,85314,746.0
Texas,Tyler city,"Tyler city, Texas",2005,87687,,413.0,31514,510.0
Texas,Waco city,"Waco city, Texas",2005,107146,,1040.0,27955,463.0
Texas,Wichita Falls city,"Wichita Falls city, Texas",2005,88861,,751.0,37255,467.0
Utah,Ogden city,"Ogden city, Utah",2005,79171,,727.0,39058,532.0
Utah,Orem city,"Orem city, Utah",2005,85616,,198.0,46797,602.0
Utah,Provo city,"Provo city, Utah",2005,101164,,781.0,31603,578.0
Utah,Salt Lake City city,"Salt Lake City city, Utah",2005,182670,2310.0,1332.0,37287,553.0
Utah,Sandy city,"Sandy city, Utah",2005,88189,,300.0,65971,644.0
Utah,West Jordan city,"West Jordan city, Utah",2005,101626,,172.0,56630,676.0
Utah,West Valley City city,"West Valley City city, Utah",2005,119795,,655.0,43981,604.0
Virginia,Alexandria city,"Alexandria city, Virginia",2005,133479,,507.0,66116,1063.0
Virginia,Arlington CDP,"Arlington CDP, Virginia",2005,191852,6693.0,877.0,80433,1199.0
Virginia,Chesapeake city,"Chesapeake city, Virginia",2005,214835,,1491.0,60817,650.0
Virginia,Dale City CDP,"Dale City CDP, Virginia",2005,66005,,315.0,75564,1103.0
Virginia,Hampton city,"Hampton city, Virginia",2005,133584,,1721.0,45105,645.0
Virginia,Lynchburg city,"Lynchburg city, Virginia",2005,60378,,1633.0,35744,396.0
Virginia,Newport News city,"Newport News city, Virginia",2005,176591,,1501.0,46641,634.0
Virginia,Norfolk city,"Norfolk city, Virginia",2005,206172,,2892.0,36920,578.0
Virginia,Portsmouth city,"Portsmouth city, Virginia",2005,95183,,1181.0,40172,561.0
Virginia,Richmond city,"Richmond city, Virginia",2005,180757,,3176.0,34396,576.0
Virginia,Roanoke city,"Roanoke city, Virginia",2005,90074,,1415.0,32432,475.0
Virginia,Suffolk city,"Suffolk city, Virginia",2005,77922,,491.0,60484,471.0
Virginia,Virginia Beach city,"Virginia Beach city, Virginia",2005,430856,6472.0,2339.0,58545,838.0
Washington,Bellevue city,"Bellevue city, Washington",2005,114748,,370.0,69880,846.0
Washington,Bellingham city,"Bellingham city, Washington",2005,69057,,898.0,35612,648.0
Washington,Everett city,"Everett city, Washington",2005,88850,,1636.0,39221,629.0
Washington,Federal Way city,"Federal Way city, Washington",2005,83164,,1288.0,54985,726.0
Washington,Kent city,"Kent city, Washington",2005,84979,,2650.0,50053,677.0
Washington,Seattle city,"Seattle city, Washington",2005,536946,15403.0,8366.0,49297,745.0
Washington,Spokane Valley city,"Spokane Valley city, Washington",2005,87731,,1904.0,37178,562.0
Washington,Spokane city,"Spokane city, Washington",2005,192777,,4699.0,34752,495.0
Washington,Tacoma city,"Tacoma city, Washington",2005,191934,,4300.0,40290,622.0
Washington,Vancouver city,"Vancouver city, Washington",2005,155488,,4215.0,40743,648.0
Washington,Yakima city,"Yakima city, Washington",2005,79517,,1717.0,29428,465.0
Wisconsin,Appleton city,"Appleton city, Wisconsin",2005,69489,,111.0,52468,477.0
Wisconsin,Green Bay city,"Green Bay city, Wisconsin",2005,94242,,1156.0,40477,491.0
Wisconsin,Kenosha city,"Kenosha city, Wisconsin",2005,95440,,1255.0,46888,611.0
Wisconsin,Madison city,"Madison city, Wisconsin",2005,203704,3999.0,1466.0,45928,695.0
Wisconsin,Milwaukee city,"Milwaukee city, Wisconsin",2005,556948,5312.0,9090.0,32666,542.0
Wisconsin,Racine city,"Racine city, Wisconsin",2005,77277,,535.0,38156,503.0
Wisconsin,Waukesha city,"Waukesha city, Wisconsin",2005,62690,,349.0,52599,643.0
Alabama,Birmingham city,"Birmingham city, Alabama",2006,217131,1390.0,3033.0,29251,433.0
Alabama,Hoover city,"Hoover city, Alabama",2006,71832,,0.0,67679,702.0
Alabama,Huntsville city,"Huntsville city, Alabama",2006,166747,,853.0,46193,460.0
Alabama,Mobile city,"Mobile city, Alabama",2006,194822,2064.0,2004.0,37439,465.0
Alabama,Montgomery city,"Montgomery city, Alabama",2006,202443,,2733.0,40775,492.0
Alabama,Tuscaloosa city,"Tuscaloosa city, Alabama",2006,76589,,305.0,27358,443.0
Alaska,Anchorage municipality,"Anchorage municipality, Alaska",2006,278700,5599.0,4719.0,63656,864.0
Arizona,Avondale city,"Avondale city, Arizona",2006,59482,,697.0,55807,858.0
Arizona,Chandler city,"Chandler city, Arizona",2006,241064,5710.0,1270.0,68007,845.0
Arizona,Gilbert town,"Gilbert town, Arizona",2006,171494,4528.0,853.0,76376,961.0
Arizona,Glendale city,"Glendale city, Arizona",2006,236492,4155.0,1491.0,48455,629.0
Arizona,Mesa city,"Mesa city, Arizona",2006,493077,7608.0,1780.0,47810,674.0
Arizona,Peoria city,"Peoria city, Arizona",2006,150481,,462.0,65898,880.0
Arizona,Phoenix city,"Phoenix city, Arizona",2006,1429637,25657.0,9719.0,46645,669.0
Arizona,Scottsdale city,"Scottsdale city, Arizona",2006,222275,11306.0,820.0,69017,905.0
Arizona,Surprise city,"Surprise city, Arizona",2006,103402,,327.0,60198,925.0
Arizona,Tempe city,"Tempe city, Arizona",2006,159765,2537.0,891.0,42325,721.0
Arizona,Tucson city,"Tucson city, Arizona",2006,516084,8729.0,5405.0,36095,536.0
Arizona,Yuma city,"Yuma city, Arizona",2006,96120,,665.0,39885,548.0
Arkansas,Fayetteville city,"Fayetteville city, Arkansas",2006,63886,,308.0,41230,519.0
Arkansas,Fort Smith city,"Fort Smith city, Arkansas",2006,82233,,366.0,32701,411.0
Arkansas,Little Rock city,"Little Rock city, Arkansas",2006,187535,2380.0,1994.0,44586,541.0
California,Alameda city,"Alameda city, California",2006,70208,2914.0,535.0,67551,1012.0
California,Alhambra city,"Alhambra city, California",2006,81693,,493.0,49816,943.0
California,Anaheim city,"Anaheim city, California",2006,344141,4638.0,2616.0,55720,1060.0
California,Antioch city,"Antioch city, California",2006,98330,1247.0,979.0,66755,939.0
California,Apple Valley town,"Apple Valley town, California",2006,75075,,1047.0,46751,752.0
California,Arden-Arcade CDP,"Arden-Arcade CDP, California",2006,90212,,1651.0,44681,721.0
California,Bakersfield city,"Bakersfield city, California",2006,306137,3239.0,5587.0,51421,695.0
California,Baldwin Park city,"Baldwin Park city, California",2006,79476,,667.0,45401,886.0
California,Bellflower city,"Bellflower city, California",2006,82792,,1222.0,46442,899.0
California,Berkeley city,"Berkeley city, California",2006,106230,4562.0,305.0,51256,984.0
California,Buena Park city,"Buena Park city, California",2006,80238,,594.0,59725,1158.0
California,Burbank city,"Burbank city, California",2006,107648,1754.0,1512.0,55763,1056.0
California,Carlsbad city,"Carlsbad city, California",2006,95421,,163.0,83737,1401.0
California,Carson city,"Carson city, California",2006,87876,,248.0,60457,829.0
California,Chico city,"Chico city, California",2006,71728,,624.0,35866,749.0
California,Chino Hills city,"Chino Hills city, California",2006,77694,,356.0,100394,1555.0
California,Chino city,"Chino city, California",2006,74361,,260.0,70994,898.0
California,Chula Vista city,"Chula Vista city, California",2006,211253,3189.0,3235.0,56303,977.0
California,Citrus Heights city,"Citrus Heights city, California",2006,84751,,1442.0,54881,861.0
California,Clovis city,"Clovis city, California",2006,83083,,516.0,54045,737.0
California,Compton city,"Compton city, California",2006,98435,,2019.0,38682,713.0
California,Concord city,"Concord city, California",2006,121753,2433.0,1289.0,60221,1032.0
California,Corona city,"Corona city, California",2006,161998,,1154.0,72162,1155.0
California,Costa Mesa city,"Costa Mesa city, California",2006,105169,1855.0,235.0,61535,1235.0
California,Daly City city,"Daly City city, California",2006,100237,1256.0,147.0,66817,1119.0
California,Downey city,"Downey city, California",2006,114742,,390.0,60648,944.0
California,East Los Angeles CDP,"East Los Angeles CDP, California",2006,127442,,1622.0,35736,736.0
California,El Cajon city,"El Cajon city, California",2006,89277,,964.0,45651,876.0
California,El Monte city,"El Monte city, California",2006,113605,1388.0,1298.0,38021,868.0
California,Elk Grove city,"Elk Grove city, California",2006,146793,3560.0,689.0,77064,1248.0
California,Escondido city,"Escondido city, California",2006,140252,3321.0,1226.0,51595,906.0
California,Fairfield city,"Fairfield city, California",2006,108649,,853.0,63763,917.0
California,Florence-Graham CDP,"Florence-Graham CDP, California",2006,65346,,1857.0,31028,733.0
California,Folsom city,"Folsom city, California",2006,69687,,534.0,90435,1050.0
California,Fontana city,"Fontana city, California",2006,175548,2223.0,2500.0,60772,873.0
California,Fremont city,"Fremont city, California",2006,207356,4033.0,569.0,88335,1248.0
California,Fresno city,"Fresno city, California",2006,477468,5067.0,11746.0,40328,640.0
California,Fullerton city,"Fullerton city, California",2006,134851,,617.0,62124,1070.0
California,Garden Grove city,"Garden Grove city, California",2006,165450,,2244.0,59149,1129.0
California,Glendale city,"Glendale city, California",2006,192340,2406.0,2177.0,51308,989.0
California,Hawthorne city,"Hawthorne city, California",2006,90057,,1056.0,40045,861.0
California,Hayward city,"Hayward city, California",2006,129986,2753.0,1193.0,54258,1065.0
California,Hemet city,"Hemet city, California",2006,66676,,1643.0,31749,745.0
California,Hesperia city,"Hesperia city, California",2006,90534,,869.0,43018,748.0
California,Huntington Beach city,"Huntington Beach city, California",2006,187407,4229.0,1249.0,75896,1310.0
California,Indio city,"Indio city, California",2006,62300,,360.0,45143,694.0
California,Inglewood city,"Inglewood city, California",2006,129900,1496.0,1627.0,40188,832.0
California,Irvine city,"Irvine city, California",2006,182855,4840.0,560.0,84270,1633.0
California,Lake Forest city,"Lake Forest city, California",2006,74796,,253.0,91457,1571.0
California,Lakewood city,"Lakewood city, California",2006,89293,,637.0,71707,1130.0
California,Lancaster city,"Lancaster city, California",2006,139079,,3189.0,42252,833.0
California,Livermore city,"Livermore city, California",2006,74900,,319.0,87321,1089.0
California,Long Beach city,"Long Beach city, California",2006,466718,8418.0,8992.0,45906,852.0
California,Los Angeles city,"Los Angeles city, California",2006,3773846,81478.0,49711.0,44445,859.0
California,Lynwood city,"Lynwood city, California",2006,80147,,701.0,45381,816.0
California,Merced city,"Merced city, California",2006,73667,,1793.0,31790,660.0
California,Mission Viejo city,"Mission Viejo city, California",2006,97340,,210.0,93206,1481.0
California,Modesto city,"Modesto city, California",2006,204242,4128.0,3604.0,49413,753.0
California,Moreno Valley city,"Moreno Valley city, California",2006,179585,2036.0,1799.0,52426,925.0
California,Mountain View city,"Mountain View city, California",2006,71518,1566.0,216.0,80599,1220.0
California,Murrieta city,"Murrieta city, California",2006,90461,,167.0,75102,1093.0
California,Napa city,"Napa city, California",2006,77011,,551.0,61772,979.0
California,Newport Beach city,"Newport Beach city, California",2006,86820,,137.0,103068,1763.0
California,Norwalk city,"Norwalk city, California",2006,106692,891.0,841.0,59448,1078.0
California,Oakland city,"Oakland city, California",2006,377256,9307.0,7697.0,45552,880.0
California,Oceanside city,"Oceanside city, California",2006,164301,2086.0,724.0,58995,1142.0
California,Ontario city,"Ontario city, California",2006,155168,1585.0,1621.0,56688,950.0
California,Orange city,"Orange city, California",2006,133755,2526.0,1652.0,67915,1184.0
California,Oxnard city,"Oxnard city, California",2006,170858,1699.0,1574.0,57907,1069.0
California,Palmdale city,"Palmdale city, California",2006,143439,1859.0,2922.0,57861,803.0
California,Pasadena city,"Pasadena city, California",2006,144264,2484.0,1146.0,59301,994.0
California,Pleasanton city,"Pleasanton city, California",2006,73499,,145.0,105956,1292.0
California,Pomona city,"Pomona city, California",2006,153032,2478.0,1894.0,47127,881.0
California,Rancho Cucamonga city,"Rancho Cucamonga city, California",2006,158006,,895.0,75429,1219.0
California,Redding city,"Redding city, California",2006,89012,,1840.0,41682,598.0
California,Redlands city,"Redlands city, California",2006,73573,,997.0,63463,979.0
California,Redondo Beach city,"Redondo Beach city, California",2006,63738,,293.0,82744,1240.0
California,Redwood City city,"Redwood City city, California",2006,78122,2176.0,130.0,71628,1183.0
California,Rialto city,"Rialto city, California",2006,98769,,1641.0,45759,803.0
California,Richmond city,"Richmond city, California",2006,103022,2938.0,1367.0,49358,1009.0
California,Riverside city,"Riverside city, California",2006,311575,4493.0,2781.0,52023,901.0
California,Roseville city,"Roseville city, California",2006,113590,,490.0,71453,945.0
California,Sacramento city,"Sacramento city, California",2006,438246,7072.0,12847.0,46055,801.0
California,Salinas city,"Salinas city, California",2006,141112,1809.0,1340.0,46419,890.0
California,San Bernardino city,"San Bernardino city, California",2006,210061,4047.0,4346.0,36676,747.0
California,San Buenaventura (Ventura) city,"San Buenaventura (Ventura) city, California",2006,102454,,607.0,61925,1118.0
California,San Diego city,"San Diego city, California",2006,1261251,37037.0,9469.0,58815,1079.0
California,San Francisco city,"San Francisco city, California",2006,744041,29832.0,7406.0,65497,1128.0
California,San Jose city,"San Jose city, California",2006,916220,15857.0,5839.0,73804,1133.0
California,San Leandro city,"San Leandro city, California",2006,90236,1726.0,798.0,60959,905.0
California,San Marcos city,"San Marcos city, California",2006,77672,,302.0,65234,1109.0
California,San Mateo city,"San Mateo city, California",2006,90959,1288.0,511.0,73916,1331.0
California,Santa Ana city,"Santa Ana city, California",2006,351894,2657.0,5030.0,54050,1054.0
California,Santa Barbara city,"Santa Barbara city, California",2006,81305,3946.0,477.0,54476,1170.0
California,Santa Clara city,"Santa Clara city, California",2006,112098,2610.0,1485.0,80048,1174.0
California,Santa Clarita city,"Santa Clarita city, California",2006,158940,3588.0,655.0,75917,1228.0
California,Santa Maria city,"Santa Maria city, California",2006,85016,553.0,1194.0,42758,878.0
California,Santa Monica city,"Santa Monica city, California",2006,88244,,974.0,61423,1201.0
California,Santa Rosa city,"Santa Rosa city, California",2006,150188,3991.0,1172.0,56556,980.0
California,Simi Valley city,"Simi Valley city, California",2006,124653,2794.0,500.0,85369,1364.0
California,South Gate city,"South Gate city, California",2006,103378,,1610.0,42989,765.0
California,Stockton city,"Stockton city, California",2006,284418,3042.0,5937.0,45615,717.0
California,Sunnyvale city,"Sunnyvale city, California",2006,140516,2884.0,1333.0,79926,1161.0
California,Temecula city,"Temecula city, California",2006,79080,,119.0,71754,1148.0
California,Thousand Oaks city,"Thousand Oaks city, California",2006,127548,,168.0,92943,1500.0
California,Torrance city,"Torrance city, California",2006,142091,,564.0,68324,1153.0
California,Tracy city,"Tracy city, California",2006,88420,,501.0,76976,992.0
California,Turlock city,"Turlock city, California",2006,68568,,928.0,50748,720.0
California,Tustin city,"Tustin city, California",2006,61756,,141.0,76355,1321.0
California,Union City city,"Union City city, California",2006,62749,636.0,681.0,76223,1164.0
California,Upland city,"Upland city, California",2006,78432,,424.0,64894,981.0
California,Vacaville city,"Vacaville city, California",2006,87171,,495.0,62200,1019.0
California,Vallejo city,"Vallejo city, California",2006,116994,1613.0,2190.0,56325,938.0
California,Victorville city,"Victorville city, California",2006,100672,,1999.0,50531,878.0
California,Visalia city,"Visalia city, California",2006,114835,1593.0,1854.0,51870,645.0
California,Vista city,"Vista city, California",2006,95126,3031.0,178.0,50162,1087.0
California,West Covina city,"West Covina city, California",2006,112809,,859.0,66879,1034.0
California,Westminster city,"Westminster city, California",2006,95896,,521.0,62417,1138.0
California,Whittier city,"Whittier city, California",2006,100401,,384.0,58758,866.0
California,Yorba Linda city,"Yorba Linda city, California",2006,64226,,0.0,121075,1608.0
Colorado,Arvada city,"Arvada city, Colorado",2006,103277,,366.0,63172,693.0
Colorado,Aurora city,"Aurora city, Colorado",2006,298597,4563.0,1653.0,47471,659.0
Colorado,Boulder city,"Boulder city, Colorado",2006,92474,4329.0,488.0,47577,870.0
Colorado,Centennial city,"Centennial city, Colorado",2006,103000,,164.0,82463,1038.0
Colorado,Colorado Springs city,"Colorado Springs city, Colorado",2006,399452,9759.0,3139.0,50892,631.0
Colorado,Denver city,"Denver city, Colorado",2006,566974,13692.0,6292.0,40900,639.0
Colorado,Fort Collins city,"Fort Collins city, Colorado",2006,135481,3511.0,517.0,45846,651.0
Colorado,Greeley city,"Greeley city, Colorado",2006,93957,,626.0,40140,560.0
Colorado,Highlands Ranch CDP,"Highlands Ranch CDP, Colorado",2006,92924,2278.0,183.0,97627,973.0
Colorado,Lakewood city,"Lakewood city, Colorado",2006,144428,3042.0,864.0,49467,686.0
Colorado,Longmont city,"Longmont city, Colorado",2006,84880,2413.0,1422.0,57060,762.0
Colorado,Pueblo city,"Pueblo city, Colorado",2006,103937,,1962.0,30246,487.0
Colorado,Thornton city,"Thornton city, Colorado",2006,111323,,494.0,58042,816.0
Colorado,Westminster city,"Westminster city, Colorado",2006,104001,1709.0,627.0,57959,722.0
Connecticut,Bridgeport city,"Bridgeport city, Connecticut",2006,136282,1220.0,1985.0,35736,765.0
Connecticut,Danbury city,"Danbury city, Connecticut",2006,78155,,588.0,68794,964.0
Connecticut,Hartford city,"Hartford city, Connecticut",2006,119977,1412.0,3549.0,29293,604.0
Connecticut,New Britain city,"New Britain city, Connecticut",2006,71432,,1219.0,40270,623.0
Connecticut,New Haven city,"New Haven city, Connecticut",2006,127288,1132.0,2934.0,36428,761.0
Connecticut,Norwalk city,"Norwalk city, Connecticut",2006,78141,1797.0,821.0,64895,958.0
Connecticut,Stamford city,"Stamford city, Connecticut",2006,118029,2723.0,755.0,71030,1206.0
Connecticut,Waterbury city,"Waterbury city, Connecticut",2006,104341,,1746.0,37673,643.0
Delaware,Wilmington city,"Wilmington city, Delaware",2006,63752,,1263.0,35768,678.0
District of Columbia,Washington city,"Washington city, District of Columbia",2006,581530,11498.0,9908.0,51847,822.0
Florida,Boca Raton city,"Boca Raton city, Florida",2006,74623,,49.0,66052,1138.0
Florida,Boynton Beach city,"Boynton Beach city, Florida",2006,63267,,466.0,42562,940.0
Florida,Brandon CDP,"Brandon CDP, Florida",2006,88657,,384.0,56128,832.0
Florida,Cape Coral city,"Cape Coral city, Florida",2006,148246,,1202.0,54026,984.0
Florida,Clearwater city,"Clearwater city, Florida",2006,115498,2137.0,181.0,37868,714.0
Florida,Coral Springs city,"Coral Springs city, Florida",2006,138021,,246.0,69808,1075.0
Florida,Davie town,"Davie town, Florida",2006,83422,,707.0,56733,875.0
Florida,Deerfield Beach city,"Deerfield Beach city, Florida",2006,82272,,453.0,43336,963.0
Florida,Deltona city,"Deltona city, Florida",2006,82354,,213.0,44365,900.0
Florida,Fort Lauderdale city,"Fort Lauderdale city, Florida",2006,174107,3547.0,1098.0,48759,783.0
Florida,Gainesville city,"Gainesville city, Florida",2006,105714,2344.0,313.0,28577,627.0
Florida,Hialeah city,"Hialeah city, Florida",2006,209971,4362.0,3231.0,30325,722.0
Florida,Hollywood city,"Hollywood city, Florida",2006,144092,2858.0,999.0,44883,795.0
Florida,Jacksonville city,"Jacksonville city, Florida",2006,799875,14706.0,3683.0,45285,638.0
Florida,Kendall CDP,"Kendall CDP, Florida",2006,78524,,275.0,55921,997.0
Florida,Lakeland city,"Lakeland city, Florida",2006,100502,,539.0,37870,645.0
Florida,Largo city,"Largo city, Florida",2006,75801,,446.0,36679,687.0
Florida,Lehigh Acres CDP,"Lehigh Acres CDP, Florida",2006,67863,,274.0,46008,867.0
Florida,Melbourne city,"Melbourne city, Florida",2006,76447,,716.0,36061,710.0
Florida,Miami Beach city,"Miami Beach city, Florida",2006,84880,2624.0,422.0,44739,863.0
Florida,Miami Gardens city,"Miami Gardens city, Florida",2006,90741,,978.0,33872,714.0
Florida,Miami city,"Miami city, Florida",2006,358091,2769.0,2903.0,27088,670.0
Florida,Miramar city,"Miramar city, Florida",2006,111881,,514.0,61361,1125.0
Florida,Orlando city,"Orlando city, Florida",2006,220268,3978.0,1728.0,42036,785.0
Florida,Palm Bay city,"Palm Bay city, Florida",2006,93419,,659.0,44843,704.0
Florida,Palm Coast city,"Palm Coast city, Florida",2006,58632,,131.0,48545,811.0
Florida,Pembroke Pines city,"Pembroke Pines city, Florida",2006,154942,,457.0,60740,1103.0
Florida,Plantation city,"Plantation city, Florida",2006,78287,,196.0,63499,1017.0
Florida,Pompano Beach city,"Pompano Beach city, Florida",2006,105941,,403.0,42409,838.0
Florida,Port St. Lucie city,"Port St. Lucie city, Florida",2006,140127,,687.0,52025,1011.0
Florida,Spring Hill CDP,"Spring Hill CDP, Florida",2006,94552,,318.0,43035,723.0
Florida,St. Petersburg city,"St. Petersburg city, Florida",2006,261073,5108.0,1785.0,41639,642.0
Florida,Sunrise city,"Sunrise city, Florida",2006,84887,,427.0,48877,995.0
Florida,Tallahassee city,"Tallahassee city, Florida",2006,154062,908.0,633.0,34303,625.0
Florida,Tampa city,"Tampa city, Florida",2006,322428,6493.0,2554.0,39602,659.0
Florida,Town 'n' Country CDP,"Town 'n' Country CDP, Florida",2006,70224,,487.0,45901,766.0
Florida,West Palm Beach city,"West Palm Beach city, Florida",2006,92686,931.0,1176.0,45250,823.0
Florida,Weston city,"Weston city, Florida",2006,68421,,0.0,91596,1468.0
Georgia,Albany city,"Albany city, Georgia",2006,77730,,595.0,30342,418.0
Georgia,Athens-Clarke County (balance),"Athens-Clarke County (balance), Georgia",2006,111290,1389.0,616.0,30397,545.0
Georgia,Atlanta city,"Atlanta city, Georgia",2006,442887,10435.0,3317.0,41612,665.0
Georgia,Augusta-Richmond County (balance),"Augusta-Richmond County (balance), Georgia",2006,187140,2586.0,1511.0,34404,489.0
Georgia,Columbus city,"Columbus city, Georgia",2006,188660,15558.0,1428.0,41164,526.0
Georgia,Macon city,"Macon city, Georgia",2006,91682,,1449.0,29510,443.0
Georgia,Roswell city,"Roswell city, Georgia",2006,88465,,0.0,78817,736.0
Georgia,Sandy Springs city,"Sandy Springs city, Georgia",2006,97898,,352.0,69492,760.0
Georgia,Savannah city,"Savannah city, Georgia",2006,128418,944.0,1051.0,29883,557.0
Hawaii,Honolulu CDP,"Honolulu CDP, Hawaii",2006,364522,7112.0,4514.0,54720,935.0
Idaho,Boise City city,"Boise City city, Idaho",2006,204027,3718.0,2730.0,49692,612.0
Idaho,Nampa city,"Nampa city, Idaho",2006,69536,,409.0,39955,581.0
Illinois,Arlington Heights village,"Arlington Heights village, Illinois",2006,74320,,336.0,71366,916.0
Illinois,Aurora city,"Aurora city, Illinois",2006,182702,2065.0,710.0,56566,838.0
Illinois,Bloomington city,"Bloomington city, Illinois",2006,68272,,168.0,50871,560.0
Illinois,Bolingbrook village,"Bolingbrook village, Illinois",2006,74323,,463.0,71711,828.0
Illinois,Champaign city,"Champaign city, Illinois",2006,72415,,423.0,38233,582.0
Illinois,Chicago city,"Chicago city, Illinois",2006,2749283,43064.0,31811.0,43223,696.0
Illinois,Cicero town,"Cicero town, Illinois",2006,80976,,1263.0,39613,627.0
Illinois,Decatur city,"Decatur city, Illinois",2006,77669,,1021.0,34877,439.0
Illinois,Elgin city,"Elgin city, Illinois",2006,99430,,248.0,51436,735.0
Illinois,Evanston city,"Evanston city, Illinois",2006,68315,2488.0,344.0,62138,907.0
Illinois,Joliet city,"Joliet city, Illinois",2006,144158,,878.0,59319,633.0
Illinois,Naperville city,"Naperville city, Illinois",2006,139155,,225.0,97077,875.0
Illinois,Palatine village,"Palatine village, Illinois",2006,65683,,250.0,75967,846.0
Illinois,Peoria city,"Peoria city, Illinois",2006,111983,,2041.0,41494,508.0
Illinois,Rockford city,"Rockford city, Illinois",2006,149914,,1726.0,34561,482.0
Illinois,Schaumburg village,"Schaumburg village, Illinois",2006,77044,,124.0,65089,964.0
Illinois,Skokie village,"Skokie village, Illinois",2006,73921,1514.0,631.0,64697,886.0
Illinois,Springfield city,"Springfield city, Illinois",2006,108160,,1022.0,45926,498.0
Illinois,Waukegan city,"Waukegan city, Illinois",2006,88486,,496.0,46564,654.0
Indiana,Bloomington city,"Bloomington city, Indiana",2006,66295,,254.0,32263,585.0
Indiana,Evansville city,"Evansville city, Indiana",2006,117232,,2290.0,31935,439.0
Indiana,Fort Wayne city,"Fort Wayne city, Indiana",2006,252121,2857.0,3466.0,40439,471.0
Indiana,Gary city,"Gary city, Indiana",2006,85444,,3842.0,27552,505.0
Indiana,Hammond city,"Hammond city, Indiana",2006,80344,,985.0,39449,577.0
Indiana,Indianapolis city (balance),"Indianapolis city (balance), Indiana",2006,789306,11789.0,11264.0,41520,550.0
Indiana,Muncie city,"Muncie city, Indiana",2006,61683,,797.0,25859,463.0
Indiana,South Bend city,"South Bend city, Indiana",2006,100435,1452.0,1451.0,35615,559.0
Iowa,Cedar Rapids city,"Cedar Rapids city, Iowa",2006,123944,1310.0,1502.0,42510,510.0
Iowa,Davenport city,"Davenport city, Iowa",2006,97558,,1362.0,40378,502.0
Iowa,Des Moines city,"Des Moines city, Iowa",2006,196857,2374.0,2653.0,41651,550.0
Iowa,Sioux City city,"Sioux City city, Iowa",2006,81456,,869.0,40366,465.0
Iowa,Waterloo city,"Waterloo city, Iowa",2006,66416,,1104.0,37195,471.0
Kansas,Kansas City city,"Kansas City city, Kansas",2006,142266,859.0,2712.0,35777,512.0
Kansas,Lawrence city,"Lawrence city, Kansas",2006,88587,1353.0,263.0,41321,623.0
Kansas,Olathe city,"Olathe city, Kansas",2006,115157,,645.0,70728,586.0
Kansas,Overland Park city,"Overland Park city, Kansas",2006,163578,,567.0,68404,739.0
Kansas,Topeka city,"Topeka city, Kansas",2006,116296,1152.0,2409.0,36071,441.0
Kansas,Wichita city,"Wichita city, Kansas",2006,356995,6209.0,6219.0,41089,454.0
Kentucky,Lexington-Fayette,"Lexington-Fayette, Kentucky",2006,270789,4459.0,2132.0,44211,538.0
Kentucky,Louisville/Jefferson County (balance),"Louisville/Jefferson County (balance), Kentucky",2006,559526,6232.0,5836.0,41705,494.0
Louisiana,Baton Rouge city,"Baton Rouge city, Louisiana",2006,224959,2959.0,2046.0,36195,502.0
Louisiana,Kenner city,"Kenner city, Louisiana",2006,62764,,1309.0,45974,636.0
Louisiana,Lafayette city,"Lafayette city, Louisiana",2006,115860,1750.0,553.0,44304,486.0
Louisiana,Lake Charles city,"Lake Charles city, Louisiana",2006,71741,,947.0,33048,414.0
Louisiana,Metairie CDP,"Metairie CDP, Louisiana",2006,125027,1617.0,2570.0,46757,622.0
Louisiana,New Orleans city,"New Orleans city, Louisiana",2006,223388,3291.0,3079.0,35859,675.0
Louisiana,Shreveport city,"Shreveport city, Louisiana",2006,203914,1040.0,1593.0,31776,460.0
Maryland,Baltimore city,"Baltimore city, Maryland",2006,631366,5946.0,15600.0,36031,595.0
Maryland,Columbia CDP,"Columbia CDP, Maryland",2006,87736,,392.0,88307,1164.0
Maryland,Silver Spring CDP,"Silver Spring CDP, Maryland",2006,73492,1476.0,390.0,61649,1023.0
Massachusetts,Boston city,"Boston city, Massachusetts",2006,575187,8871.0,10481.0,47974,967.0
Massachusetts,Brockton city,"Brockton city, Massachusetts",2006,94634,383.0,1206.0,46343,805.0
Massachusetts,Cambridge city,"Cambridge city, Massachusetts",2006,89804,2929.0,280.0,51625,1221.0
Massachusetts,Fall River city,"Fall River city, Massachusetts",2006,91867,,2533.0,33378,504.0
Massachusetts,Framingham CDP,"Framingham CDP, Massachusetts",2006,66173,876.0,747.0,58207,975.0
Massachusetts,Lawrence city,"Lawrence city, Massachusetts",2006,69942,130.0,1521.0,26780,705.0
Massachusetts,Lowell city,"Lowell city, Massachusetts",2006,90897,,1620.0,44958,800.0
Massachusetts,Lynn city,"Lynn city, Massachusetts",2006,85343,894.0,1209.0,37459,782.0
Massachusetts,New Bedford city,"New Bedford city, Massachusetts",2006,98578,,2332.0,33203,536.0
Massachusetts,Newton city,"Newton city, Massachusetts",2006,89918,3399.0,707.0,101001,1308.0
Massachusetts,Quincy city,"Quincy city, Massachusetts",2006,86627,1192.0,483.0,56636,1016.0
Massachusetts,Somerville city,"Somerville city, Massachusetts",2006,65219,1021.0,521.0,56366,1058.0
Massachusetts,Springfield city,"Springfield city, Massachusetts",2006,150433,,4020.0,31046,536.0
Massachusetts,Worcester city,"Worcester city, Massachusetts",2006,166199,2449.0,2222.0,43779,675.0
Michigan,Ann Arbor city,"Ann Arbor city, Michigan",2006,112371,3850.0,304.0,50160,848.0
Michigan,Canton CDP,"Canton CDP, Michigan",2006,92284,,379.0,77840,791.0
Michigan,Clinton CDP,"Clinton CDP, Michigan",2006,90404,,1350.0,46883,622.0
Michigan,Dearborn city,"Dearborn city, Michigan",2006,101232,,1340.0,47049,633.0
Michigan,Detroit city,"Detroit city, Michigan",2006,834116,6803.0,26907.0,28364,520.0
Michigan,Farmington Hills city,"Farmington Hills city, Michigan",2006,84190,,384.0,65672,791.0
Michigan,Flint city,"Flint city, Michigan",2006,112524,1646.0,4210.0,27891,440.0
Michigan,Grand Rapids city,"Grand Rapids city, Michigan",2006,184369,3099.0,3854.0,34692,541.0
Michigan,Kalamazoo city,"Kalamazoo city, Michigan",2006,68290,,1626.0,27494,532.0
Michigan,Lansing city,"Lansing city, Michigan",2006,110990,668.0,2258.0,34066,546.0
Michigan,Livonia city,"Livonia city, Michigan",2006,99304,,269.0,71593,689.0
Michigan,Pontiac city,"Pontiac city, Michigan",2006,69394,,1357.0,33701,596.0
Michigan,Rochester Hills city,"Rochester Hills city, Michigan",2006,74884,,325.0,78878,867.0
Michigan,Shelby CDP,"Shelby CDP, Michigan",2006,74140,,480.0,65842,691.0
Michigan,Southfield city,"Southfield city, Michigan",2006,70808,,568.0,50761,785.0
Michigan,Sterling Heights city,"Sterling Heights city, Michigan",2006,133986,,610.0,61278,641.0
Michigan,Troy city,"Troy city, Michigan",2006,80125,,196.0,90187,827.0
Michigan,Warren city,"Warren city, Michigan",2006,131905,,1540.0,43799,604.0
Michigan,Waterford CDP,"Waterford CDP, Michigan",2006,68258,,368.0,56279,580.0
Michigan,West Bloomfield Township CDP,"West Bloomfield Township CDP, Michigan",2006,69048,,97.0,94179,1117.0
Michigan,Westland city,"Westland city, Michigan",2006,87489,,648.0,45218,658.0
Michigan,Wyoming city,"Wyoming city, Michigan",2006,75870,,568.0,43793,608.0
Minnesota,Bloomington city,"Bloomington city, Minnesota",2006,81152,2673.0,404.0,59496,778.0
Minnesota,Brooklyn Park city,"Brooklyn Park city, Minnesota",2006,73367,,639.0,60701,711.0
Minnesota,Duluth city,"Duluth city, Minnesota",2006,86884,1522.0,1357.0,41858,616.0
Minnesota,Minneapolis city,"Minneapolis city, Minnesota",2006,369051,8623.0,9313.0,43369,672.0
Minnesota,Plymouth city,"Plymouth city, Minnesota",2006,68983,,372.0,82288,859.0
Minnesota,Rochester city,"Rochester city, Minnesota",2006,96658,1239.0,1552.0,58096,569.0
Minnesota,St. Cloud city,"St. Cloud city, Minnesota",2006,62113,,1018.0,38351,570.0
Minnesota,St. Paul city,"St. Paul city, Minnesota",2006,272217,6611.0,8295.0,43654,673.0
Mississippi,Gulfport city,"Gulfport city, Mississippi",2006,68052,,1801.0,35686,605.0
Mississippi,Jackson city,"Jackson city, Mississippi",2006,176227,1832.0,1648.0,31587,509.0
Missouri,Columbia city,"Columbia city, Missouri",2006,92935,,843.0,38260,529.0
Missouri,Independence city,"Independence city, Missouri",2006,119158,,1271.0,40960,525.0
Missouri,Kansas City city,"Kansas City city, Missouri",2006,432773,5654.0,4621.0,40920,530.0
Missouri,Lee's Summit city,"Lee's Summit city, Missouri",2006,86796,,246.0,66475,722.0
Missouri,O'Fallon city,"O'Fallon city, Missouri",2006,67818,,252.0,69578,690.0
Missouri,Springfield city,"Springfield city, Missouri",2006,148793,2371.0,674.0,32059,446.0
Missouri,St. Joseph city,"St. Joseph city, Missouri",2006,74059,,630.0,39450,417.0
Missouri,St. Louis city,"St. Louis city, Missouri",2006,347181,2703.0,5161.0,30936,444.0
Montana,Billings city,"Billings city, Montana",2006,99527,1551.0,662.0,40923,498.0
Nebraska,Lincoln city,"Lincoln city, Nebraska",2006,238302,4849.0,2486.0,45982,524.0
Nebraska,Omaha city,"Omaha city, Nebraska",2006,382776,5216.0,5016.0,42321,553.0
Nevada,Enterprise CDP,"Enterprise CDP, Nevada",2006,77306,,215.0,70846,1162.0
Nevada,Henderson city,"Henderson city, Nevada",2006,228614,4157.0,841.0,63814,952.0
Nevada,Las Vegas city,"Las Vegas city, Nevada",2006,569753,7252.0,3950.0,53000,784.0
Nevada,North Las Vegas city,"North Las Vegas city, Nevada",2006,190291,1345.0,1162.0,57242,825.0
Nevada,Paradise CDP,"Paradise CDP, Nevada",2006,197622,2550.0,1814.0,44563,749.0
Nevada,Reno city,"Reno city, Nevada",2006,205327,3648.0,1981.0,45122,702.0
Nevada,Sparks city,"Sparks city, Nevada",2006,84723,1290.0,509.0,55490,778.0
Nevada,Spring Valley CDP,"Spring Valley CDP, Nevada",2006,149848,2553.0,701.0,53565,917.0
Nevada,Sunrise Manor CDP,"Sunrise Manor CDP, Nevada",2006,184739,1546.0,1515.0,46004,752.0
New Hampshire,Manchester city,"Manchester city, New Hampshire",2006,108720,,1317.0,55314,808.0
New Hampshire,Nashua city,"Nashua city, New Hampshire",2006,89681,,722.0,62303,895.0
New Jersey,Camden city,"Camden city, New Jersey",2006,73838,,3044.0,25961,527.0
New Jersey,Clifton city,"Clifton city, New Jersey",2006,79349,,214.0,51756,914.0
New Jersey,East Orange city,"East Orange city, New Jersey",2006,64060,,1177.0,32206,732.0
New Jersey,Edison CDP,"Edison CDP, New Jersey",2006,100724,993.0,148.0,76604,1081.0
New Jersey,Elizabeth city,"Elizabeth city, New Jersey",2006,129337,1154.0,1711.0,42412,810.0
New Jersey,Jersey City city,"Jersey City city, New Jersey",2006,242845,2871.0,4408.0,43426,829.0
New Jersey,Newark city,"Newark city, New Jersey",2006,266736,1550.0,7228.0,34521,691.0
New Jersey,Passaic city,"Passaic city, New Jersey",2006,56665,,341.0,28918,765.0
New Jersey,Paterson city,"Paterson city, New Jersey",2006,149426,,2187.0,31723,826.0
New Jersey,Toms River CDP,"Toms River CDP, New Jersey",2006,94150,,489.0,67406,966.0
New Jersey,Trenton city,"Trenton city, New Jersey",2006,83581,,1920.0,32548,706.0
New Jersey,Union City city,"Union City city, New Jersey",2006,67556,340.0,453.0,39388,832.0
New Mexico,Albuquerque city,"Albuquerque city, New Mexico",2006,493438,8052.0,4101.0,43021,568.0
New Mexico,Las Cruces city,"Las Cruces city, New Mexico",2006,89162,,523.0,36818,503.0
New Mexico,Rio Rancho city,"Rio Rancho city, New Mexico",2006,72646,,626.0,56914,744.0
New Mexico,Santa Fe city,"Santa Fe city, New Mexico",2006,62876,,567.0,46584,792.0
New York,Albany city,"Albany city, New York",2006,88855,941.0,1520.0,40532,603.0
New York,Buffalo city,"Buffalo city, New York",2006,257758,2704.0,7507.0,27850,423.0
New York,Cheektowaga CDP,"Cheektowaga CDP, New York",2006,75279,,423.0,41761,541.0
New York,Mount Vernon city,"Mount Vernon city, New York",2006,71188,628.0,1092.0,51656,948.0
New York,New Rochelle city,"New Rochelle city, New York",2006,72735,2021.0,738.0,58141,1017.0
New York,New York city,"New York city, New York",2006,8214426,142346.0,127345.0,46480,860.0
New York,Rochester city,"Rochester city, New York",2006,204963,1701.0,8098.0,27407,544.0
New York,Syracuse city,"Syracuse city, New York",2006,139131,,3894.0,26464,489.0
New York,Yonkers city,"Yonkers city, New York",2006,198871,2042.0,5836.0,51592,879.0
North Carolina,Asheville city,"Asheville city, North Carolina",2006,83019,,760.0,36389,602.0
North Carolina,Cary town,"Cary town, North Carolina",2006,111337,,205.0,80986,705.0
North Carolina,Charlotte city,"Charlotte city, North Carolina",2006,648387,13387.0,3802.0,48670,627.0
North Carolina,Durham city,"Durham city, North Carolina",2006,201204,3581.0,904.0,43624,638.0
North Carolina,Fayetteville city,"Fayetteville city, North Carolina",2006,164261,1710.0,1375.0,40757,556.0
North Carolina,Gastonia city,"Gastonia city, North Carolina",2006,70447,,452.0,41232,515.0
North Carolina,Greensboro city,"Greensboro city, North Carolina",2006,230026,2836.0,1379.0,37947,588.0
North Carolina,Greenville city,"Greenville city, North Carolina",2006,71211,,392.0,32117,502.0
North Carolina,High Point city,"High Point city, North Carolina",2006,92275,,1219.0,41238,480.0
North Carolina,Jacksonville city,"Jacksonville city, North Carolina",2006,67280,3018.0,404.0,42002,575.0
North Carolina,Raleigh city,"Raleigh city, North Carolina",2006,346358,8985.0,1525.0,51123,631.0
North Carolina,Wilmington city,"Wilmington city, North Carolina",2006,95518,1929.0,985.0,32229,622.0
North Carolina,Winston-Salem city,"Winston-Salem city, North Carolina",2006,196406,2100.0,2080.0,38594,489.0
North Dakota,Fargo city,"Fargo city, North Dakota",2006,90193,,512.0,40115,512.0
Ohio,Akron city,"Akron city, Ohio",2006,197950,1569.0,3601.0,31566,495.0
Ohio,Canton city,"Canton city, Ohio",2006,76096,,1414.0,26912,401.0
Ohio,Cincinnati city,"Cincinnati city, Ohio",2006,302616,3504.0,4968.0,31103,464.0
Ohio,Cleveland city,"Cleveland city, Ohio",2006,406427,2456.0,11090.0,26535,457.0
Ohio,Columbus city,"Columbus city, Ohio",2006,718477,10020.0,9733.0,40074,563.0
Ohio,Dayton city,"Dayton city, Ohio",2006,151153,,4318.0,28630,422.0
Ohio,Lorain city,"Lorain city, Ohio",2006,70881,,1991.0,37670,507.0
Ohio,Parma city,"Parma city, Ohio",2006,84925,,506.0,47679,562.0
Ohio,Toledo city,"Toledo city, Ohio",2006,292584,2874.0,6129.0,33691,454.0
Ohio,Youngstown city,"Youngstown city, Ohio",2006,70459,,2150.0,21850,355.0
Oklahoma,Broken Arrow city,"Broken Arrow city, Oklahoma",2006,92098,,363.0,60422,597.0
Oklahoma,Edmond city,"Edmond city, Oklahoma",2006,76673,,555.0,62635,566.0
Oklahoma,Lawton city,"Lawton city, Oklahoma",2006,90851,,1167.0,37297,434.0
Oklahoma,Norman city,"Norman city, Oklahoma",2006,97288,,1991.0,39391,525.0
Oklahoma,Oklahoma City city,"Oklahoma City city, Oklahoma",2006,543524,9903.0,7809.0,39024,476.0
Oklahoma,Tulsa city,"Tulsa city, Oklahoma",2006,381780,7468.0,7162.0,36137,489.0
Oregon,Beaverton city,"Beaverton city, Oregon",2006,80758,1589.0,422.0,53563,671.0
Oregon,Bend city,"Bend city, Oregon",2006,70853,,315.0,50827,726.0
Oregon,Eugene city,"Eugene city, Oregon",2006,145374,3019.0,1430.0,40499,640.0
Oregon,Gresham city,"Gresham city, Oregon",2006,98025,1119.0,2068.0,44782,632.0
Oregon,Hillsboro city,"Hillsboro city, Oregon",2006,90754,1267.0,523.0,54705,755.0
Oregon,Medford city,"Medford city, Oregon",2006,74090,,937.0,41029,628.0
Oregon,Portland city,"Portland city, Oregon",2006,539950,16758.0,7295.0,44273,642.0
Oregon,Salem city,"Salem city, Oregon",2006,148311,2513.0,1889.0,42358,538.0
Pennsylvania,Allentown city,"Allentown city, Pennsylvania",2006,113127,967.0,2228.0,34834,648.0
Pennsylvania,Bethlehem city,"Bethlehem city, Pennsylvania",2006,72535,,1146.0,39249,622.0
Pennsylvania,Erie city,"Erie city, Pennsylvania",2006,105725,,2236.0,31196,420.0
Pennsylvania,Philadelphia city,"Philadelphia city, Pennsylvania",2006,1448394,12995.0,41720.0,33229,608.0
Pennsylvania,Pittsburgh city,"Pittsburgh city, Pennsylvania",2006,297061,3203.0,6189.0,31779,511.0
Pennsylvania,Reading city,"Reading city, Pennsylvania",2006,83463,590.0,3433.0,30270,488.0
Pennsylvania,Scranton city,"Scranton city, Pennsylvania",2006,72313,,1758.0,31090,427.0
Rhode Island,Cranston city,"Cranston city, Rhode Island",2006,74127,,238.0,51227,749.0
Rhode Island,Pawtucket city,"Pawtucket city, Rhode Island",2006,76396,,971.0,42931,701.0
Rhode Island,Providence city,"Providence city, Rhode Island",2006,170435,1890.0,5614.0,32803,704.0
Rhode Island,Warwick city,"Warwick city, Rhode Island",2006,82178,,569.0,57286,919.0
South Carolina,Charleston city,"Charleston city, South Carolina",2006,99997,1241.0,704.0,43224,670.0
South Carolina,Columbia city,"Columbia city, South Carolina",2006,115575,12794.0,1091.0,40238,543.0
South Carolina,North Charleston city,"North Charleston city, South Carolina",2006,89638,955.0,724.0,33640,588.0
South Dakota,Sioux Falls city,"Sioux Falls city, South Dakota",2006,141074,2191.0,1200.0,48220,574.0
Tennessee,Chattanooga city,"Chattanooga city, Tennessee",2006,151944,1638.0,2742.0,36981,509.0
Tennessee,Clarksville city,"Clarksville city, Tennessee",2006,111317,,801.0,46452,568.0
Tennessee,Knoxville city,"Knoxville city, Tennessee",2006,175027,2792.0,3148.0,30239,475.0
Tennessee,Memphis city,"Memphis city, Tennessee",2006,643122,5310.0,12866.0,32594,515.0
Tennessee,Murfreesboro city,"Murfreesboro city, Tennessee",2006,92182,,149.0,40280,629.0
Tennessee,Nashville-Davidson (balance),"Nashville-Davidson (balance), Tennessee",2006,553988,8683.0,8752.0,41194,596.0
Texas,Abilene city,"Abilene city, Texas",2006,110142,,645.0,37578,476.0
Texas,Allen city,"Allen city, Texas",2006,69441,,265.0,85986,836.0
Texas,Amarillo city,"Amarillo city, Texas",2006,188798,1769.0,1225.0,39077,501.0
Texas,Arlington city,"Arlington city, Texas",2006,357370,6533.0,2419.0,50582,596.0
Texas,Austin city,"Austin city, Texas",2006,717100,19243.0,3326.0,47212,674.0
Texas,Baytown city,"Baytown city, Texas",2006,73491,,543.0,42159,544.0
Texas,Beaumont city,"Beaumont city, Texas",2006,117410,,1521.0,37859,446.0
Texas,Brownsville city,"Brownsville city, Texas",2006,177112,1477.0,2360.0,26017,375.0
Texas,Bryan city,"Bryan city, Texas",2006,66069,,1041.0,36837,515.0
Texas,Carrollton city,"Carrollton city, Texas",2006,122269,,453.0,68589,689.0
Texas,College Station city,"College Station city, Texas",2006,73782,,71.0,26713,557.0
Texas,Corpus Christi city,"Corpus Christi city, Texas",2006,285175,3241.0,1342.0,36245,535.0
Texas,Dallas city,"Dallas city, Texas",2006,1192538,18366.0,6181.0,38276,595.0
Texas,Denton city,"Denton city, Texas",2006,93058,,378.0,44668,600.0
Texas,Edinburg city,"Edinburg city, Texas",2006,68430,,1151.0,29239,435.0
Texas,El Paso city,"El Paso city, Texas",2006,596189,5484.0,4052.0,33103,459.0
Texas,Flower Mound town,"Flower Mound town, Texas",2006,67293,,71.0,101452,1341.0
Texas,Fort Worth city,"Fort Worth city, Texas",2006,637178,10468.0,4055.0,45276,556.0
Texas,Frisco city,"Frisco city, Texas",2006,88388,,385.0,95591,892.0
Texas,Garland city,"Garland city, Texas",2006,240876,2760.0,1563.0,50682,678.0
Texas,Grand Prairie city,"Grand Prairie city, Texas",2006,155593,,650.0,50181,636.0
Texas,Houston city,"Houston city, Texas",2006,2074828,29963.0,12084.0,39682,592.0
Texas,Irving city,"Irving city, Texas",2006,205920,2846.0,973.0,44740,639.0
Texas,Killeen city,"Killeen city, Texas",2006,95874,,502.0,41153,564.0
Texas,Laredo city,"Laredo city, Texas",2006,217559,2187.0,1900.0,34233,450.0
Texas,League City city,"League City city, Texas",2006,67108,,52.0,76006,685.0
Texas,Lewisville city,"Lewisville city, Texas",2006,84219,,274.0,46945,687.0
Texas,Longview city,"Longview city, Texas",2006,79294,,226.0,37908,499.0
Texas,Lubbock city,"Lubbock city, Texas",2006,210178,3514.0,1569.0,36326,526.0
Texas,McAllen city,"McAllen city, Texas",2006,130831,,583.0,37310,465.0
Texas,McKinney city,"McKinney city, Texas",2006,110123,,385.0,69232,748.0
Texas,Mesquite city,"Mesquite city, Texas",2006,137653,,407.0,50134,662.0
Texas,Midland city,"Midland city, Texas",2006,100731,,437.0,44828,458.0
Texas,Missouri City city,"Missouri City city, Texas",2006,62436,,286.0,79132,1196.0
Texas,Odessa city,"Odessa city, Texas",2006,99459,,685.0,41769,417.0
Texas,Pasadena city,"Pasadena city, Texas",2006,147333,1292.0,1112.0,39008,540.0
Texas,Pearland city,"Pearland city, Texas",2006,65006,,102.0,75962,725.0
Texas,Plano city,"Plano city, Texas",2006,266021,8707.0,467.0,77038,747.0
Texas,Richardson city,"Richardson city, Texas",2006,97191,2311.0,164.0,62061,756.0
Texas,Round Rock city,"Round Rock city, Texas",2006,80922,,0.0,70305,741.0
Texas,San Angelo city,"San Angelo city, Texas",2006,91315,,581.0,33876,488.0
Texas,San Antonio city,"San Antonio city, Texas",2006,1273374,14301.0,7144.0,40650,564.0
Texas,Sugar Land city,"Sugar Land city, Texas",2006,72140,,124.0,95330,936.0
Texas,The Woodlands CDP,"The Woodlands CDP, Texas",2006,64418,,554.0,78006,783.0
Texas,Tyler city,"Tyler city, Texas",2006,93717,1255.0,348.0,37981,550.0
Texas,Waco city,"Waco city, Texas",2006,119394,,941.0,28745,498.0
Texas,Wichita Falls city,"Wichita Falls city, Texas",2006,97252,,1067.0,33788,471.0
Utah,Ogden city,"Ogden city, Utah",2006,80926,658.0,976.0,36462,481.0
Utah,Orem city,"Orem city, Utah",2006,85991,,424.0,44885,603.0
Utah,Provo city,"Provo city, Utah",2006,114822,2431.0,631.0,34211,557.0
Utah,Salt Lake City city,"Salt Lake City city, Utah",2006,180298,3063.0,2146.0,41710,580.0
Utah,Sandy city,"Sandy city, Utah",2006,90876,3626.0,151.0,68708,749.0
Utah,St. George city,"St. George city, Utah",2006,70951,,211.0,43512,766.0
Utah,West Jordan city,"West Jordan city, Utah",2006,94589,,379.0,62591,723.0
Utah,West Valley City city,"West Valley City city, Utah",2006,117506,1304.0,960.0,46817,613.0
Virginia,Alexandria city,"Alexandria city, Virginia",2006,136974,2928.0,192.0,80449,1156.0
Virginia,Arlington CDP,"Arlington CDP, Virginia",2006,199776,6387.0,602.0,87350,1224.0
Virginia,Chesapeake city,"Chesapeake city, Virginia",2006,220560,2230.0,1220.0,62126,714.0
Virginia,Dale City CDP,"Dale City CDP, Virginia",2006,63616,,78.0,71179,1057.0
Virginia,Hampton city,"Hampton city, Virginia",2006,145017,1435.0,1526.0,47636,689.0
Virginia,Lynchburg city,"Lynchburg city, Virginia",2006,68158,,943.0,36010,450.0
Virginia,Newport News city,"Newport News city, Virginia",2006,178281,3504.0,2201.0,44226,636.0
Virginia,Norfolk city,"Norfolk city, Virginia",2006,229112,12524.0,2244.0,40230,625.0
Virginia,Portsmouth city,"Portsmouth city, Virginia",2006,101377,,1159.0,41670,658.0
Virginia,Richmond city,"Richmond city, Virginia",2006,192913,1768.0,3560.0,35764,588.0
Virginia,Roanoke city,"Roanoke city, Virginia",2006,91552,,806.0,35532,473.0
Virginia,Suffolk city,"Suffolk city, Virginia",2006,81071,,737.0,60703,599.0
Virginia,Virginia Beach city,"Virginia Beach city, Virginia",2006,435619,8603.0,873.0,61333,875.0
Washington,Bellevue city,"Bellevue city, Washington",2006,119678,4251.0,699.0,76757,921.0
Washington,Bellingham city,"Bellingham city, Washington",2006,75256,1892.0,706.0,36862,659.0
Washington,Everett city,"Everett city, Washington",2006,97990,,2042.0,44867,647.0
Washington,Federal Way city,"Federal Way city, Washington",2006,86153,2647.0,912.0,52601,716.0
Washington,Kent city,"Kent city, Washington",2006,90493,1210.0,1670.0,50111,699.0
Washington,Seattle city,"Seattle city, Washington",2006,562106,17978.0,6401.0,58311,766.0
Washington,Spokane Valley city,"Spokane Valley city, Washington",2006,83675,,1580.0,41125,582.0
Washington,Spokane city,"Spokane city, Washington",2006,197446,3637.0,4355.0,37136,524.0
Washington,Tacoma city,"Tacoma city, Washington",2006,199663,3466.0,5085.0,44262,641.0
Washington,Vancouver city,"Vancouver city, Washington",2006,158148,2884.0,2535.0,45884,655.0
Washington,Yakima city,"Yakima city, Washington",2006,83707,,2117.0,34064,502.0
Wisconsin,Appleton city,"Appleton city, Wisconsin",2006,70097,,519.0,47139,537.0
Wisconsin,Green Bay city,"Green Bay city, Wisconsin",2006,97496,,1258.0,39765,510.0
Wisconsin,Kenosha city,"Kenosha city, Wisconsin",2006,95186,,690.0,43757,614.0
Wisconsin,Madison city,"Madison city, Wisconsin",2006,214098,3282.0,754.0,50171,717.0
Wisconsin,Milwaukee city,"Milwaukee city, Wisconsin",2006,563079,6200.0,7509.0,33990,550.0
Wisconsin,Racine city,"Racine city, Wisconsin",2006,76224,,565.0,36702,494.0
Wisconsin,Waukesha city,"Waukesha city, Wisconsin",2006,67691,,645.0,48386,683.0
Alabama,Birmingham city,"Birmingham city, Alabama",2007,206215,1188.0,1224.0,31359,454.0
Alabama,Dothan city,"Dothan city, Alabama",2007,62837,,299.0,40687,419.0
Alabama,Hoover city,"Hoover city, Alabama",2007,72625,,0.0,75365,740.0
Alabama,Huntsville city,"Huntsville city, Alabama",2007,167121,,893.0,44534,508.0
Alabama,Mobile city,"Mobile city, Alabama",2007,189476,2141.0,1707.0,35093,509.0
Alabama,Montgomery city,"Montgomery city, Alabama",2007,200834,3090.0,1755.0,39997,512.0
Alabama,Tuscaloosa city,"Tuscaloosa city, Alabama",2007,77430,,670.0,30616,512.0
Alaska,Anchorage municipality,"Anchorage municipality, Alaska",2007,279671,6152.0,5763.0,68726,910.0
Arizona,Avondale city,"Avondale city, Arizona",2007,68793,,482.0,58866,982.0
Arizona,Chandler city,"Chandler city, Arizona",2007,227940,7185.0,911.0,70456,915.0
Arizona,Gilbert town,"Gilbert town, Arizona",2007,195090,,309.0,79976,1043.0
Arizona,Glendale city,"Glendale city, Arizona",2007,235940,4096.0,1456.0,49493,711.0
Arizona,Mesa city,"Mesa city, Arizona",2007,479415,7850.0,2096.0,49778,713.0
Arizona,Peoria city,"Peoria city, Arizona",2007,152107,,321.0,62458,950.0
Arizona,Phoenix city,"Phoenix city, Arizona",2007,1513777,30069.0,7891.0,48061,692.0
Arizona,Scottsdale city,"Scottsdale city, Arizona",2007,213877,9698.0,809.0,70533,977.0
Arizona,Surprise city,"Surprise city, Arizona",2007,107832,,534.0,64206,927.0
Arizona,Tempe city,"Tempe city, Arizona",2007,168588,3173.0,328.0,49281,780.0
Arizona,Tucson city,"Tucson city, Arizona",2007,519260,9127.0,5508.0,36096,576.0
Arizona,Yuma city,"Yuma city, Arizona",2007,99285,,208.0,42505,614.0
Arkansas,Fayetteville city,"Fayetteville city, Arkansas",2007,69161,,314.0,35725,518.0
Arkansas,Fort Smith city,"Fort Smith city, Arkansas",2007,83000,,333.0,35541,401.0
Arkansas,Little Rock city,"Little Rock city, Arkansas",2007,198196,3674.0,1028.0,43289,557.0
Arkansas,Springdale city,"Springdale city, Arkansas",2007,65161,,406.0,46819,486.0
California,Alameda city,"Alameda city, California",2007,75642,1856.0,842.0,71262,1160.0
California,Alhambra city,"Alhambra city, California",2007,88393,,732.0,52029,995.0
California,Anaheim city,"Anaheim city, California",2007,342856,4333.0,2616.0,57059,1108.0
California,Antioch city,"Antioch city, California",2007,104426,1695.0,1141.0,70285,1205.0
California,Apple Valley town,"Apple Valley town, California",2007,69835,,779.0,48446,860.0
California,Arden-Arcade CDP,"Arden-Arcade CDP, California",2007,88615,,1518.0,52429,749.0
California,Bakersfield city,"Bakersfield city, California",2007,324540,3400.0,4677.0,51664,743.0
California,Baldwin Park city,"Baldwin Park city, California",2007,76945,,458.0,52491,1006.0
California,Bellflower city,"Bellflower city, California",2007,69477,,537.0,48264,941.0
California,Berkeley city,"Berkeley city, California",2007,111680,4462.0,642.0,57189,1050.0
California,Buena Park city,"Buena Park city, California",2007,85992,,1456.0,62901,1200.0
California,Burbank city,"Burbank city, California",2007,96972,1597.0,502.0,60440,1056.0
California,Carlsbad city,"Carlsbad city, California",2007,95796,,490.0,79444,1308.0
California,Carson city,"Carson city, California",2007,98731,,820.0,62094,1082.0
California,Chico city,"Chico city, California",2007,83460,,1590.0,36205,796.0
California,Chino Hills city,"Chino Hills city, California",2007,78212,,58.0,96733,1594.0
California,Chino city,"Chino city, California",2007,83914,,444.0,70394,1083.0
California,Chula Vista city,"Chula Vista city, California",2007,227336,2792.0,1511.0,60986,1038.0
California,Citrus Heights city,"Citrus Heights city, California",2007,88576,,1111.0,51200,861.0
California,Clovis city,"Clovis city, California",2007,92987,,335.0,59825,783.0
California,Compton city,"Compton city, California",2007,100037,,2299.0,44467,733.0
California,Concord city,"Concord city, California",2007,124300,3113.0,958.0,63376,1044.0
California,Corona city,"Corona city, California",2007,156394,,489.0,78620,1141.0
California,Costa Mesa city,"Costa Mesa city, California",2007,114057,3762.0,903.0,63619,1335.0
California,Daly City city,"Daly City city, California",2007,104752,533.0,465.0,74987,1373.0
California,Downey city,"Downey city, California",2007,109920,,497.0,59376,985.0
California,East Los Angeles CDP,"East Los Angeles CDP, California",2007,122506,2188.0,1947.0,35482,760.0
California,El Cajon city,"El Cajon city, California",2007,97964,,1885.0,49183,894.0
California,El Monte city,"El Monte city, California",2007,113308,1486.0,1712.0,41376,929.0
California,Elk Grove city,"Elk Grove city, California",2007,138072,,624.0,79622,1263.0
California,Escondido city,"Escondido city, California",2007,128819,2995.0,1587.0,49424,952.0
California,Fairfield city,"Fairfield city, California",2007,111007,,1591.0,65481,969.0
California,Florence-Graham CDP,"Florence-Graham CDP, California",2007,68371,,1417.0,37832,795.0
California,Folsom city,"Folsom city, California",2007,74795,,192.0,87542,1153.0
California,Fontana city,"Fontana city, California",2007,193716,,1379.0,61198,931.0
California,Fremont city,"Fremont city, California",2007,214957,3384.0,990.0,93342,1381.0
California,Fresno city,"Fresno city, California",2007,476460,6604.0,13826.0,44513,695.0
California,Fullerton city,"Fullerton city, California",2007,126955,2161.0,668.0,65875,1144.0
California,Garden Grove city,"Garden Grove city, California",2007,145923,,1045.0,59981,1125.0
California,Glendale city,"Glendale city, California",2007,200859,3844.0,2313.0,51719,1020.0
California,Hawthorne city,"Hawthorne city, California",2007,92321,,1383.0,41798,872.0
California,Hayward city,"Hayward city, California",2007,129885,1983.0,1941.0,60771,1111.0
California,Hemet city,"Hemet city, California",2007,77001,,1149.0,34847,765.0
California,Hesperia city,"Hesperia city, California",2007,90312,,1190.0,48197,916.0
California,Huntington Beach city,"Huntington Beach city, California",2007,188056,5516.0,489.0,81112,1359.0
California,Indio city,"Indio city, California",2007,70791,,849.0,56039,802.0
California,Inglewood city,"Inglewood city, California",2007,106581,,1593.0,40525,858.0
California,Irvine city,"Irvine city, California",2007,205813,6473.0,300.0,98923,1742.0
California,Lake Forest city,"Lake Forest city, California",2007,78130,,307.0,86285,1528.0
California,Lakewood city,"Lakewood city, California",2007,89289,,288.0,71505,1141.0
California,Lancaster city,"Lancaster city, California",2007,155902,1523.0,1727.0,49641,967.0
California,Livermore city,"Livermore city, California",2007,79213,,769.0,92300,1180.0
California,Long Beach city,"Long Beach city, California",2007,458302,7327.0,7547.0,48290,894.0
California,Los Angeles city,"Los Angeles city, California",2007,3806003,82363.0,47688.0,47781,906.0
California,Lynwood city,"Lynwood city, California",2007,69537,,661.0,43044,876.0
California,Merced city,"Merced city, California",2007,73224,,2813.0,31726,608.0
California,Milpitas city,"Milpitas city, California",2007,66494,,445.0,85186,1393.0
California,Mission Viejo city,"Mission Viejo city, California",2007,92673,,281.0,92614,1546.0
California,Modesto city,"Modesto city, California",2007,198456,2835.0,2719.0,47470,821.0
California,Moreno Valley city,"Moreno Valley city, California",2007,190990,2159.0,1193.0,55613,1115.0
California,Mountain View city,"Mountain View city, California",2007,70000,,711.0,82648,1311.0
California,Murrieta city,"Murrieta city, California",2007,89885,,339.0,78883,1221.0
California,Napa city,"Napa city, California",2007,71664,,251.0,58472,1022.0
California,Newport Beach city,"Newport Beach city, California",2007,89125,,118.0,110511,1816.0
California,Norwalk city,"Norwalk city, California",2007,112001,,1164.0,55209,1040.0
California,Oakland city,"Oakland city, California",2007,358829,12284.0,6368.0,46475,858.0
California,Oceanside city,"Oceanside city, California",2007,168814,3930.0,2104.0,64992,1155.0
California,Ontario city,"Ontario city, California",2007,156027,2915.0,967.0,57104,1022.0
California,Orange city,"Orange city, California",2007,142097,2277.0,563.0,75024,1185.0
California,Oxnard city,"Oxnard city, California",2007,167412,2716.0,1590.0,53298,1035.0
California,Palmdale city,"Palmdale city, California",2007,132266,,1274.0,55499,871.0
California,Pasadena city,"Pasadena city, California",2007,136936,2399.0,1204.0,66465,1051.0
California,Pleasanton city,"Pleasanton city, California",2007,69348,,164.0,113345,1429.0
California,Pomona city,"Pomona city, California",2007,142111,,1834.0,50678,938.0
California,Rancho Cucamonga city,"Rancho Cucamonga city, California",2007,157777,,912.0,80538,1236.0
California,Redding city,"Redding city, California",2007,87130,,838.0,39055,677.0
California,Redlands city,"Redlands city, California",2007,73539,,456.0,65782,921.0
California,Redondo Beach city,"Redondo Beach city, California",2007,70948,,63.0,93274,1452.0
California,Redwood City city,"Redwood City city, California",2007,69559,,61.0,66182,1219.0
California,Rialto city,"Rialto city, California",2007,108969,,1575.0,51819,936.0
California,Richmond city,"Richmond city, California",2007,97279,986.0,1679.0,50293,944.0
California,Riverside city,"Riverside city, California",2007,316154,6397.0,1975.0,55999,960.0
California,Roseville city,"Roseville city, California",2007,114958,,795.0,68273,964.0
California,Sacramento city,"Sacramento city, California",2007,451404,7048.0,9004.0,49849,841.0
California,Salinas city,"Salinas city, California",2007,140499,1674.0,1796.0,52560,911.0
California,San Bernardino city,"San Bernardino city, California",2007,203691,2035.0,3658.0,41744,788.0
California,San Buenaventura (Ventura) city,"San Buenaventura (Ventura) city, California",2007,105673,,306.0,64769,1279.0
California,San Diego city,"San Diego city, California",2007,1276740,40727.0,9004.0,61863,1134.0
California,San Francisco city,"San Francisco city, California",2007,764976,28262.0,6158.0,68023,1141.0
California,San Jose city,"San Jose city, California",2007,922389,14371.0,8150.0,76963,1185.0
California,San Leandro city,"San Leandro city, California",2007,96186,1272.0,856.0,63173,998.0
California,San Marcos city,"San Marcos city, California",2007,75217,,366.0,60786,1043.0
California,San Mateo city,"San Mateo city, California",2007,91461,1964.0,286.0,80820,1367.0
California,Santa Ana city,"Santa Ana city, California",2007,327780,2450.0,2686.0,53661,1121.0
California,Santa Barbara city,"Santa Barbara city, California",2007,89959,3244.0,771.0,57547,1227.0
California,Santa Clara city,"Santa Clara city, California",2007,105591,1468.0,570.0,75687,1235.0
California,Santa Clarita city,"Santa Clarita city, California",2007,177740,3032.0,592.0,79004,1331.0
California,Santa Maria city,"Santa Maria city, California",2007,86160,,1098.0,47215,898.0
California,Santa Monica city,"Santa Monica city, California",2007,86857,,725.0,71796,1290.0
California,Santa Rosa city,"Santa Rosa city, California",2007,147516,5706.0,584.0,56966,1080.0
California,Simi Valley city,"Simi Valley city, California",2007,127053,3231.0,98.0,88406,1461.0
California,South Gate city,"South Gate city, California",2007,104031,,1229.0,41196,920.0
California,Stockton city,"Stockton city, California",2007,295070,3706.0,4783.0,48132,775.0
California,Sunnyvale city,"Sunnyvale city, California",2007,135548,2676.0,328.0,87417,1316.0
California,Temecula city,"Temecula city, California",2007,93743,,68.0,71975,1197.0
California,Thousand Oaks city,"Thousand Oaks city, California",2007,128519,,387.0,89953,1556.0
California,Torrance city,"Torrance city, California",2007,143628,3914.0,685.0,70834,1209.0
California,Tracy city,"Tracy city, California",2007,82383,,646.0,76075,1267.0
California,Turlock city,"Turlock city, California",2007,69330,,1176.0,48077,767.0
California,Tustin city,"Tustin city, California",2007,63524,,212.0,63301,1316.0
California,Union City city,"Union City city, California",2007,73212,577.0,652.0,87891,1214.0
California,Upland city,"Upland city, California",2007,78260,,344.0,63519,1038.0
California,Vacaville city,"Vacaville city, California",2007,93795,,837.0,68704,1032.0
California,Vallejo city,"Vallejo city, California",2007,106608,1974.0,1307.0,60935,1018.0
California,Victorville city,"Victorville city, California",2007,97534,,1384.0,48162,843.0
California,Visalia city,"Visalia city, California",2007,115899,,1161.0,50170,730.0
California,Vista city,"Vista city, California",2007,97977,,372.0,52406,1123.0
California,West Covina city,"West Covina city, California",2007,103154,,957.0,69484,1137.0
California,Westminster city,"Westminster city, California",2007,91994,,846.0,52477,1196.0
California,Whittier city,"Whittier city, California",2007,82755,,805.0,62210,940.0
California,Yorba Linda city,"Yorba Linda city, California",2007,57550,,112.0,109681,1320.0
Colorado,Arvada city,"Arvada city, Colorado",2007,108506,,1011.0,62672,695.0
Colorado,Aurora city,"Aurora city, Colorado",2007,310413,4357.0,1708.0,46937,674.0
Colorado,Boulder city,"Boulder city, Colorado",2007,92569,4253.0,255.0,52759,850.0
Colorado,Centennial city,"Centennial city, Colorado",2007,102175,,332.0,80866,991.0
Colorado,Colorado Springs city,"Colorado Springs city, Colorado",2007,389490,7818.0,2142.0,50479,646.0
Colorado,Denver city,"Denver city, Colorado",2007,588349,14732.0,5647.0,44444,654.0
Colorado,Fort Collins city,"Fort Collins city, Colorado",2007,135717,4412.0,755.0,46867,702.0
Colorado,Greeley city,"Greeley city, Colorado",2007,90005,,503.0,38458,547.0
Colorado,Highlands Ranch CDP,"Highlands Ranch CDP, Colorado",2007,94418,,46.0,99066,882.0
Colorado,Lakewood city,"Lakewood city, Colorado",2007,137390,3361.0,936.0,52499,735.0
Colorado,Longmont city,"Longmont city, Colorado",2007,87326,2535.0,435.0,55296,793.0
Colorado,Pueblo city,"Pueblo city, Colorado",2007,102390,,1141.0,33650,479.0
Colorado,Thornton city,"Thornton city, Colorado",2007,110594,,532.0,66485,824.0
Colorado,Westminster city,"Westminster city, Colorado",2007,106520,3276.0,321.0,58498,753.0
Connecticut,Bridgeport city,"Bridgeport city, Connecticut",2007,130973,656.0,1750.0,44216,806.0
Connecticut,Danbury city,"Danbury city, Connecticut",2007,76657,,235.0,59346,1025.0
Connecticut,Hartford city,"Hartford city, Connecticut",2007,117249,1530.0,3903.0,27654,644.0
Connecticut,New Britain city,"New Britain city, Connecticut",2007,64115,,968.0,36681,643.0
Connecticut,New Haven city,"New Haven city, Connecticut",2007,123475,1816.0,2593.0,39409,797.0
Connecticut,Norwalk city,"Norwalk city, Connecticut",2007,81137,,861.0,76084,1149.0
Connecticut,Stamford city,"Stamford city, Connecticut",2007,118200,2977.0,294.0,75840,1186.0
Connecticut,Waterbury city,"Waterbury city, Connecticut",2007,116502,,2200.0,39957,708.0
Delaware,Wilmington city,"Wilmington city, Delaware",2007,69801,,951.0,37149,708.0
District of Columbia,Washington city,"Washington city, District of Columbia",2007,588292,14608.0,10235.0,54317,871.0
Florida,Boca Raton city,"Boca Raton city, Florida",2007,88496,,296.0,72512,1358.0
Florida,Boynton Beach city,"Boynton Beach city, Florida",2007,66033,,101.0,45599,1046.0
Florida,Brandon CDP,"Brandon CDP, Florida",2007,90470,,328.0,56073,865.0
Florida,Cape Coral city,"Cape Coral city, Florida",2007,149748,,156.0,53026,924.0
Florida,Clearwater city,"Clearwater city, Florida",2007,107430,1861.0,810.0,41270,725.0
Florida,Coral Springs city,"Coral Springs city, Florida",2007,120808,,362.0,77127,1147.0
Florida,Davie town,"Davie town, Florida",2007,98018,,418.0,54014,965.0
Florida,Deerfield Beach city,"Deerfield Beach city, Florida",2007,77591,,421.0,41715,989.0
Florida,Deltona city,"Deltona city, Florida",2007,86602,,486.0,44807,904.0
Florida,Fort Lauderdale city,"Fort Lauderdale city, Florida",2007,166776,4535.0,440.0,52264,809.0
Florida,Gainesville city,"Gainesville city, Florida",2007,111223,,703.0,27479,603.0
Florida,Hialeah city,"Hialeah city, Florida",2007,215692,4462.0,1584.0,32560,805.0
Florida,Hollywood city,"Hollywood city, Florida",2007,139258,,709.0,43897,858.0
Florida,Jacksonville city,"Jacksonville city, Florida",2007,808526,9804.0,3840.0,48699,700.0
Florida,Kendall CDP,"Kendall CDP, Florida",2007,81139,,324.0,67648,1062.0
Florida,Lakeland city,"Lakeland city, Florida",2007,91947,,487.0,42409,691.0
Florida,Largo city,"Largo city, Florida",2007,74909,,533.0,37658,706.0
Florida,Lauderhill city,"Lauderhill city, Florida",2007,67118,,125.0,37175,852.0
Florida,Lehigh Acres CDP,"Lehigh Acres CDP, Florida",2007,68925,,359.0,47919,940.0
Florida,Melbourne city,"Melbourne city, Florida",2007,70150,,1003.0,41485,744.0
Florida,Miami Beach city,"Miami Beach city, Florida",2007,75017,2028.0,351.0,37097,878.0
Florida,Miami Gardens city,"Miami Gardens city, Florida",2007,112259,,411.0,43578,783.0
Florida,Miami city,"Miami city, Florida",2007,348827,3544.0,2164.0,29075,739.0
Florida,Miramar city,"Miramar city, Florida",2007,120144,,342.0,72155,1201.0
Florida,Orlando city,"Orlando city, Florida",2007,223801,2463.0,1212.0,43761,810.0
Florida,Palm Bay city,"Palm Bay city, Florida",2007,102153,,217.0,43501,842.0
Florida,Palm Coast city,"Palm Coast city, Florida",2007,71409,,327.0,42298,852.0
Florida,Pembroke Pines city,"Pembroke Pines city, Florida",2007,164839,,493.0,65486,1236.0
Florida,Plantation city,"Plantation city, Florida",2007,87414,,189.0,70824,1126.0
Florida,Pompano Beach city,"Pompano Beach city, Florida",2007,103611,3132.0,296.0,43786,924.0
Florida,Port St. Lucie city,"Port St. Lucie city, Florida",2007,152384,,317.0,48952,1053.0
Florida,Spring Hill CDP,"Spring Hill CDP, Florida",2007,96940,,419.0,46421,798.0
Florida,St. Petersburg city,"St. Petersburg city, Florida",2007,236605,4966.0,2147.0,42008,674.0
Florida,Sunrise city,"Sunrise city, Florida",2007,84829,,42.0,52380,1119.0
Florida,Tallahassee city,"Tallahassee city, Florida",2007,161929,1609.0,169.0,40639,656.0
Florida,Tampa city,"Tampa city, Florida",2007,334093,7839.0,2782.0,44079,727.0
Florida,Town 'n' Country CDP,"Town 'n' Country CDP, Florida",2007,72830,,211.0,48107,868.0
Florida,West Palm Beach city,"West Palm Beach city, Florida",2007,88525,,441.0,44594,861.0
Florida,Weston city,"Weston city, Florida",2007,64781,,190.0,91148,1432.0
Georgia,Albany city,"Albany city, Georgia",2007,75481,,490.0,30636,415.0
Georgia,Athens-Clarke County unified government (balance),"Athens-Clarke County unified government (balance), Georgia",2007,112672,1987.0,307.0,36306,570.0
Georgia,Atlanta city,"Atlanta city, Georgia",2007,432511,12022.0,3295.0,47153,666.0
Georgia,Augusta-Richmond County consolidated government (balance),"Augusta-Richmond County consolidated government (balance), Georgia",2007,191615,2739.0,716.0,36568,524.0
Georgia,Columbus city,"Columbus city, Georgia",2007,187046,,1213.0,41514,524.0
Georgia,Macon city,"Macon city, Georgia",2007,91047,,1295.0,26555,386.0
Georgia,Marietta city,"Marietta city, Georgia",2007,59667,,378.0,45208,683.0
Georgia,Roswell city,"Roswell city, Georgia",2007,109942,,158.0,73469,793.0
Georgia,Sandy Springs city,"Sandy Springs city, Georgia",2007,109321,,0.0,76240,824.0
Georgia,Savannah city,"Savannah city, Georgia",2007,121779,1082.0,667.0,35241,599.0
Hawaii,Honolulu CDP,"Honolulu CDP, Hawaii",2007,352725,6882.0,3500.0,55536,968.0
Idaho,Boise City city,"Boise City city, Idaho",2007,203548,4273.0,2418.0,48545,628.0
Idaho,Nampa city,"Nampa city, Idaho",2007,83219,,849.0,41060,596.0
Illinois,Arlington Heights village,"Arlington Heights village, Illinois",2007,79041,,427.0,81527,877.0
Illinois,Aurora city,"Aurora city, Illinois",2007,185646,,896.0,62160,786.0
Illinois,Bloomington city,"Bloomington city, Illinois",2007,72974,,244.0,55431,535.0
Illinois,Bolingbrook village,"Bolingbrook village, Illinois",2007,69806,,294.0,79199,989.0
Illinois,Champaign city,"Champaign city, Illinois",2007,76061,,538.0,34852,566.0
Illinois,Chicago city,"Chicago city, Illinois",2007,2737996,45326.0,31369.0,45505,721.0
Illinois,Cicero town,"Cicero town, Illinois",2007,90642,413.0,518.0,40626,650.0
Illinois,Decatur city,"Decatur city, Illinois",2007,71602,,368.0,39079,438.0
Illinois,Elgin city,"Elgin city, Illinois",2007,103607,,224.0,51246,714.0
Illinois,Evanston city,"Evanston city, Illinois",2007,66600,2157.0,277.0,69303,1035.0
Illinois,Joliet city,"Joliet city, Illinois",2007,146219,1833.0,847.0,54864,636.0
Illinois,Naperville city,"Naperville city, Illinois",2007,145757,,150.0,96548,995.0
Illinois,Palatine village,"Palatine village, Illinois",2007,67020,,181.0,66689,939.0
Illinois,Peoria city,"Peoria city, Illinois",2007,113824,,1284.0,42931,497.0
Illinois,Rockford city,"Rockford city, Illinois",2007,146371,1601.0,1027.0,38689,517.0
Illinois,Schaumburg village,"Schaumburg village, Illinois",2007,69269,,258.0,61818,1051.0
Illinois,Skokie village,"Skokie village, Illinois",2007,65993,,424.0,66088,880.0
Illinois,Springfield city,"Springfield city, Illinois",2007,113916,977.0,1438.0,42254,506.0
Illinois,Waukegan city,"Waukegan city, Illinois",2007,85027,505.0,614.0,45548,693.0
Indiana,Bloomington city,"Bloomington city, Indiana",2007,78380,,373.0,25225,573.0
Indiana,Evansville city,"Evansville city, Indiana",2007,110211,,1653.0,34196,476.0
Indiana,Fishers town,"Fishers town, Indiana",2007,62870,,82.0,86518,822.0
Indiana,Fort Wayne city,"Fort Wayne city, Indiana",2007,250284,3317.0,3391.0,43685,503.0
Indiana,Gary city,"Gary city, Indiana",2007,80661,,2635.0,26725,462.0
Indiana,Hammond city,"Hammond city, Indiana",2007,77735,,1669.0,34275,589.0
Indiana,Indianapolis city (balance),"Indianapolis city (balance), Indiana",2007,793010,10675.0,9097.0,44325,560.0
Indiana,Muncie city,"Muncie city, Indiana",2007,62414,,1875.0,28067,459.0
Indiana,South Bend city,"South Bend city, Indiana",2007,97945,748.0,1792.0,34774,522.0
Iowa,Cedar Rapids city,"Cedar Rapids city, Iowa",2007,128324,1335.0,1508.0,46734,470.0
Iowa,Davenport city,"Davenport city, Iowa",2007,99084,,1923.0,39459,471.0
Iowa,Des Moines city,"Des Moines city, Iowa",2007,190976,1985.0,2049.0,42953,556.0
Iowa,Iowa City city,"Iowa City city, Iowa",2007,67076,,523.0,44357,599.0
Iowa,Sioux City city,"Sioux City city, Iowa",2007,85236,,867.0,42560,437.0
Iowa,Waterloo city,"Waterloo city, Iowa",2007,63399,,1138.0,37820,442.0
Kansas,Kansas City city,"Kansas City city, Kansas",2007,139866,838.0,2245.0,36211,493.0
Kansas,Lawrence city,"Lawrence city, Kansas",2007,89158,1764.0,428.0,38826,583.0
Kansas,Olathe city,"Olathe city, Kansas",2007,118423,,741.0,69366,640.0
Kansas,Overland Park city,"Overland Park city, Kansas",2007,161909,,275.0,70513,737.0
Kansas,Topeka city,"Topeka city, Kansas",2007,122630,2000.0,1504.0,41662,447.0
Kansas,Wichita city,"Wichita city, Kansas",2007,361016,4544.0,3009.0,42696,449.0
Kentucky,Lexington-Fayette urban county,"Lexington-Fayette urban county, Kentucky",2007,279044,4682.0,1101.0,46296,571.0
Kentucky,Louisville/Jefferson County metro government (balance),"Louisville/Jefferson County metro government (balance), Kentucky",2007,561398,5112.0,5776.0,40823,508.0
Louisiana,Baton Rouge city,"Baton Rouge city, Louisiana",2007,231037,2400.0,792.0,32984,553.0
Louisiana,Kenner city,"Kenner city, Louisiana",2007,65897,,170.0,41616,718.0
Louisiana,Lafayette city,"Lafayette city, Louisiana",2007,114495,811.0,549.0,40630,536.0
Louisiana,Lake Charles city,"Lake Charles city, Louisiana",2007,69416,,498.0,33690,501.0
Louisiana,Metairie CDP,"Metairie CDP, Louisiana",2007,130060,,548.0,54441,702.0
Louisiana,New Orleans city,"New Orleans city, Louisiana",2007,239124,3001.0,2267.0,38614,763.0
Louisiana,Shreveport city,"Shreveport city, Louisiana",2007,200031,1932.0,1210.0,32875,466.0
Maryland,Baltimore city,"Baltimore city, Maryland",2007,637455,6742.0,11623.0,36949,622.0
Maryland,Columbia CDP,"Columbia CDP, Maryland",2007,93266,2366.0,157.0,94966,1144.0
Maryland,Silver Spring CDP,"Silver Spring CDP, Maryland",2007,74527,1530.0,127.0,72901,1225.0
Massachusetts,Boston city,"Boston city, Massachusetts",2007,613117,8343.0,10140.0,50476,986.0
Massachusetts,Brockton city,"Brockton city, Massachusetts",2007,95157,1355.0,1850.0,50534,850.0
Massachusetts,Cambridge city,"Cambridge city, Massachusetts",2007,95736,3592.0,661.0,58850,1236.0
Massachusetts,Fall River city,"Fall River city, Massachusetts",2007,86499,,1094.0,36575,528.0
Massachusetts,Framingham CDP,"Framingham CDP, Massachusetts",2007,64176,,109.0,61080,926.0
Massachusetts,Lawrence city,"Lawrence city, Massachusetts",2007,68915,,1078.0,31885,755.0
Massachusetts,Lowell city,"Lowell city, Massachusetts",2007,98663,,1025.0,47421,782.0
Massachusetts,Lynn city,"Lynn city, Massachusetts",2007,87605,808.0,1342.0,41447,766.0
Massachusetts,New Bedford city,"New Bedford city, Massachusetts",2007,91870,638.0,2860.0,34607,579.0
Massachusetts,Newton city,"Newton city, Massachusetts",2007,100129,4788.0,326.0,110885,1331.0
Massachusetts,Quincy city,"Quincy city, Massachusetts",2007,83597,857.0,820.0,55113,964.0
Massachusetts,Somerville city,"Somerville city, Massachusetts",2007,72097,2601.0,495.0,61402,1149.0
Massachusetts,Springfield city,"Springfield city, Massachusetts",2007,149455,,5065.0,33171,591.0
Massachusetts,Worcester city,"Worcester city, Massachusetts",2007,173599,2603.0,3384.0,45058,718.0
Michigan,Ann Arbor city,"Ann Arbor city, Michigan",2007,116168,2853.0,442.0,53587,864.0
Michigan,Canton CDP,"Canton CDP, Michigan",2007,89353,,387.0,79494,758.0
Michigan,Clinton CDP,"Clinton CDP, Michigan",2007,101765,,1285.0,49665,618.0
Michigan,Dearborn city,"Dearborn city, Michigan",2007,100394,,1088.0,49044,778.0
Michigan,Detroit city,"Detroit city, Michigan",2007,808327,6745.0,22393.0,28097,533.0
Michigan,Farmington Hills city,"Farmington Hills city, Michigan",2007,83117,,399.0,73026,818.0
Michigan,Flint city,"Flint city, Michigan",2007,104867,,2978.0,26143,431.0
Michigan,Grand Rapids city,"Grand Rapids city, Michigan",2007,192252,3752.0,4995.0,38272,581.0
Michigan,Kalamazoo city,"Kalamazoo city, Michigan",2007,68966,,774.0,29592,561.0
Michigan,Lansing city,"Lansing city, Michigan",2007,118123,2070.0,2278.0,36550,543.0
Michigan,Livonia city,"Livonia city, Michigan",2007,102455,,301.0,71196,743.0
Michigan,Pontiac city,"Pontiac city, Michigan",2007,60372,,1244.0,29094,564.0
Michigan,Rochester Hills city,"Rochester Hills city, Michigan",2007,73217,,104.0,80882,860.0
Michigan,Shelby CDP,"Shelby CDP, Michigan",2007,73429,,379.0,66617,693.0
Michigan,Southfield city,"Southfield city, Michigan",2007,73642,,410.0,48286,774.0
Michigan,Sterling Heights city,"Sterling Heights city, Michigan",2007,131584,,1137.0,56991,644.0
Michigan,Troy city,"Troy city, Michigan",2007,85296,,416.0,84330,810.0
Michigan,Warren city,"Warren city, Michigan",2007,126000,,1589.0,45775,646.0
Michigan,Waterford CDP,"Waterford CDP, Michigan",2007,74277,,755.0,51452,599.0
Michigan,West Bloomfield Township CDP,"West Bloomfield Township CDP, Michigan",2007,69025,,298.0,98832,1051.0
Michigan,Westland city,"Westland city, Michigan",2007,88313,,320.0,45681,662.0
Michigan,Wyoming city,"Wyoming city, Michigan",2007,74738,,127.0,46378,571.0
Minnesota,Bloomington city,"Bloomington city, Minnesota",2007,82659,,513.0,60614,836.0
Minnesota,Brooklyn Park city,"Brooklyn Park city, Minnesota",2007,73466,,1026.0,64673,764.0
Minnesota,Duluth city,"Duluth city, Minnesota",2007,84987,,1966.0,40772,614.0
Minnesota,Minneapolis city,"Minneapolis city, Minnesota",2007,351184,9195.0,9255.0,44423,672.0
Minnesota,Plymouth city,"Plymouth city, Minnesota",2007,72078,,239.0,80949,895.0
Minnesota,Rochester city,"Rochester city, Minnesota",2007,96212,1424.0,1289.0,55686,631.0
Minnesota,St. Cloud city,"St. Cloud city, Minnesota",2007,64555,,1190.0,39768,575.0
Minnesota,St. Paul city,"St. Paul city, Minnesota",2007,266258,5440.0,7661.0,46579,664.0
Mississippi,Gulfport city,"Gulfport city, Mississippi",2007,67264,,359.0,38458,620.0
Mississippi,Jackson city,"Jackson city, Mississippi",2007,178784,,1201.0,32982,551.0
Missouri,Columbia city,"Columbia city, Missouri",2007,92937,1380.0,918.0,40347,564.0
Missouri,Independence city,"Independence city, Missouri",2007,110741,,1322.0,39769,495.0
Missouri,Kansas City city,"Kansas City city, Missouri",2007,437657,5165.0,5952.0,42123,542.0
Missouri,Lee's Summit city,"Lee's Summit city, Missouri",2007,88745,,428.0,71772,788.0
Missouri,O'Fallon city,"O'Fallon city, Missouri",2007,70625,,406.0,73035,731.0
Missouri,Springfield city,"Springfield city, Missouri",2007,157216,2332.0,1980.0,32178,488.0
Missouri,St. Joseph city,"St. Joseph city, Missouri",2007,72101,,1446.0,35900,445.0
Missouri,St. Louis city,"St. Louis city, Missouri",2007,350759,4464.0,4216.0,34191,475.0
Montana,Billings city,"Billings city, Montana",2007,96588,,1083.0,47373,515.0
Montana,Missoula city,"Missoula city, Montana",2007,66231,,474.0,36145,567.0
Nebraska,Lincoln city,"Lincoln city, Nebraska",2007,250693,3660.0,2009.0,47358,543.0
Nebraska,Omaha city,"Omaha city, Nebraska",2007,374344,8072.0,4990.0,45170,577.0
Nevada,Enterprise CDP,"Enterprise CDP, Nevada",2007,77500,,621.0,73050,1136.0
Nevada,Henderson city,"Henderson city, Nevada",2007,247160,4254.0,1460.0,67617,1012.0
Nevada,Las Vegas city,"Las Vegas city, Nevada",2007,562582,6800.0,3605.0,54357,821.0
Nevada,North Las Vegas city,"North Las Vegas city, Nevada",2007,206780,1146.0,884.0,58795,935.0
Nevada,Paradise CDP,"Paradise CDP, Nevada",2007,194586,2377.0,2231.0,50376,805.0
Nevada,Reno city,"Reno city, Nevada",2007,206869,2662.0,1904.0,48304,717.0
Nevada,Sparks city,"Sparks city, Nevada",2007,80394,,66.0,57027,803.0
Nevada,Spring Valley CDP,"Spring Valley CDP, Nevada",2007,161132,3051.0,736.0,52750,979.0
Nevada,Sunrise Manor CDP,"Sunrise Manor CDP, Nevada",2007,194580,957.0,1432.0,47969,801.0
New Hampshire,Manchester city,"Manchester city, New Hampshire",2007,108354,,1964.0,50199,801.0
New Hampshire,Nashua city,"Nashua city, New Hampshire",2007,82613,,1322.0,64161,929.0
New Jersey,Camden city,"Camden city, New Jersey",2007,74507,,3175.0,25389,602.0
New Jersey,Clifton city,"Clifton city, New Jersey",2007,83207,,205.0,56478,949.0
New Jersey,East Orange city,"East Orange city, New Jersey",2007,60575,,1617.0,40151,751.0
New Jersey,Edison CDP,"Edison CDP, New Jersey",2007,101833,,47.0,80026,1181.0
New Jersey,Elizabeth city,"Elizabeth city, New Jersey",2007,130159,1280.0,986.0,42587,832.0
New Jersey,Jersey City city,"Jersey City city, New Jersey",2007,222653,4508.0,2571.0,51830,883.0
New Jersey,Newark city,"Newark city, New Jersey",2007,270007,2207.0,5568.0,34452,732.0
New Jersey,Passaic city,"Passaic city, New Jersey",2007,70059,,404.0,27691,830.0
New Jersey,Paterson city,"Paterson city, New Jersey",2007,135831,562.0,2250.0,34067,859.0
New Jersey,Toms River CDP,"Toms River CDP, New Jersey",2007,78091,,560.0,64001,960.0
New Jersey,Trenton city,"Trenton city, New Jersey",2007,78242,719.0,1887.0,36293,711.0
New Jersey,Union City city,"Union City city, New Jersey",2007,67909,792.0,513.0,38164,817.0
New Mexico,Albuquerque city,"Albuquerque city, New Mexico",2007,511893,9509.0,4387.0,43677,593.0
New Mexico,Las Cruces city,"Las Cruces city, New Mexico",2007,92235,,829.0,36307,499.0
New Mexico,Rio Rancho city,"Rio Rancho city, New Mexico",2007,77338,,921.0,54033,707.0
New Mexico,Santa Fe city,"Santa Fe city, New Mexico",2007,63977,,847.0,44266,800.0
New York,Albany city,"Albany city, New York",2007,91023,,1011.0,37298,646.0
New York,Buffalo city,"Buffalo city, New York",2007,264292,2390.0,7089.0,29706,434.0
New York,Cheektowaga CDP,"Cheektowaga CDP, New York",2007,75453,,594.0,43118,562.0
New York,Mount Vernon city,"Mount Vernon city, New York",2007,63806,584.0,810.0,44452,962.0
New York,New Rochelle city,"New Rochelle city, New York",2007,66811,2413.0,98.0,61273,1001.0
New York,New York city,"New York city, New York",2007,8274527,138890.0,112313.0,48631,898.0
New York,Rochester city,"Rochester city, New York",2007,204122,1830.0,9136.0,30927,564.0
New York,Syracuse city,"Syracuse city, New York",2007,139600,2057.0,3508.0,28978,526.0
New York,Yonkers city,"Yonkers city, New York",2007,196806,1793.0,2242.0,55244,944.0
North Carolina,Asheville city,"Asheville city, North Carolina",2007,79046,,416.0,36854,604.0
North Carolina,Cary town,"Cary town, North Carolina",2007,124269,,47.0,89702,791.0
North Carolina,Charlotte city,"Charlotte city, North Carolina",2007,675229,14060.0,3664.0,52690,668.0
North Carolina,Durham city,"Durham city, North Carolina",2007,216279,4416.0,1552.0,45888,625.0
North Carolina,Fayetteville city,"Fayetteville city, North Carolina",2007,170197,693.0,1736.0,42499,583.0
North Carolina,Gastonia city,"Gastonia city, North Carolina",2007,65402,,283.0,37732,522.0
North Carolina,Greensboro city,"Greensboro city, North Carolina",2007,246800,4221.0,2257.0,40211,583.0
North Carolina,Greenville city,"Greenville city, North Carolina",2007,73449,,179.0,32121,509.0
North Carolina,High Point city,"High Point city, North Carolina",2007,97606,,1115.0,43251,548.0
North Carolina,Jacksonville city,"Jacksonville city, North Carolina",2007,71034,10743.0,493.0,40846,652.0
North Carolina,Raleigh city,"Raleigh city, North Carolina",2007,354188,9959.0,1271.0,51071,660.0
North Carolina,Wilmington city,"Wilmington city, North Carolina",2007,99117,1368.0,1245.0,40108,670.0
North Carolina,Winston-Salem city,"Winston-Salem city, North Carolina",2007,212615,2317.0,2206.0,39589,532.0
North Dakota,Fargo city,"Fargo city, North Dakota",2007,92565,,511.0,35794,534.0
Ohio,Akron city,"Akron city, Ohio",2007,196073,1820.0,4992.0,32928,502.0
Ohio,Canton city,"Canton city, Ohio",2007,77710,,1344.0,29401,434.0
Ohio,Cincinnati city,"Cincinnati city, Ohio",2007,297304,4721.0,5445.0,33006,467.0
Ohio,Cleveland city,"Cleveland city, Ohio",2007,395310,3543.0,9497.0,28512,477.0
Ohio,Columbus city,"Columbus city, Ohio",2007,732974,12022.0,7779.0,42253,574.0
Ohio,Dayton city,"Dayton city, Ohio",2007,146360,809.0,3702.0,28927,447.0
Ohio,Lorain city,"Lorain city, Ohio",2007,65503,,1223.0,35819,486.0
Ohio,Parma city,"Parma city, Ohio",2007,86701,,659.0,46918,570.0
Ohio,Toledo city,"Toledo city, Ohio",2007,283851,2197.0,6353.0,35216,462.0
Ohio,Youngstown city,"Youngstown city, Ohio",2007,65056,,1833.0,24941,364.0
Oklahoma,Broken Arrow city,"Broken Arrow city, Oklahoma",2007,92256,,667.0,63531,564.0
Oklahoma,Edmond city,"Edmond city, Oklahoma",2007,84486,,452.0,68968,665.0
Oklahoma,Lawton city,"Lawton city, Oklahoma",2007,92773,3457.0,1469.0,43085,466.0
Oklahoma,Norman city,"Norman city, Oklahoma",2007,107155,,795.0,44615,528.0
Oklahoma,Oklahoma City city,"Oklahoma City city, Oklahoma",2007,546930,8504.0,7495.0,41899,488.0
Oklahoma,Tulsa city,"Tulsa city, Oklahoma",2007,389536,6047.0,6524.0,38270,501.0
Oregon,Beaverton city,"Beaverton city, Oregon",2007,86291,2404.0,826.0,51391,750.0
Oregon,Bend city,"Bend city, Oregon",2007,73368,,114.0,56053,749.0
Oregon,Eugene city,"Eugene city, Oregon",2007,153612,3536.0,1174.0,41706,624.0
Oregon,Gresham city,"Gresham city, Oregon",2007,98401,,1309.0,48446,681.0
Oregon,Hillsboro city,"Hillsboro city, Oregon",2007,85096,1829.0,377.0,52292,749.0
Oregon,Medford city,"Medford city, Oregon",2007,73804,,569.0,45202,664.0
Oregon,Portland city,"Portland city, Oregon",2007,550795,17841.0,5884.0,47143,679.0
Oregon,Salem city,"Salem city, Oregon",2007,150039,2563.0,1145.0,41010,566.0
Pennsylvania,Allentown city,"Allentown city, Pennsylvania",2007,108459,1006.0,3258.0,36074,626.0
Pennsylvania,Bethlehem city,"Bethlehem city, Pennsylvania",2007,71562,,681.0,45172,679.0
Pennsylvania,Erie city,"Erie city, Pennsylvania",2007,98507,,2648.0,28949,401.0
Pennsylvania,Philadelphia city,"Philadelphia city, Pennsylvania",2007,1449634,16110.0,40866.0,35365,621.0
Pennsylvania,Pittsburgh city,"Pittsburgh city, Pennsylvania",2007,290918,4378.0,4736.0,32363,529.0
Pennsylvania,Reading city,"Reading city, Pennsylvania",2007,78446,1059.0,2584.0,25536,527.0
Pennsylvania,Scranton city,"Scranton city, Pennsylvania",2007,74993,442.0,1469.0,35171,447.0
Rhode Island,Cranston city,"Cranston city, Rhode Island",2007,88066,,684.0,54879,815.0
Rhode Island,Pawtucket city,"Pawtucket city, Rhode Island",2007,70510,,956.0,37301,672.0
Rhode Island,Providence city,"Providence city, Rhode Island",2007,168846,2854.0,3841.0,34185,724.0
Rhode Island,Warwick city,"Warwick city, Rhode Island",2007,81787,,440.0,55641,829.0
South Carolina,Charleston city,"Charleston city, South Carolina",2007,114351,1567.0,489.0,46623,677.0
South Carolina,Columbia city,"Columbia city, South Carolina",2007,114654,13129.0,576.0,35209,550.0
South Carolina,North Charleston city,"North Charleston city, South Carolina",2007,83422,,188.0,35036,604.0
South Dakota,Sioux Falls city,"Sioux Falls city, South Dakota",2007,147932,,1195.0,46938,572.0
Tennessee,Chattanooga city,"Chattanooga city, Tennessee",2007,161365,1792.0,4069.0,35559,474.0
Tennessee,Clarksville city,"Clarksville city, Tennessee",2007,119216,1174.0,459.0,47746,546.0
Tennessee,Knoxville city,"Knoxville city, Tennessee",2007,183289,1938.0,4257.0,34185,526.0
Tennessee,Memphis city,"Memphis city, Tennessee",2007,637425,4794.0,12511.0,35143,550.0
Tennessee,Murfreesboro city,"Murfreesboro city, Tennessee",2007,94574,,958.0,48115,663.0
Tennessee,Nashville-Davidson metropolitan government (balance),"Nashville-Davidson metropolitan government (balance), Tennessee",2007,593332,14401.0,6031.0,45844,605.0
Texas,Abilene city,"Abilene city, Texas",2007,114855,,569.0,38502,485.0
Texas,Allen city,"Allen city, Texas",2007,77484,,44.0,93392,882.0
Texas,Amarillo city,"Amarillo city, Texas",2007,190658,1415.0,1053.0,39915,499.0
Texas,Arlington city,"Arlington city, Texas",2007,359365,6393.0,1713.0,50447,589.0
Texas,Atascocita CDP,"Atascocita CDP, Texas",2007,67656,,267.0,73271,919.0
Texas,Austin city,"Austin city, Texas",2007,749659,18707.0,2941.0,48966,695.0
Texas,Baytown city,"Baytown city, Texas",2007,66445,,77.0,45853,529.0
Texas,Beaumont city,"Beaumont city, Texas",2007,108935,,285.0,36795,520.0
Texas,Brownsville city,"Brownsville city, Texas",2007,189773,1909.0,1357.0,28623,358.0
Texas,Bryan city,"Bryan city, Texas",2007,67314,,1087.0,35833,532.0
Texas,Carrollton city,"Carrollton city, Texas",2007,117978,,832.0,63120,747.0
Texas,College Station city,"College Station city, Texas",2007,84388,,0.0,34213,573.0
Texas,Corpus Christi city,"Corpus Christi city, Texas",2007,290010,2561.0,1668.0,41416,592.0
Texas,Dallas city,"Dallas city, Texas",2007,1240044,20407.0,5971.0,40986,609.0
Texas,Denton city,"Denton city, Texas",2007,110855,2001.0,354.0,42915,638.0
Texas,Edinburg city,"Edinburg city, Texas",2007,64882,,222.0,33811,442.0
Texas,El Paso city,"El Paso city, Texas",2007,605410,5509.0,3509.0,35646,477.0
Texas,Flower Mound town,"Flower Mound town, Texas",2007,66004,,137.0,105812,883.0
Texas,Fort Worth city,"Fort Worth city, Texas",2007,650613,9308.0,3273.0,47104,592.0
Texas,Frisco city,"Frisco city, Texas",2007,94595,,0.0,93478,891.0
Texas,Garland city,"Garland city, Texas",2007,230429,2446.0,760.0,48558,686.0
Texas,Grand Prairie city,"Grand Prairie city, Texas",2007,165080,,871.0,46955,662.0
Texas,Houston city,"Houston city, Texas",2007,2046792,31135.0,8012.0,40856,609.0
Texas,Irving city,"Irving city, Texas",2007,198831,2144.0,947.0,45337,662.0
Texas,Killeen city,"Killeen city, Texas",2007,101828,,604.0,46524,578.0
Texas,Laredo city,"Laredo city, Texas",2007,219617,4563.0,1647.0,34464,473.0
Texas,League City city,"League City city, Texas",2007,77190,,0.0,78596,721.0
Texas,Lewisville city,"Lewisville city, Texas",2007,88200,,59.0,56004,723.0
Texas,Longview city,"Longview city, Texas",2007,78627,,444.0,38694,519.0
Texas,Lubbock city,"Lubbock city, Texas",2007,218189,2893.0,1361.0,40810,587.0
Texas,McAllen city,"McAllen city, Texas",2007,123221,,922.0,39727,503.0
Texas,McKinney city,"McKinney city, Texas",2007,117577,,274.0,76248,666.0
Texas,Mesquite city,"Mesquite city, Texas",2007,126081,,236.0,52816,684.0
Texas,Midland city,"Midland city, Texas",2007,105582,,237.0,50757,540.0
Texas,Mission city,"Mission city, Texas",2007,71998,,493.0,38147,485.0
Texas,Missouri City city,"Missouri City city, Texas",2007,68871,,53.0,86446,765.0
Texas,Odessa city,"Odessa city, Texas",2007,94457,,245.0,45717,431.0
Texas,Pasadena city,"Pasadena city, Texas",2007,153925,1555.0,434.0,52252,567.0
Texas,Pearland city,"Pearland city, Texas",2007,80843,,70.0,87405,817.0
Texas,Plano city,"Plano city, Texas",2007,263663,8373.0,343.0,84492,792.0
Texas,Richardson city,"Richardson city, Texas",2007,100129,,475.0,71821,816.0
Texas,Round Rock city,"Round Rock city, Texas",2007,90955,,311.0,66792,765.0
Texas,San Angelo city,"San Angelo city, Texas",2007,91591,1456.0,256.0,39119,530.0
Texas,San Antonio city,"San Antonio city, Texas",2007,1284332,12521.0,6929.0,41593,591.0
Texas,Sugar Land city,"Sugar Land city, Texas",2007,71121,,101.0,92719,1018.0
Texas,The Woodlands CDP,"The Woodlands CDP, Texas",2007,62134,,156.0,94626,853.0
Texas,Tyler city,"Tyler city, Texas",2007,91403,1088.0,100.0,39695,560.0
Texas,Waco city,"Waco city, Texas",2007,114536,,332.0,30769,535.0
Texas,Wichita Falls city,"Wichita Falls city, Texas",2007,99747,,784.0,36789,512.0
Utah,Ogden city,"Ogden city, Utah",2007,78551,1397.0,502.0,38583,511.0
Utah,Orem city,"Orem city, Utah",2007,85336,,453.0,50683,630.0
Utah,Provo city,"Provo city, Utah",2007,118730,2959.0,829.0,38517,572.0
Utah,Salt Lake City city,"Salt Lake City city, Utah",2007,188997,4092.0,1314.0,43000,595.0
Utah,Sandy city,"Sandy city, Utah",2007,94709,3563.0,0.0,77665,840.0
Utah,St. George city,"St. George city, Utah",2007,72978,,155.0,43839,752.0
Utah,West Jordan city,"West Jordan city, Utah",2007,100245,2711.0,265.0,61647,752.0
Utah,West Valley City city,"West Valley City city, Utah",2007,124193,1573.0,658.0,49691,664.0
Virginia,Alexandria city,"Alexandria city, Virginia",2007,140024,2535.0,726.0,80806,1174.0
Virginia,Arlington CDP,"Arlington CDP, Virginia",2007,204568,5677.0,938.0,94876,1396.0
Virginia,Chesapeake city,"Chesapeake city, Virginia",2007,219154,3208.0,1633.0,63517,845.0
Virginia,Hampton city,"Hampton city, Virginia",2007,146439,1898.0,1301.0,46571,702.0
Virginia,Lynchburg city,"Lynchburg city, Virginia",2007,69335,,958.0,34720,490.0
Virginia,Newport News city,"Newport News city, Virginia",2007,179153,2670.0,1444.0,45359,684.0
Virginia,Norfolk city,"Norfolk city, Virginia",2007,235747,15068.0,3052.0,40701,665.0
Virginia,Portsmouth city,"Portsmouth city, Virginia",2007,101967,,1314.0,44374,692.0
Virginia,Richmond city,"Richmond city, Virginia",2007,200123,3064.0,3492.0,38461,613.0
Virginia,Roanoke city,"Roanoke city, Virginia",2007,92600,,1373.0,37270,522.0
Virginia,Suffolk city,"Suffolk city, Virginia",2007,81332,,499.0,59417,548.0
Virginia,Virginia Beach city,"Virginia Beach city, Virginia",2007,434743,12122.0,1320.0,61462,920.0
Washington,Bellevue city,"Bellevue city, Washington",2007,120246,3957.0,1049.0,78708,1058.0
Washington,Bellingham city,"Bellingham city, Washington",2007,78893,,929.0,35075,681.0
Washington,Everett city,"Everett city, Washington",2007,103729,3373.0,1663.0,49376,724.0
Washington,Federal Way city,"Federal Way city, Washington",2007,84903,,879.0,55434,755.0
Washington,Kent city,"Kent city, Washington",2007,94295,,2154.0,51855,780.0
Washington,Seattle city,"Seattle city, Washington",2007,577231,15496.0,5233.0,57849,818.0
Washington,Spokane Valley city,"Spokane Valley city, Washington",2007,86885,,1159.0,44064,626.0
Washington,Spokane city,"Spokane city, Washington",2007,210447,3930.0,4471.0,39070,547.0
Washington,Tacoma city,"Tacoma city, Washington",2007,190817,1647.0,3680.0,45298,664.0
Washington,Vancouver city,"Vancouver city, Washington",2007,156253,3860.0,2804.0,47989,689.0
Washington,Yakima city,"Yakima city, Washington",2007,82116,,1976.0,40277,535.0
Wisconsin,Appleton city,"Appleton city, Wisconsin",2007,72673,,248.0,50673,496.0
Wisconsin,Green Bay city,"Green Bay city, Wisconsin",2007,100503,,1126.0,41946,496.0
Wisconsin,Kenosha city,"Kenosha city, Wisconsin",2007,98550,1449.0,1488.0,46914,650.0
Wisconsin,Madison city,"Madison city, Wisconsin",2007,222725,3307.0,776.0,50991,738.0
Wisconsin,Milwaukee city,"Milwaukee city, Wisconsin",2007,582207,6346.0,6852.0,35281,571.0
Wisconsin,Racine city,"Racine city, Wisconsin",2007,76396,,300.0,39039,533.0
Wisconsin,Waukesha city,"Waukesha city, Wisconsin",2007,67560,,598.0,53059,678.0
Alabama,Birmingham city,"Birmingham city, Alabama",2008,210422,1222.0,1971.0,32630,482.0
Alabama,Dothan city,"Dothan city, Alabama",2008,65403,,250.0,44546,440.0
Alabama,Hoover city,"Hoover city, Alabama",2008,80221,,51.0,81014,727.0
Alabama,Huntsville city,"Huntsville city, Alabama",2008,165464,2255.0,1457.0,46014,496.0
Alabama,Mobile city,"Mobile city, Alabama",2008,186759,1277.0,1425.0,36676,519.0
Alabama,Montgomery city,"Montgomery city, Alabama",2008,195793,,989.0,42691,550.0
Alabama,Tuscaloosa city,"Tuscaloosa city, Alabama",2008,83280,,984.0,31645,522.0
Alaska,Anchorage municipality,"Anchorage municipality, Alaska",2008,279243,4733.0,5445.0,75637,914.0
Arizona,Avondale city,"Avondale city, Arizona",2008,60946,,468.0,63533,1003.0
Arizona,Chandler city,"Chandler city, Arizona",2008,239019,6581.0,1732.0,69278,909.0
Arizona,Gilbert town,"Gilbert town, Arizona",2008,179857,4211.0,334.0,82726,1088.0
Arizona,Glendale city,"Glendale city, Arizona",2008,238251,3490.0,2372.0,54063,725.0
Arizona,Mesa city,"Mesa city, Arizona",2008,487194,9653.0,3485.0,51433,738.0
Arizona,Peoria city,"Peoria city, Arizona",2008,168341,,848.0,63662,1023.0
Arizona,Phoenix city,"Phoenix city, Arizona",2008,1525257,32949.0,10565.0,50140,747.0
Arizona,Scottsdale city,"Scottsdale city, Arizona",2008,222086,9192.0,750.0,69172,999.0
Arizona,Surprise city,"Surprise city, Arizona",2008,118348,,555.0,62337,968.0
Arizona,Tempe city,"Tempe city, Arizona",2008,165593,2693.0,906.0,52157,806.0
Arizona,Tucson city,"Tucson city, Arizona",2008,540104,7912.0,5224.0,36640,595.0
Arizona,Yuma city,"Yuma city, Arizona",2008,106822,,742.0,42549,626.0
Arkansas,Fayetteville city,"Fayetteville city, Arkansas",2008,68085,,302.0,40253,512.0
Arkansas,Fort Smith city,"Fort Smith city, Arkansas",2008,84292,,951.0,37228,426.0
Arkansas,Little Rock city,"Little Rock city, Arkansas",2008,186584,3224.0,1869.0,41826,586.0
Arkansas,Springdale city,"Springdale city, Arkansas",2008,67709,,194.0,36874,493.0
California,Alameda city,"Alameda city, California",2008,73750,1735.0,852.0,86516,1271.0
California,Alhambra city,"Alhambra city, California",2008,84235,1456.0,371.0,47618,1047.0
California,Anaheim city,"Anaheim city, California",2008,330795,5108.0,1914.0,61128,1200.0
California,Antioch city,"Antioch city, California",2008,100381,1076.0,1378.0,61598,1191.0
California,Apple Valley town,"Apple Valley town, California",2008,68305,,1646.0,42872,797.0
California,Arden-Arcade CDP,"Arden-Arcade CDP, California",2008,90773,1598.0,1687.0,50437,773.0
California,Bakersfield city,"Bakersfield city, California",2008,321978,3464.0,5233.0,50409,778.0
California,Baldwin Park city,"Baldwin Park city, California",2008,72687,,606.0,50273,1087.0
California,Bellflower city,"Bellflower city, California",2008,83824,,428.0,56053,1073.0
California,Berkeley city,"Berkeley city, California",2008,109612,5419.0,736.0,64434,1098.0
California,Buena Park city,"Buena Park city, California",2008,86712,,1315.0,64406,1227.0
California,Burbank city,"Burbank city, California",2008,106203,2035.0,458.0,62259,1214.0
California,Carlsbad city,"Carlsbad city, California",2008,100472,5404.0,473.0,88519,1369.0
California,Carson city,"Carson city, California",2008,99342,1172.0,580.0,72049,1112.0
California,Chico city,"Chico city, California",2008,88110,1488.0,1610.0,38204,779.0
California,Chino Hills city,"Chino Hills city, California",2008,74561,,197.0,96032,1660.0
California,Chino city,"Chino city, California",2008,87139,,434.0,72464,1148.0
California,Chula Vista city,"Chula Vista city, California",2008,220995,3316.0,1236.0,65466,1057.0
California,Citrus Heights city,"Citrus Heights city, California",2008,86765,,1551.0,54303,889.0
California,Clovis city,"Clovis city, California",2008,82454,,862.0,61543,830.0
California,Compton city,"Compton city, California",2008,103817,376.0,1999.0,40236,866.0
California,Concord city,"Concord city, California",2008,123856,2548.0,850.0,67986,1115.0
California,Corona city,"Corona city, California",2008,173119,4242.0,1062.0,74936,1139.0
California,Costa Mesa city,"Costa Mesa city, California",2008,102092,2427.0,537.0,61322,1353.0
California,Daly City city,"Daly City city, California",2008,96634,978.0,750.0,64450,1340.0
California,Downey city,"Downey city, California",2008,113446,,588.0,56830,1003.0
California,East Los Angeles CDP,"East Los Angeles CDP, California",2008,120613,785.0,1665.0,34063,820.0
California,El Cajon city,"El Cajon city, California",2008,101077,,1753.0,46032,907.0
California,El Monte city,"El Monte city, California",2008,113759,2762.0,1709.0,45983,931.0
California,Elk Grove city,"Elk Grove city, California",2008,150972,4765.0,2815.0,76331,1282.0
California,Escondido city,"Escondido city, California",2008,144568,1707.0,803.0,53188,1038.0
California,Fairfield city,"Fairfield city, California",2008,103364,,1103.0,76082,1058.0
California,Folsom city,"Folsom city, California",2008,76467,,327.0,86024,1187.0
California,Fontana city,"Fontana city, California",2008,192838,2040.0,1222.0,62037,978.0
California,Fremont city,"Fremont city, California",2008,198067,3408.0,1664.0,94866,1372.0
California,Fresno city,"Fresno city, California",2008,474670,6034.0,13068.0,40134,691.0
California,Fullerton city,"Fullerton city, California",2008,131769,2036.0,769.0,65466,1217.0
California,Garden Grove city,"Garden Grove city, California",2008,195774,1515.0,1825.0,60245,1211.0
California,Glendale city,"Glendale city, California",2008,203091,2694.0,3130.0,56095,1092.0
California,Hawthorne city,"Hawthorne city, California",2008,82746,,1292.0,45593,931.0
California,Hayward city,"Hayward city, California",2008,143407,2504.0,2235.0,61880,1102.0
California,Hemet city,"Hemet city, California",2008,75906,,1808.0,34838,876.0
California,Hesperia city,"Hesperia city, California",2008,94798,,2386.0,49125,861.0
California,Huntington Beach city,"Huntington Beach city, California",2008,195523,5408.0,454.0,86528,1413.0
California,Indio city,"Indio city, California",2008,71297,,414.0,51477,809.0
California,Inglewood city,"Inglewood city, California",2008,117806,2280.0,2658.0,44377,893.0
California,Irvine city,"Irvine city, California",2008,196895,6907.0,777.0,94895,1732.0
California,Lake Forest city,"Lake Forest city, California",2008,67246,,613.0,84343,1525.0
California,Lakewood city,"Lakewood city, California",2008,90807,,354.0,81776,1265.0
California,Lancaster city,"Lancaster city, California",2008,155497,,1319.0,52596,980.0
California,Livermore city,"Livermore city, California",2008,85200,,706.0,84094,1182.0
California,Long Beach city,"Long Beach city, California",2008,470932,5725.0,7483.0,50975,953.0
California,Los Angeles city,"Los Angeles city, California",2008,3803383,89028.0,47147.0,48882,957.0
California,Lynwood city,"Lynwood city, California",2008,69800,,712.0,44511,879.0
California,Manteca city,"Manteca city, California",2008,65660,,780.0,59291,870.0
California,Merced city,"Merced city, California",2008,79266,,2839.0,36064,637.0
California,Milpitas city,"Milpitas city, California",2008,67551,608.0,307.0,102422,1576.0
California,Mission Viejo city,"Mission Viejo city, California",2008,92920,,473.0,93330,1474.0
California,Modesto city,"Modesto city, California",2008,209308,2492.0,1996.0,53003,814.0
California,Moreno Valley city,"Moreno Valley city, California",2008,198662,1976.0,2661.0,56042,1146.0
California,Mountain View city,"Mountain View city, California",2008,76377,,363.0,92528,1382.0
California,Murrieta city,"Murrieta city, California",2008,98248,,458.0,75412,1243.0
California,Napa city,"Napa city, California",2008,76046,,510.0,63081,1028.0
California,Newport Beach city,"Newport Beach city, California",2008,88400,,137.0,123958,1832.0
California,Norwalk city,"Norwalk city, California",2008,107301,733.0,572.0,60607,1094.0
California,Oakland city,"Oakland city, California",2008,365875,9481.0,7155.0,48699,969.0
California,Oceanside city,"Oceanside city, California",2008,164811,3837.0,871.0,61725,1165.0
California,Ontario city,"Ontario city, California",2008,161717,1635.0,1611.0,53896,1091.0
California,Orange city,"Orange city, California",2008,137264,2563.0,1073.0,78366,1295.0
California,Oxnard city,"Oxnard city, California",2008,178838,2706.0,1821.0,60670,1118.0
California,Palmdale city,"Palmdale city, California",2008,153552,1401.0,1755.0,54313,1033.0
California,Pasadena city,"Pasadena city, California",2008,134448,3080.0,1709.0,57796,1162.0
California,Pleasanton city,"Pleasanton city, California",2008,75638,,130.0,131644,1484.0
California,Pomona city,"Pomona city, California",2008,139246,1419.0,1180.0,49934,936.0
California,Rancho Cucamonga city,"Rancho Cucamonga city, California",2008,164173,1936.0,889.0,76979,1329.0
California,Redding city,"Redding city, California",2008,93560,,997.0,41835,702.0
California,Redlands city,"Redlands city, California",2008,72006,,470.0,61326,1038.0
California,Redondo Beach city,"Redondo Beach city, California",2008,64895,,347.0,86709,1415.0
California,Redwood City city,"Redwood City city, California",2008,73994,2029.0,340.0,76905,1286.0
California,Rialto city,"Rialto city, California",2008,105949,,549.0,45740,905.0
California,Richmond city,"Richmond city, California",2008,107737,1227.0,1630.0,55724,1057.0
California,Riverside city,"Riverside city, California",2008,305428,4819.0,2035.0,56859,994.0
California,Roseville city,"Roseville city, California",2008,117944,,666.0,76039,1158.0
California,Sacramento city,"Sacramento city, California",2008,457849,5696.0,9561.0,50958,859.0
California,Salinas city,"Salinas city, California",2008,146668,2537.0,2652.0,50560,889.0
California,San Bernardino city,"San Bernardino city, California",2008,203641,2701.0,3829.0,38282,802.0
California,San Buenaventura (Ventura) city,"San Buenaventura (Ventura) city, California",2008,110494,,1095.0,68984,1278.0
California,San Diego city,"San Diego city, California",2008,1266963,35828.0,9146.0,62668,1172.0
California,San Francisco city,"San Francisco city, California",2008,808976,33150.0,7209.0,73798,1206.0
California,San Jose city,"San Jose city, California",2008,916715,18785.0,5889.0,80616,1233.0
California,San Leandro city,"San Leandro city, California",2008,87964,,696.0,60265,1105.0
California,San Marcos city,"San Marcos city, California",2008,69415,,374.0,60137,1102.0
California,San Mateo city,"San Mateo city, California",2008,95173,2377.0,455.0,85124,1370.0
California,Santa Ana city,"Santa Ana city, California",2008,324474,3101.0,3974.0,54239,1128.0
California,Santa Barbara city,"Santa Barbara city, California",2008,82601,3492.0,356.0,61482,1374.0
California,Santa Clara city,"Santa Clara city, California",2008,110366,,147.0,92619,1364.0
California,Santa Clarita city,"Santa Clarita city, California",2008,169365,3779.0,987.0,87396,1383.0
California,Santa Maria city,"Santa Maria city, California",2008,90051,810.0,1255.0,49638,940.0
California,Santa Monica city,"Santa Monica city, California",2008,89466,,373.0,70084,1290.0
California,Santa Rosa city,"Santa Rosa city, California",2008,166165,3275.0,1527.0,57256,1025.0
California,Simi Valley city,"Simi Valley city, California",2008,119870,,381.0,83731,1503.0
California,South Gate city,"South Gate city, California",2008,89011,,759.0,39993,883.0
California,Stockton city,"Stockton city, California",2008,275885,3828.0,6986.0,49034,750.0
California,Sunnyvale city,"Sunnyvale city, California",2008,133827,3241.0,767.0,89543,1434.0
California,Temecula city,"Temecula city, California",2008,94861,,48.0,76555,1246.0
California,Thousand Oaks city,"Thousand Oaks city, California",2008,117632,,558.0,99800,1586.0
California,Torrance city,"Torrance city, California",2008,139868,2768.0,555.0,76312,1218.0
California,Tracy city,"Tracy city, California",2008,85051,,981.0,75589,979.0
California,Turlock city,"Turlock city, California",2008,65588,,863.0,43068,787.0
California,Tustin city,"Tustin city, California",2008,86785,2294.0,196.0,64621,1302.0
California,Union City city,"Union City city, California",2008,61628,325.0,959.0,81491,1202.0
California,Upland city,"Upland city, California",2008,74930,,637.0,61231,1004.0
California,Vacaville city,"Vacaville city, California",2008,92232,,832.0,71493,1153.0
California,Vallejo city,"Vallejo city, California",2008,116933,1726.0,1484.0,60327,1068.0
California,Victorville city,"Victorville city, California",2008,118748,,2294.0,52999,999.0
California,Visalia city,"Visalia city, California",2008,121685,,1541.0,56089,778.0
California,Vista city,"Vista city, California",2008,88836,,739.0,55615,1145.0
California,West Covina city,"West Covina city, California",2008,105501,,875.0,65432,1280.0
California,Westminster city,"Westminster city, California",2008,84326,,685.0,61115,1199.0
California,Whittier city,"Whittier city, California",2008,79622,,721.0,63265,955.0
California,Yorba Linda city,"Yorba Linda city, California",2008,73143,,0.0,125972,1857.0
Colorado,Arvada city,"Arvada city, Colorado",2008,106394,,279.0,66353,769.0
Colorado,Aurora city,"Aurora city, Colorado",2008,305241,4267.0,1960.0,46684,738.0
Colorado,Boulder city,"Boulder city, Colorado",2008,98238,5078.0,410.0,57231,909.0
Colorado,Centennial city,"Centennial city, Colorado",2008,105852,6825.0,468.0,89090,1062.0
Colorado,Colorado Springs city,"Colorado Springs city, Colorado",2008,396404,9184.0,3105.0,56263,688.0
Colorado,Denver city,"Denver city, Colorado",2008,598707,16066.0,5672.0,45831,686.0
Colorado,Fort Collins city,"Fort Collins city, Colorado",2008,140497,4872.0,922.0,50285,725.0
Colorado,Greeley city,"Greeley city, Colorado",2008,91921,,662.0,41209,617.0
Colorado,Highlands Ranch CDP,"Highlands Ranch CDP, Colorado",2008,93057,,153.0,100592,1207.0
Colorado,Lakewood city,"Lakewood city, Colorado",2008,144962,4052.0,1030.0,51539,802.0
Colorado,Longmont city,"Longmont city, Colorado",2008,84943,4495.0,462.0,58214,811.0
Colorado,Loveland city,"Loveland city, Colorado",2008,65950,,686.0,54139,765.0
Colorado,Pueblo city,"Pueblo city, Colorado",2008,108747,911.0,2397.0,37527,501.0
Colorado,Thornton city,"Thornton city, Colorado",2008,107253,1762.0,369.0,70621,830.0
Colorado,Westminster city,"Westminster city, Colorado",2008,106664,,1031.0,64199,825.0
Connecticut,Bridgeport city,"Bridgeport city, Connecticut",2008,131062,916.0,2059.0,38033,749.0
Connecticut,Danbury city,"Danbury city, Connecticut",2008,81720,,630.0,62398,936.0
Connecticut,Hartford city,"Hartford city, Connecticut",2008,117900,,8000.0,28790,656.0
Connecticut,New Britain city,"New Britain city, Connecticut",2008,65852,,1788.0,40995,681.0
Connecticut,New Haven city,"New Haven city, Connecticut",2008,124447,1749.0,2921.0,40314,845.0
Connecticut,Norwalk city,"Norwalk city, Connecticut",2008,78242,,358.0,79693,1121.0
Connecticut,Stamford city,"Stamford city, Connecticut",2008,125988,2038.0,1099.0,81206,1237.0
Connecticut,Waterbury city,"Waterbury city, Connecticut",2008,110542,,2783.0,43660,663.0
Delaware,Wilmington city,"Wilmington city, Delaware",2008,67356,,1131.0,39154,607.0
District of Columbia,Washington city,"Washington city, District of Columbia",2008,591833,14084.0,10671.0,57936,918.0
Florida,Boca Raton city,"Boca Raton city, Florida",2008,80958,,103.0,70336,1172.0
Florida,Boynton Beach city,"Boynton Beach city, Florida",2008,61319,,273.0,42540,1087.0
Florida,Brandon CDP,"Brandon CDP, Florida",2008,98572,,479.0,54296,830.0
Florida,Cape Coral city,"Cape Coral city, Florida",2008,153621,,641.0,51852,876.0
Florida,Clearwater city,"Clearwater city, Florida",2008,99479,1829.0,615.0,45175,796.0
Florida,Coral Springs city,"Coral Springs city, Florida",2008,124966,3307.0,461.0,75339,1118.0
Florida,Davie town,"Davie town, Florida",2008,103506,,541.0,62394,994.0
Florida,Deerfield Beach city,"Deerfield Beach city, Florida",2008,69204,,235.0,41109,1058.0
Florida,Deltona city,"Deltona city, Florida",2008,91519,,110.0,51263,925.0
Florida,Fort Lauderdale city,"Fort Lauderdale city, Florida",2008,165384,5218.0,751.0,49493,878.0
Florida,Fort Myers city,"Fort Myers city, Florida",2008,60700,,806.0,40305,772.0
Florida,Gainesville city,"Gainesville city, Florida",2008,120849,2413.0,376.0,35005,672.0
Florida,Hialeah city,"Hialeah city, Florida",2008,207206,6703.0,1368.0,31400,829.0
Florida,Hollywood city,"Hollywood city, Florida",2008,130812,2337.0,603.0,46031,831.0
Florida,Jacksonville city,"Jacksonville city, Florida",2008,811953,13384.0,5829.0,50476,711.0
Florida,Kendall CDP,"Kendall CDP, Florida",2008,78452,,80.0,73633,1091.0
Florida,Lakeland city,"Lakeland city, Florida",2008,95455,,558.0,43576,701.0
Florida,Largo city,"Largo city, Florida",2008,74735,,561.0,40662,786.0
Florida,Lauderhill city,"Lauderhill city, Florida",2008,73418,,413.0,37244,873.0
Florida,Lehigh Acres CDP,"Lehigh Acres CDP, Florida",2008,64931,,353.0,42833,747.0
Florida,Melbourne city,"Melbourne city, Florida",2008,72841,,352.0,39598,745.0
Florida,Miami Beach city,"Miami Beach city, Florida",2008,82507,3616.0,320.0,42431,903.0
Florida,Miami Gardens city,"Miami Gardens city, Florida",2008,106690,,738.0,45201,885.0
Florida,Miami city,"Miami city, Florida",2008,343142,6299.0,2454.0,28333,735.0
Florida,Miramar city,"Miramar city, Florida",2008,112223,,279.0,61594,1245.0
Florida,Orlando city,"Orlando city, Florida",2008,232337,4573.0,1165.0,43127,816.0
Florida,Palm Bay city,"Palm Bay city, Florida",2008,101404,,836.0,47479,775.0
Florida,Palm Coast city,"Palm Coast city, Florida",2008,72472,,237.0,46647,838.0
Florida,Pembroke Pines city,"Pembroke Pines city, Florida",2008,171407,,661.0,59881,1232.0
Florida,Plantation city,"Plantation city, Florida",2008,80669,,153.0,66447,1157.0
Florida,Pompano Beach city,"Pompano Beach city, Florida",2008,106589,,391.0,39011,907.0
Florida,Port St. Lucie city,"Port St. Lucie city, Florida",2008,151781,,814.0,50502,976.0
Florida,Spring Hill CDP,"Spring Hill CDP, Florida",2008,95682,,144.0,38734,718.0
Florida,St. Petersburg city,"St. Petersburg city, Florida",2008,248308,4872.0,2591.0,43305,745.0
Florida,Sunrise city,"Sunrise city, Florida",2008,87576,,246.0,44376,1162.0
Florida,Tallahassee city,"Tallahassee city, Florida",2008,165451,2168.0,591.0,39054,674.0
Florida,Tampa city,"Tampa city, Florida",2008,341137,8403.0,4730.0,45224,743.0
Florida,Town 'n' Country CDP,"Town 'n' Country CDP, Florida",2008,77072,,664.0,43839,854.0
Florida,West Palm Beach city,"West Palm Beach city, Florida",2008,96484,,901.0,45866,953.0
Florida,Weston city,"Weston city, Florida",2008,61017,,70.0,99849,1454.0
Georgia,Albany city,"Albany city, Georgia",2008,77678,,792.0,31923,415.0
Georgia,Athens-Clarke County unified government (balance),"Athens-Clarke County unified government (balance), Georgia",2008,113310,2126.0,394.0,36039,575.0
Georgia,Atlanta city,"Atlanta city, Georgia",2008,453038,15362.0,2200.0,48865,729.0
Georgia,Augusta-Richmond County consolidated government (balance),"Augusta-Richmond County consolidated government (balance), Georgia",2008,193401,2194.0,1558.0,37326,491.0
Georgia,Columbus city,"Columbus city, Georgia",2008,186984,11464.0,1139.0,40223,494.0
Georgia,Macon city,"Macon city, Georgia",2008,92453,,897.0,29420,443.0
Georgia,Marietta city,"Marietta city, Georgia",2008,57231,,118.0,48792,713.0
Georgia,Roswell city,"Roswell city, Georgia",2008,110907,,383.0,75490,815.0
Georgia,Sandy Springs city,"Sandy Springs city, Georgia",2008,95790,,123.0,71592,843.0
Georgia,Savannah city,"Savannah city, Georgia",2008,129584,1853.0,724.0,32669,660.0
Hawaii,Honolulu CDP,"Honolulu CDP, Hawaii",2008,371148,7199.0,3105.0,60531,1099.0
Idaho,Boise City city,"Boise City city, Idaho",2008,208223,4846.0,2066.0,52169,683.0
Idaho,Meridian city,"Meridian city, Idaho",2008,62872,,282.0,66613,915.0
Idaho,Nampa city,"Nampa city, Idaho",2008,80164,,999.0,41651,603.0
Illinois,Arlington Heights village,"Arlington Heights village, Illinois",2008,77733,,579.0,82454,1005.0
Illinois,Aurora city,"Aurora city, Illinois",2008,180135,3570.0,666.0,60696,863.0
Illinois,Bloomington city,"Bloomington city, Illinois",2008,74243,,545.0,54736,537.0
Illinois,Bolingbrook village,"Bolingbrook village, Illinois",2008,74891,,572.0,82326,736.0
Illinois,Champaign city,"Champaign city, Illinois",2008,80198,1820.0,377.0,41574,655.0
Illinois,Chicago city,"Chicago city, Illinois",2008,2741455,52392.0,31975.0,46911,744.0
Illinois,Cicero town,"Cicero town, Illinois",2008,83161,333.0,254.0,45058,702.0
Illinois,Decatur city,"Decatur city, Illinois",2008,73904,,661.0,39394,450.0
Illinois,Elgin city,"Elgin city, Illinois",2008,106474,,1485.0,56742,788.0
Illinois,Evanston city,"Evanston city, Illinois",2008,74529,2806.0,244.0,76306,1048.0
Illinois,Joliet city,"Joliet city, Illinois",2008,151013,2511.0,817.0,61061,679.0
Illinois,Naperville city,"Naperville city, Illinois",2008,142188,4096.0,219.0,101894,1028.0
Illinois,Palatine village,"Palatine village, Illinois",2008,70165,,267.0,81377,976.0
Illinois,Peoria city,"Peoria city, Illinois",2008,113811,2524.0,1017.0,44446,527.0
Illinois,Rockford city,"Rockford city, Illinois",2008,154128,1174.0,1596.0,38135,528.0
Illinois,Schaumburg village,"Schaumburg village, Illinois",2008,74421,,0.0,77682,1100.0
Illinois,Skokie village,"Skokie village, Illinois",2008,68304,,350.0,73039,912.0
Illinois,Springfield city,"Springfield city, Illinois",2008,115883,1274.0,1103.0,48401,533.0
Illinois,Waukegan city,"Waukegan city, Illinois",2008,92783,,487.0,50783,725.0
Indiana,Bloomington city,"Bloomington city, Indiana",2008,73976,,1022.0,28730,585.0
Indiana,Carmel city,"Carmel city, Indiana",2008,71141,,128.0,89414,807.0
Indiana,Evansville city,"Evansville city, Indiana",2008,115093,,1926.0,33600,473.0
Indiana,Fishers town,"Fishers town, Indiana",2008,67577,,0.0,91914,818.0
Indiana,Fort Wayne city,"Fort Wayne city, Indiana",2008,246798,3351.0,3693.0,43212,490.0
Indiana,Gary city,"Gary city, Indiana",2008,84702,,3511.0,25458,509.0
Indiana,Hammond city,"Hammond city, Indiana",2008,73234,,1128.0,37308,580.0
Indiana,Indianapolis city (balance),"Indianapolis city (balance), Indiana",2008,798594,10559.0,10735.0,43652,577.0
Indiana,Muncie city,"Muncie city, Indiana",2008,63104,,961.0,30111,506.0
Indiana,South Bend city,"South Bend city, Indiana",2008,106192,,1006.0,34008,569.0
Iowa,Cedar Rapids city,"Cedar Rapids city, Iowa",2008,120725,,1411.0,47463,507.0
Iowa,Davenport city,"Davenport city, Iowa",2008,99260,896.0,924.0,44567,516.0
Iowa,Des Moines city,"Des Moines city, Iowa",2008,200010,3514.0,2373.0,43583,577.0
Iowa,Iowa City city,"Iowa City city, Iowa",2008,68724,1074.0,802.0,43780,643.0
Iowa,Sioux City city,"Sioux City city, Iowa",2008,83013,,1048.0,41266,472.0
Iowa,Waterloo city,"Waterloo city, Iowa",2008,65015,,632.0,42296,502.0
Kansas,Kansas City city,"Kansas City city, Kansas",2008,141948,683.0,1945.0,36691,512.0
Kansas,Lawrence city,"Lawrence city, Kansas",2008,89259,,148.0,40547,591.0
Kansas,Olathe city,"Olathe city, Kansas",2008,125590,3753.0,600.0,77505,719.0
Kansas,Overland Park city,"Overland Park city, Kansas",2008,168788,,884.0,72319,798.0
Kansas,Topeka city,"Topeka city, Kansas",2008,128486,1247.0,2241.0,39711,486.0
Kansas,Wichita city,"Wichita city, Kansas",2008,364165,4797.0,6510.0,44211,466.0
Kentucky,Lexington-Fayette urban county,"Lexington-Fayette urban county, Kentucky",2008,282114,4465.0,1922.0,50325,583.0
Kentucky,Louisville/Jefferson County metro government (balance),"Louisville/Jefferson County metro government (balance), Kentucky",2008,566869,5983.0,5972.0,44254,517.0
Louisiana,Baton Rouge city,"Baton Rouge city, Louisiana",2008,227350,1905.0,945.0,37869,573.0
Louisiana,Kenner city,"Kenner city, Louisiana",2008,66958,,272.0,48895,804.0
Louisiana,Lafayette city,"Lafayette city, Louisiana",2008,117809,,199.0,45099,571.0
Louisiana,Lake Charles city,"Lake Charles city, Louisiana",2008,67676,,320.0,37450,521.0
Louisiana,Metairie CDP,"Metairie CDP, Louisiana",2008,136992,,424.0,47969,765.0
Louisiana,New Orleans city,"New Orleans city, Louisiana",2008,311853,3960.0,2702.0,37751,742.0
Louisiana,Shreveport city,"Shreveport city, Louisiana",2008,199379,1102.0,1488.0,35414,537.0
Maryland,Baltimore city,"Baltimore city, Maryland",2008,636919,7980.0,9606.0,40313,651.0
Maryland,Columbia CDP,"Columbia CDP, Maryland",2008,89763,2527.0,128.0,95648,1212.0
Maryland,Ellicott City CDP,"Ellicott City CDP, Maryland",2008,66374,,0.0,102440,1117.0
Maryland,Silver Spring CDP,"Silver Spring CDP, Maryland",2008,77046,1803.0,531.0,71606,1207.0
Massachusetts,Boston city,"Boston city, Massachusetts",2008,613411,10584.0,7993.0,51688,1025.0
Massachusetts,Brockton city,"Brockton city, Massachusetts",2008,92492,,1923.0,52145,824.0
Massachusetts,Brookline CDP,"Brookline CDP, Massachusetts",2008,65611,2283.0,103.0,98324,1654.0
Massachusetts,Cambridge city,"Cambridge city, Massachusetts",2008,96695,3011.0,823.0,71140,1397.0
Massachusetts,Fall River city,"Fall River city, Massachusetts",2008,93066,,1790.0,35161,552.0
Massachusetts,Framingham CDP,"Framingham CDP, Massachusetts",2008,69165,,725.0,70613,994.0
Massachusetts,Lawrence city,"Lawrence city, Massachusetts",2008,72388,,1709.0,33684,773.0
Massachusetts,Lowell city,"Lowell city, Massachusetts",2008,97423,1195.0,1290.0,53250,737.0
Massachusetts,Lynn city,"Lynn city, Massachusetts",2008,86466,1030.0,1683.0,43216,811.0
Massachusetts,New Bedford city,"New Bedford city, Massachusetts",2008,89396,,3261.0,38350,612.0
Massachusetts,Newton city,"Newton city, Massachusetts",2008,91342,2856.0,114.0,104493,1423.0
Massachusetts,Quincy city,"Quincy city, Massachusetts",2008,87859,1113.0,1118.0,61158,1024.0
Massachusetts,Somerville city,"Somerville city, Massachusetts",2008,76430,1278.0,317.0,58466,1143.0
Massachusetts,Springfield city,"Springfield city, Massachusetts",2008,153386,,5195.0,36652,633.0
Massachusetts,Worcester city,"Worcester city, Massachusetts",2008,162953,2102.0,3280.0,44890,727.0
Michigan,Ann Arbor city,"Ann Arbor city, Michigan",2008,114797,3790.0,496.0,48258,833.0
Michigan,Canton CDP,"Canton CDP, Michigan",2008,98139,,496.0,81878,719.0
Michigan,Clinton CDP,"Clinton CDP, Michigan",2008,98986,,1639.0,55393,601.0
Michigan,Dearborn city,"Dearborn city, Michigan",2008,108114,,919.0,48467,718.0
Michigan,Detroit city,"Detroit city, Michigan",2008,777493,7038.0,24750.0,28730,549.0
Michigan,Farmington Hills city,"Farmington Hills city, Michigan",2008,77498,,332.0,66283,765.0
Michigan,Flint city,"Flint city, Michigan",2008,102446,,6047.0,28142,451.0
Michigan,Grand Rapids city,"Grand Rapids city, Michigan",2008,187961,3864.0,4030.0,40120,601.0
Michigan,Kalamazoo city,"Kalamazoo city, Michigan",2008,70399,,1195.0,32145,572.0
Michigan,Lansing city,"Lansing city, Michigan",2008,104071,781.0,1595.0,38101,540.0
Michigan,Livonia city,"Livonia city, Michigan",2008,101938,,352.0,68347,708.0
Michigan,Pontiac city,"Pontiac city, Michigan",2008,58877,,1002.0,30988,611.0
Michigan,Rochester Hills city,"Rochester Hills city, Michigan",2008,73733,,54.0,87716,836.0
Michigan,Shelby CDP,"Shelby CDP, Michigan",2008,66811,,372.0,70365,665.0
Michigan,Southfield city,"Southfield city, Michigan",2008,72221,,1062.0,54808,804.0
Michigan,Sterling Heights city,"Sterling Heights city, Michigan",2008,123589,,1016.0,62018,667.0
Michigan,Troy city,"Troy city, Michigan",2008,81098,,612.0,88766,848.0
Michigan,Warren city,"Warren city, Michigan",2008,132150,,2433.0,43853,642.0
Michigan,Waterford CDP,"Waterford CDP, Michigan",2008,70678,,462.0,52603,627.0
Michigan,West Bloomfield Township CDP,"West Bloomfield Township CDP, Michigan",2008,68662,,101.0,100419,1184.0
Michigan,Westland city,"Westland city, Michigan",2008,91208,,691.0,50539,651.0
Michigan,Wyoming city,"Wyoming city, Michigan",2008,73128,,1085.0,44992,641.0
Minnesota,Bloomington city,"Bloomington city, Minnesota",2008,81129,,700.0,56821,835.0
Minnesota,Brooklyn Park city,"Brooklyn Park city, Minnesota",2008,73637,,1204.0,59186,660.0
Minnesota,Duluth city,"Duluth city, Minnesota",2008,84497,,2026.0,37679,551.0
Minnesota,Minneapolis city,"Minneapolis city, Minnesota",2008,360914,9736.0,10246.0,48724,711.0
Minnesota,Plymouth city,"Plymouth city, Minnesota",2008,72898,,625.0,89299,963.0
Minnesota,Rochester city,"Rochester city, Minnesota",2008,101659,2671.0,991.0,66197,661.0
Minnesota,St. Cloud city,"St. Cloud city, Minnesota",2008,61827,,793.0,41085,573.0
Minnesota,St. Paul city,"St. Paul city, Minnesota",2008,268962,4901.0,7498.0,45831,659.0
Mississippi,Gulfport city,"Gulfport city, Mississippi",2008,62589,,239.0,39733,647.0
Mississippi,Jackson city,"Jackson city, Mississippi",2008,173957,3767.0,3107.0,31977,532.0
Missouri,Columbia city,"Columbia city, Missouri",2008,95782,2130.0,704.0,40326,597.0
Missouri,Independence city,"Independence city, Missouri",2008,113900,,1070.0,44213,493.0
Missouri,Kansas City city,"Kansas City city, Missouri",2008,436402,7050.0,4056.0,45824,557.0
Missouri,Lee's Summit city,"Lee's Summit city, Missouri",2008,96561,,660.0,76758,765.0
Missouri,O'Fallon city,"O'Fallon city, Missouri",2008,73657,,356.0,81279,788.0
Missouri,Springfield city,"Springfield city, Missouri",2008,152065,3302.0,2066.0,35781,490.0
Missouri,St. Joseph city,"St. Joseph city, Missouri",2008,74419,,662.0,40779,477.0
Missouri,St. Louis city,"St. Louis city, Missouri",2008,354361,5424.0,4224.0,34078,490.0
Montana,Billings city,"Billings city, Montana",2008,101995,,1183.0,48470,589.0
Montana,Missoula city,"Missoula city, Montana",2008,61755,3683.0,576.0,37291,594.0
Nebraska,Lincoln city,"Lincoln city, Nebraska",2008,251526,3615.0,1740.0,50504,549.0
Nebraska,Omaha city,"Omaha city, Nebraska",2008,388874,7303.0,5200.0,44358,571.0
Nevada,Enterprise CDP,"Enterprise CDP, Nevada",2008,92656,,214.0,77720,1192.0
Nevada,Henderson city,"Henderson city, Nevada",2008,243106,5112.0,1538.0,65757,1071.0
Nevada,Las Vegas city,"Las Vegas city, Nevada",2008,577419,7396.0,4651.0,53097,861.0
Nevada,North Las Vegas city,"North Las Vegas city, Nevada",2008,225111,1968.0,950.0,60875,933.0
Nevada,Paradise CDP,"Paradise CDP, Nevada",2008,195256,1934.0,2051.0,50578,808.0
Nevada,Reno city,"Reno city, Nevada",2008,221124,2802.0,2512.0,51447,748.0
Nevada,Sparks city,"Sparks city, Nevada",2008,81808,,437.0,60960,853.0
Nevada,Spring Valley CDP,"Spring Valley CDP, Nevada",2008,161133,2132.0,915.0,58732,990.0
Nevada,Sunrise Manor CDP,"Sunrise Manor CDP, Nevada",2008,191195,1534.0,3147.0,48930,786.0
New Hampshire,Manchester city,"Manchester city, New Hampshire",2008,107028,,2388.0,49721,815.0
New Hampshire,Nashua city,"Nashua city, New Hampshire",2008,86590,,778.0,65405,951.0
New Jersey,Camden city,"Camden city, New Jersey",2008,75456,,3904.0,24283,608.0
New Jersey,Clifton city,"Clifton city, New Jersey",2008,72306,763.0,224.0,67360,1031.0
New Jersey,East Orange city,"East Orange city, New Jersey",2008,66116,,1804.0,44333,769.0
New Jersey,Edison CDP,"Edison CDP, New Jersey",2008,112198,,414.0,82940,1161.0
New Jersey,Elizabeth city,"Elizabeth city, New Jersey",2008,126132,402.0,2144.0,43594,841.0
New Jersey,Jersey City city,"Jersey City city, New Jersey",2008,229007,2547.0,2834.0,56079,923.0
New Jersey,Newark city,"Newark city, New Jersey",2008,264128,772.0,6120.0,35296,774.0
New Jersey,Passaic city,"Passaic city, New Jersey",2008,64270,,762.0,29904,786.0
New Jersey,Paterson city,"Paterson city, New Jersey",2008,148985,253.0,2672.0,35494,829.0
New Jersey,Toms River CDP,"Toms River CDP, New Jersey",2008,91704,,1195.0,67579,1023.0
New Jersey,Trenton city,"Trenton city, New Jersey",2008,83052,425.0,2632.0,35397,694.0
New Jersey,Union City city,"Union City city, New Jersey",2008,63280,705.0,856.0,38047,830.0
New Mexico,Albuquerque city,"Albuquerque city, New Mexico",2008,514895,10425.0,4141.0,46437,614.0
New Mexico,Las Cruces city,"Las Cruces city, New Mexico",2008,94551,1186.0,700.0,36934,577.0
New Mexico,Rio Rancho city,"Rio Rancho city, New Mexico",2008,80859,,182.0,60597,826.0
New Mexico,Santa Fe city,"Santa Fe city, New Mexico",2008,68359,,448.0,50312,781.0
New York,Albany city,"Albany city, New York",2008,91497,2092.0,1874.0,40008,643.0
New York,Buffalo city,"Buffalo city, New York",2008,263366,4348.0,10098.0,29973,453.0
New York,Cheektowaga CDP,"Cheektowaga CDP, New York",2008,78214,,663.0,46625,576.0
New York,Mount Vernon city,"Mount Vernon city, New York",2008,66622,855.0,938.0,51065,962.0
New York,New Rochelle city,"New Rochelle city, New York",2008,72424,1929.0,544.0,59359,1120.0
New York,New York city,"New York city, New York",2008,8363710,147215.0,121119.0,51116,939.0
New York,Rochester city,"Rochester city, New York",2008,190732,2869.0,9687.0,29975,558.0
New York,Syracuse city,"Syracuse city, New York",2008,134217,1444.0,2754.0,30879,542.0
New York,Yonkers city,"Yonkers city, New York",2008,199168,2556.0,2068.0,53697,961.0
North Carolina,Asheville city,"Asheville city, North Carolina",2008,75819,,246.0,40655,607.0
North Carolina,Cary town,"Cary town, North Carolina",2008,117118,,112.0,91947,785.0
North Carolina,Charlotte city,"Charlotte city, North Carolina",2008,685002,18416.0,3616.0,52530,680.0
North Carolina,Concord city,"Concord city, North Carolina",2008,72110,,118.0,56278,551.0
North Carolina,Durham city,"Durham city, North Carolina",2008,217621,4509.0,1498.0,47746,665.0
North Carolina,Fayetteville city,"Fayetteville city, North Carolina",2008,174697,,2898.0,44086,574.0
North Carolina,Gastonia city,"Gastonia city, North Carolina",2008,66981,,431.0,43101,532.0
North Carolina,Greensboro city,"Greensboro city, North Carolina",2008,244092,3574.0,3116.0,41393,583.0
North Carolina,Greenville city,"Greenville city, North Carolina",2008,73104,,647.0,32836,492.0
North Carolina,High Point city,"High Point city, North Carolina",2008,97766,,1220.0,45861,559.0
North Carolina,Jacksonville city,"Jacksonville city, North Carolina",2008,65947,,50.0,38353,690.0
North Carolina,Raleigh city,"Raleigh city, North Carolina",2008,368350,9122.0,937.0,53825,689.0
North Carolina,Wilmington city,"Wilmington city, North Carolina",2008,103160,1530.0,637.0,42757,643.0
North Carolina,Winston-Salem city,"Winston-Salem city, North Carolina",2008,220434,1911.0,1600.0,40869,513.0
North Dakota,Fargo city,"Fargo city, North Dakota",2008,97863,1505.0,486.0,41181,521.0
Ohio,Akron city,"Akron city, Ohio",2008,201807,1791.0,5017.0,32499,508.0
Ohio,Canton city,"Canton city, Ohio",2008,68507,,1654.0,27130,448.0
Ohio,Cincinnati city,"Cincinnati city, Ohio",2008,294771,5877.0,4417.0,33562,484.0
Ohio,Cleveland city,"Cleveland city, Ohio",2008,408101,4640.0,8892.0,26731,476.0
Ohio,Columbus city,"Columbus city, Ohio",2008,740086,12636.0,10048.0,44369,597.0
Ohio,Dayton city,"Dayton city, Ohio",2008,143974,1809.0,3459.0,29514,463.0
Ohio,Lorain city,"Lorain city, Ohio",2008,64813,,1253.0,34943,465.0
Ohio,Parma city,"Parma city, Ohio",2008,82461,,536.0,50345,628.0
Ohio,Toledo city,"Toledo city, Ohio",2008,283772,1789.0,7173.0,34157,471.0
Ohio,Youngstown city,"Youngstown city, Ohio",2008,69005,,2506.0,24378,373.0
Oklahoma,Broken Arrow city,"Broken Arrow city, Oklahoma",2008,98088,,364.0,67813,633.0
Oklahoma,Edmond city,"Edmond city, Oklahoma",2008,86112,,318.0,69081,717.0
Oklahoma,Lawton city,"Lawton city, Oklahoma",2008,88142,,722.0,37165,472.0
Oklahoma,Norman city,"Norman city, Oklahoma",2008,103343,1715.0,1124.0,45629,546.0
Oklahoma,Oklahoma City city,"Oklahoma City city, Oklahoma",2008,546873,6725.0,7360.0,43821,504.0
Oklahoma,Tulsa city,"Tulsa city, Oklahoma",2008,388890,7287.0,6087.0,39657,520.0
Oregon,Beaverton city,"Beaverton city, Oregon",2008,89344,1620.0,388.0,55433,775.0
Oregon,Bend city,"Bend city, Oregon",2008,74536,,655.0,51592,727.0
Oregon,Eugene city,"Eugene city, Oregon",2008,154132,2413.0,1223.0,40456,686.0
Oregon,Gresham city,"Gresham city, Oregon",2008,106605,1999.0,1350.0,49643,673.0
Oregon,Hillsboro city,"Hillsboro city, Oregon",2008,96430,2300.0,406.0,65650,848.0
Oregon,Medford city,"Medford city, Oregon",2008,76767,,449.0,40093,686.0
Oregon,Portland city,"Portland city, Oregon",2008,560194,18929.0,7463.0,50979,695.0
Oregon,Salem city,"Salem city, Oregon",2008,151387,2971.0,2160.0,43430,588.0
Pennsylvania,Allentown city,"Allentown city, Pennsylvania",2008,114210,1147.0,1844.0,39036,652.0
Pennsylvania,Bethlehem city,"Bethlehem city, Pennsylvania",2008,72368,,763.0,47157,711.0
Pennsylvania,Erie city,"Erie city, Pennsylvania",2008,100066,858.0,2573.0,33172,446.0
Pennsylvania,Philadelphia city,"Philadelphia city, Pennsylvania",2008,1447395,14102.0,44620.0,36976,639.0
Pennsylvania,Pittsburgh city,"Pittsburgh city, Pennsylvania",2008,297187,4425.0,7274.0,36709,564.0
Pennsylvania,Reading city,"Reading city, Pennsylvania",2008,80560,471.0,2714.0,28098,525.0
Pennsylvania,Scranton city,"Scranton city, Pennsylvania",2008,71336,,1199.0,32794,477.0
Rhode Island,Cranston city,"Cranston city, Rhode Island",2008,77693,,770.0,55190,785.0
Rhode Island,Pawtucket city,"Pawtucket city, Rhode Island",2008,70086,,1297.0,41391,660.0
Rhode Island,Providence city,"Providence city, Rhode Island",2008,171128,3090.0,3589.0,36426,736.0
Rhode Island,Warwick city,"Warwick city, Rhode Island",2008,83963,,498.0,60974,869.0
South Carolina,Charleston city,"Charleston city, South Carolina",2008,113234,,890.0,48259,693.0
South Carolina,Columbia city,"Columbia city, South Carolina",2008,114405,8562.0,571.0,36555,563.0
South Carolina,Mount Pleasant town,"Mount Pleasant town, South Carolina",2008,67095,,0.0,78636,935.0
South Carolina,North Charleston city,"North Charleston city, South Carolina",2008,90397,905.0,871.0,36635,612.0
South Carolina,Rock Hill city,"Rock Hill city, South Carolina",2008,64555,,398.0,42707,574.0
South Dakota,Rapid City city,"Rapid City city, South Dakota",2008,61230,,1344.0,41786,593.0
South Dakota,Sioux Falls city,"Sioux Falls city, South Dakota",2008,151855,2886.0,1058.0,53256,602.0
Tennessee,Chattanooga city,"Chattanooga city, Tennessee",2008,163516,1153.0,2471.0,36289,551.0
Tennessee,Clarksville city,"Clarksville city, Tennessee",2008,120169,1536.0,1355.0,46034,584.0
Tennessee,Knoxville city,"Knoxville city, Tennessee",2008,180178,2859.0,5082.0,31988,525.0
Tennessee,Memphis city,"Memphis city, Tennessee",2008,635626,6052.0,9434.0,37207,573.0
Tennessee,Murfreesboro city,"Murfreesboro city, Tennessee",2008,96360,,282.0,47053,637.0
Tennessee,Nashville-Davidson metropolitan government (balance),"Nashville-Davidson metropolitan government (balance), Tennessee",2008,601129,14241.0,3395.0,45587,634.0
Texas,Abilene city,"Abilene city, Texas",2008,117843,,970.0,38968,526.0
Texas,Allen city,"Allen city, Texas",2008,77119,,520.0,88199,860.0
Texas,Amarillo city,"Amarillo city, Texas",2008,184710,2816.0,700.0,42360,529.0
Texas,Arlington city,"Arlington city, Texas",2008,355641,6762.0,1072.0,52777,630.0
Texas,Austin city,"Austin city, Texas",2008,777783,26139.0,3569.0,51372,743.0
Texas,Baytown city,"Baytown city, Texas",2008,82816,,207.0,49948,548.0
Texas,Beaumont city,"Beaumont city, Texas",2008,115053,,740.0,42116,518.0
Texas,Brownsville city,"Brownsville city, Texas",2008,177859,1503.0,978.0,27679,428.0
Texas,Bryan city,"Bryan city, Texas",2008,68481,,1134.0,35277,540.0
Texas,Carrollton city,"Carrollton city, Texas",2008,121256,,593.0,71865,759.0
Texas,College Station city,"College Station city, Texas",2008,83200,,326.0,36463,623.0
Texas,Corpus Christi city,"Corpus Christi city, Texas",2008,285147,4237.0,1852.0,45612,617.0
Texas,Dallas city,"Dallas city, Texas",2008,1227082,20611.0,6911.0,40796,635.0
Texas,Denton city,"Denton city, Texas",2008,115022,,541.0,46424,662.0
Texas,Edinburg city,"Edinburg city, Texas",2008,70710,,199.0,35768,526.0
Texas,El Paso city,"El Paso city, Texas",2008,602422,6133.0,12965.0,37600,513.0
Texas,Flower Mound town,"Flower Mound town, Texas",2008,64836,,0.0,116030,1142.0
Texas,Fort Worth city,"Fort Worth city, Texas",2008,677897,9320.0,4168.0,48870,602.0
Texas,Frisco city,"Frisco city, Texas",2008,104826,,42.0,103295,933.0
Texas,Garland city,"Garland city, Texas",2008,234003,2576.0,938.0,51255,703.0
Texas,Grand Prairie city,"Grand Prairie city, Texas",2008,172747,,380.0,51012,684.0
Texas,Houston city,"Houston city, Texas",2008,2023601,30088.0,11829.0,44315,630.0
Texas,Irving city,"Irving city, Texas",2008,204806,2993.0,986.0,45711,680.0
Texas,Killeen city,"Killeen city, Texas",2008,106368,,632.0,44461,579.0
Texas,Laredo city,"Laredo city, Texas",2008,220232,1131.0,1921.0,37031,506.0
Texas,League City city,"League City city, Texas",2008,77409,,56.0,80626,874.0
Texas,Lewisville city,"Lewisville city, Texas",2008,87207,,214.0,56138,720.0
Texas,Longview city,"Longview city, Texas",2008,78476,,441.0,43966,536.0
Texas,Lubbock city,"Lubbock city, Texas",2008,213165,3384.0,1590.0,43178,598.0
Texas,McAllen city,"McAllen city, Texas",2008,128705,,975.0,36235,496.0
Texas,McKinney city,"McKinney city, Texas",2008,129629,,340.0,82403,788.0
Texas,Mesquite city,"Mesquite city, Texas",2008,145798,,616.0,52228,705.0
Texas,Midland city,"Midland city, Texas",2008,106723,,106.0,59695,639.0
Texas,Mission city,"Mission city, Texas",2008,66583,,685.0,31338,505.0
Texas,Missouri City city,"Missouri City city, Texas",2008,73938,,152.0,86831,1072.0
Texas,North Richland Hills city,"North Richland Hills city, Texas",2008,61165,,301.0,66381,667.0
Texas,Odessa city,"Odessa city, Texas",2008,99318,,1017.0,51669,516.0
Texas,Pasadena city,"Pasadena city, Texas",2008,163119,1634.0,876.0,43804,561.0
Texas,Pearland city,"Pearland city, Texas",2008,85496,,0.0,81842,796.0
Texas,Pharr city,"Pharr city, Texas",2008,65498,,811.0,28570,511.0
Texas,Plano city,"Plano city, Texas",2008,259305,7993.0,788.0,85003,809.0
Texas,Richardson city,"Richardson city, Texas",2008,102331,,439.0,70641,912.0
Texas,Round Rock city,"Round Rock city, Texas",2008,89789,,123.0,66218,762.0
Texas,San Angelo city,"San Angelo city, Texas",2008,88843,,646.0,40867,512.0
Texas,San Antonio city,"San Antonio city, Texas",2008,1292997,13999.0,8358.0,42261,603.0
Texas,Sugar Land city,"Sugar Land city, Texas",2008,68691,,43.0,107187,1108.0
Texas,Tyler city,"Tyler city, Texas",2008,87099,,409.0,43545,614.0
Texas,Waco city,"Waco city, Texas",2008,121308,,832.0,28005,546.0
Texas,Wichita Falls city,"Wichita Falls city, Texas",2008,105938,,803.0,44456,532.0
Utah,Layton city,"Layton city, Utah",2008,62154,,582.0,60351,687.0
Utah,Ogden city,"Ogden city, Utah",2008,86262,1333.0,895.0,41993,546.0
Utah,Orem city,"Orem city, Utah",2008,92505,1854.0,471.0,55148,639.0
Utah,Provo city,"Provo city, Utah",2008,128914,2402.0,645.0,43549,638.0
Utah,Salt Lake City city,"Salt Lake City city, Utah",2008,185411,5320.0,1263.0,45199,656.0
Utah,Sandy city,"Sandy city, Utah",2008,89288,2065.0,351.0,80181,868.0
Utah,St. George city,"St. George city, Utah",2008,77352,,228.0,48952,761.0
Utah,West Jordan city,"West Jordan city, Utah",2008,112314,,350.0,67299,814.0
Utah,West Valley City city,"West Valley City city, Utah",2008,120335,1358.0,562.0,53662,680.0
Virginia,Alexandria city,"Alexandria city, Virginia",2008,143885,2944.0,939.0,86682,1237.0
Virginia,Arlington CDP,"Arlington CDP, Virginia",2008,209969,6558.0,327.0,101171,1413.0
Virginia,Chesapeake city,"Chesapeake city, Virginia",2008,220111,3139.0,1303.0,67996,790.0
Virginia,Hampton city,"Hampton city, Virginia",2008,145494,,916.0,47039,726.0
Virginia,Lynchburg city,"Lynchburg city, Virginia",2008,73839,,747.0,40396,496.0
Virginia,Newport News city,"Newport News city, Virginia",2008,179614,2304.0,2503.0,49664,727.0
Virginia,Norfolk city,"Norfolk city, Virginia",2008,234220,9848.0,2330.0,40416,670.0
Virginia,Portsmouth city,"Portsmouth city, Virginia",2008,100577,,879.0,47813,708.0
Virginia,Richmond city,"Richmond city, Virginia",2008,202002,3869.0,2697.0,36157,638.0
Virginia,Roanoke city,"Roanoke city, Virginia",2008,92967,,1241.0,36234,474.0
Virginia,Suffolk city,"Suffolk city, Virginia",2008,82302,,644.0,59431,636.0
Virginia,Virginia Beach city,"Virginia Beach city, Virginia",2008,433746,9543.0,1154.0,65776,987.0
Washington,Bellevue city,"Bellevue city, Washington",2008,116202,4142.0,419.0,79954,1172.0
Washington,Bellingham city,"Bellingham city, Washington",2008,74655,,1286.0,37388,691.0
Washington,Everett city,"Everett city, Washington",2008,104838,1948.0,3027.0,49854,804.0
Washington,Federal Way city,"Federal Way city, Washington",2008,87117,,1460.0,58325,817.0
Washington,Kent city,"Kent city, Washington",2008,88599,1556.0,1912.0,55377,814.0
Washington,Seattle city,"Seattle city, Washington",2008,582490,20791.0,5713.0,61786,874.0
Washington,Spokane Valley city,"Spokane Valley city, Washington",2008,84696,,1259.0,48665,612.0
Washington,Spokane city,"Spokane city, Washington",2008,208088,4043.0,4747.0,41588,562.0
Washington,Tacoma city,"Tacoma city, Washington",2008,194069,2534.0,5399.0,47088,700.0
Washington,Vancouver city,"Vancouver city, Washington",2008,167098,3974.0,2427.0,50990,713.0
Washington,Yakima city,"Yakima city, Washington",2008,84525,,1296.0,41949,505.0
Wisconsin,Appleton city,"Appleton city, Wisconsin",2008,69709,,229.0,50883,494.0
Wisconsin,Eau Claire city,"Eau Claire city, Wisconsin",2008,62351,,387.0,45160,522.0
Wisconsin,Green Bay city,"Green Bay city, Wisconsin",2008,99903,,599.0,43391,513.0
Wisconsin,Kenosha city,"Kenosha city, Wisconsin",2008,95680,,403.0,46695,674.0
Wisconsin,Madison city,"Madison city, Wisconsin",2008,223895,4365.0,2145.0,53516,737.0
Wisconsin,Milwaukee city,"Milwaukee city, Wisconsin",2008,581099,4881.0,7739.0,37331,596.0
Wisconsin,Racine city,"Racine city, Wisconsin",2008,77216,,766.0,41378,543.0
Wisconsin,Waukesha city,"Waukesha city, Wisconsin",2008,67431,,306.0,59606,726.0
Alabama,Birmingham city,"Birmingham city, Alabama",2009,231824,1299.0,1635.0,30481,518.0
Alabama,Dothan city,"Dothan city, Alabama",2009,67162,,367.0,38992,459.0
Alabama,Hoover city,"Hoover city, Alabama",2009,77050,,526.0,74301,778.0
Alabama,Huntsville city,"Huntsville city, Alabama",2009,179706,2328.0,1082.0,48786,524.0
Alabama,Mobile city,"Mobile city, Alabama",2009,193195,1522.0,923.0,35068,559.0
Alabama,Montgomery city,"Montgomery city, Alabama",2009,201465,1653.0,1978.0,40568,570.0
Alabama,Tuscaloosa city,"Tuscaloosa city, Alabama",2009,93141,,1085.0,35304,531.0
Alaska,Anchorage municipality,"Anchorage municipality, Alaska",2009,286174,4593.0,6872.0,72832,978.0
Arizona,Avondale city,"Avondale city, Arizona",2009,85227,,905.0,58159,955.0
Arizona,Chandler city,"Chandler city, Arizona",2009,249515,7572.0,1398.0,68258,864.0
Arizona,Gilbert town,"Gilbert town, Arizona",2009,222092,5924.0,922.0,74957,1026.0
Arizona,Glendale city,"Glendale city, Arizona",2009,253210,4317.0,2220.0,50035,728.0
Arizona,Mesa city,"Mesa city, Arizona",2009,467178,6800.0,3387.0,49446,721.0
Arizona,Peoria city,"Peoria city, Arizona",2009,162809,3520.0,805.0,61619,969.0
Arizona,Phoenix city,"Phoenix city, Arizona",2009,1593660,30949.0,13053.0,47085,714.0
Arizona,Scottsdale city,"Scottsdale city, Arizona",2009,237834,11243.0,1015.0,71658,907.0
Arizona,Surprise city,"Surprise city, Arizona",2009,95245,,1046.0,57153,974.0
Arizona,Tempe city,"Tempe city, Arizona",2009,178526,4305.0,1221.0,48585,794.0
Arizona,Tucson city,"Tucson city, Arizona",2009,543907,9750.0,8138.0,35565,591.0
Arizona,Yuma city,"Yuma city, Arizona",2009,91116,,418.0,41019,645.0
Arkansas,Fayetteville city,"Fayetteville city, Arkansas",2009,77142,,914.0,38529,525.0
Arkansas,Fort Smith city,"Fort Smith city, Arkansas",2009,85549,,905.0,33805,437.0
Arkansas,Jonesboro city,"Jonesboro city, Arkansas",2009,66194,,471.0,37214,510.0
Arkansas,Little Rock city,"Little Rock city, Arkansas",2009,191929,3249.0,2543.0,38992,553.0
Arkansas,Springdale city,"Springdale city, Arkansas",2009,68651,,636.0,44748,533.0
California,Alameda city,"Alameda city, California",2009,71200,2300.0,376.0,69589,1224.0
California,Alhambra city,"Alhambra city, California",2009,85077,,380.0,52075,1099.0
California,Anaheim city,"Anaheim city, California",2009,337899,4217.0,2518.0,55154,1158.0
California,Antioch city,"Antioch city, California",2009,101164,,1768.0,57747,989.0
California,Apple Valley town,"Apple Valley town, California",2009,70114,,1836.0,53692,752.0
California,Arden-Arcade CDP,"Arden-Arcade CDP, California",2009,94176,,2407.0,41419,774.0
California,Bakersfield city,"Bakersfield city, California",2009,324479,3809.0,5528.0,52677,774.0
California,Baldwin Park city,"Baldwin Park city, California",2009,77093,,1132.0,50828,1050.0
California,Bellflower city,"Bellflower city, California",2009,72854,,928.0,53211,1084.0
California,Berkeley city,"Berkeley city, California",2009,102802,5799.0,586.0,60625,1089.0
California,Buena Park city,"Buena Park city, California",2009,79808,,1192.0,54439,1275.0
California,Burbank city,"Burbank city, California",2009,103127,2551.0,1131.0,66924,1237.0
California,Carlsbad city,"Carlsbad city, California",2009,98411,,367.0,81468,1385.0
California,Carson city,"Carson city, California",2009,92255,,535.0,68965,1072.0
California,Chico city,"Chico city, California",2009,84889,,1162.0,41481,788.0
California,Chino Hills city,"Chino Hills city, California",2009,73899,,465.0,99172,1579.0
California,Chino city,"Chino city, California",2009,82828,,560.0,68932,1178.0
California,Chula Vista city,"Chula Vista city, California",2009,223746,5002.0,2350.0,59045,1130.0
California,Citrus Heights city,"Citrus Heights city, California",2009,84613,,1053.0,51027,846.0
California,Clovis city,"Clovis city, California",2009,93246,,1417.0,59480,786.0
California,Compton city,"Compton city, California",2009,93955,,1665.0,44370,836.0
California,Concord city,"Concord city, California",2009,122212,1486.0,539.0,61914,1113.0
California,Corona city,"Corona city, California",2009,151015,2159.0,789.0,74349,1143.0
California,Costa Mesa city,"Costa Mesa city, California",2009,110422,2284.0,583.0,65532,1432.0
California,Daly City city,"Daly City city, California",2009,102171,1599.0,1042.0,76357,1373.0
California,Downey city,"Downey city, California",2009,107124,,666.0,59955,1097.0
California,East Los Angeles CDP,"East Los Angeles CDP, California",2009,123375,861.0,1580.0,33542,873.0
California,El Cajon city,"El Cajon city, California",2009,94447,3057.0,2233.0,41463,949.0
California,El Monte city,"El Monte city, California",2009,121439,2127.0,921.0,43212,990.0
California,Elk Grove city,"Elk Grove city, California",2009,135295,2333.0,1314.0,72415,1224.0
California,Escondido city,"Escondido city, California",2009,140184,,2026.0,48922,988.0
California,Fairfield city,"Fairfield city, California",2009,103587,780.0,1186.0,66753,1027.0
California,Folsom city,"Folsom city, California",2009,67807,,290.0,87787,1190.0
California,Fontana city,"Fontana city, California",2009,188008,2560.0,1791.0,59185,1007.0
California,Fremont city,"Fremont city, California",2009,205521,4058.0,1636.0,100450,1350.0
California,Fresno city,"Fresno city, California",2009,479911,6170.0,12615.0,43223,730.0
California,Fullerton city,"Fullerton city, California",2009,132615,2263.0,1328.0,68166,1252.0
California,Garden Grove city,"Garden Grove city, California",2009,166327,1948.0,1458.0,58790,1196.0
California,Glendale city,"Glendale city, California",2009,196882,5256.0,3359.0,50804,1152.0
California,Hawthorne city,"Hawthorne city, California",2009,83942,,752.0,49224,932.0
California,Hayward city,"Hayward city, California",2009,144300,1231.0,2300.0,61752,1168.0
California,Hemet city,"Hemet city, California",2009,71785,,1885.0,31032,802.0
California,Hesperia city,"Hesperia city, California",2009,86182,,1908.0,47307,939.0
California,Huntington Beach city,"Huntington Beach city, California",2009,193369,5451.0,2312.0,76527,1402.0
California,Indio city,"Indio city, California",2009,85057,,883.0,45263,827.0
California,Inglewood city,"Inglewood city, California",2009,112229,1086.0,1366.0,44249,945.0
California,Irvine city,"Irvine city, California",2009,209707,6832.0,1029.0,84950,1679.0
California,Lake Forest city,"Lake Forest city, California",2009,75870,,329.0,94920,1606.0
California,Lakewood city,"Lakewood city, California",2009,78107,,729.0,76815,1421.0
California,Lancaster city,"Lancaster city, California",2009,145773,,2366.0,48237,947.0
California,Livermore city,"Livermore city, California",2009,81095,,445.0,92997,1193.0
California,Long Beach city,"Long Beach city, California",2009,462594,10048.0,9094.0,51379,976.0
California,Los Angeles city,"Los Angeles city, California",2009,3831880,98045.0,54019.0,48617,995.0
California,Lynwood city,"Lynwood city, California",2009,69760,,866.0,34192,870.0
California,Manteca city,"Manteca city, California",2009,65627,,847.0,61315,955.0
California,Merced city,"Merced city, California",2009,76291,,2500.0,32513,667.0
California,Milpitas city,"Milpitas city, California",2009,67907,,626.0,85827,1505.0
California,Mission Viejo city,"Mission Viejo city, California",2009,94655,,1184.0,95552,1611.0
California,Modesto city,"Modesto city, California",2009,202740,3470.0,3551.0,46316,809.0
California,Moreno Valley city,"Moreno Valley city, California",2009,191766,1735.0,2061.0,55344,1123.0
California,Mountain View city,"Mountain View city, California",2009,72216,,281.0,92504,1387.0
California,Murrieta city,"Murrieta city, California",2009,97886,,570.0,78588,1287.0
California,Napa city,"Napa city, California",2009,75287,,509.0,65309,1128.0
California,Newport Beach city,"Newport Beach city, California",2009,81681,,487.0,104435,1687.0
California,Norwalk city,"Norwalk city, California",2009,102510,,1526.0,58202,1219.0
California,Oakland city,"Oakland city, California",2009,409151,12478.0,7489.0,51473,940.0
California,Oceanside city,"Oceanside city, California",2009,172901,4309.0,1243.0,59395,1194.0
California,Ontario city,"Ontario city, California",2009,171586,1256.0,2403.0,53224,1095.0
California,Orange city,"Orange city, California",2009,136975,3331.0,1051.0,76787,1365.0
California,Oxnard city,"Oxnard city, California",2009,187536,2603.0,2066.0,51221,1140.0
California,Palmdale city,"Palmdale city, California",2009,143972,2165.0,2848.0,52352,926.0
California,Pasadena city,"Pasadena city, California",2009,143671,4282.0,2197.0,61298,1150.0
California,Pittsburg city,"Pittsburg city, California",2009,65141,1652.0,974.0,53893,1158.0
California,Pleasanton city,"Pleasanton city, California",2009,67559,,243.0,102079,1430.0
California,Pomona city,"Pomona city, California",2009,152359,,2570.0,48973,935.0
California,Rancho Cucamonga city,"Rancho Cucamonga city, California",2009,171837,1648.0,884.0,73103,1282.0
California,Redding city,"Redding city, California",2009,90511,,1714.0,45830,671.0
California,Redlands city,"Redlands city, California",2009,69969,,942.0,67258,917.0
California,Redondo Beach city,"Redondo Beach city, California",2009,66702,,333.0,95000,1660.0
California,Redwood City city,"Redwood City city, California",2009,74503,,456.0,67611,1246.0
California,Rialto city,"Rialto city, California",2009,98717,,1925.0,49977,945.0
California,Richmond city,"Richmond city, California",2009,103147,1293.0,1301.0,55558,1038.0
California,Riverside city,"Riverside city, California",2009,297863,5144.0,3582.0,56552,971.0
California,Roseville city,"Roseville city, California",2009,115694,,793.0,68208,1064.0
California,Sacramento city,"Sacramento city, California",2009,466685,7253.0,12449.0,47107,843.0
California,Salinas city,"Salinas city, California",2009,144275,2124.0,897.0,47151,935.0
California,San Bernardino city,"San Bernardino city, California",2009,198421,2424.0,5137.0,35978,807.0
California,San Buenaventura (Ventura) city,"San Buenaventura (Ventura) city, California",2009,104423,,903.0,62410,1221.0
California,San Diego city,"San Diego city, California",2009,1306228,41932.0,9212.0,59901,1183.0
California,San Francisco city,"San Francisco city, California",2009,815358,29513.0,8267.0,70770,1312.0
California,San Jose city,"San Jose city, California",2009,964679,15369.0,6817.0,76495,1283.0
California,San Leandro city,"San Leandro city, California",2009,78626,,699.0,58346,1034.0
California,San Marcos city,"San Marcos city, California",2009,80698,,597.0,51999,1187.0
California,San Mateo city,"San Mateo city, California",2009,92808,2122.0,217.0,80319,1449.0
California,Santa Ana city,"Santa Ana city, California",2009,340378,2092.0,3760.0,53211,1168.0
California,Santa Barbara city,"Santa Barbara city, California",2009,86346,1907.0,1430.0,59016,1301.0
California,Santa Clara city,"Santa Clara city, California",2009,111997,1337.0,748.0,82714,1376.0
California,Santa Clarita city,"Santa Clarita city, California",2009,169161,4663.0,1010.0,78374,1335.0
California,Santa Maria city,"Santa Maria city, California",2009,86942,1102.0,1138.0,47653,914.0
California,Santa Monica city,"Santa Monica city, California",2009,87558,3833.0,585.0,71095,1341.0
California,Santa Rosa city,"Santa Rosa city, California",2009,157462,4667.0,1298.0,59857,970.0
California,Simi Valley city,"Simi Valley city, California",2009,120925,,730.0,78821,1528.0
California,South Gate city,"South Gate city, California",2009,96287,,1108.0,42362,886.0
California,Stockton city,"Stockton city, California",2009,287584,3788.0,7832.0,45730,809.0
California,Sunnyvale city,"Sunnyvale city, California",2009,133967,3020.0,1039.0,88364,1398.0
California,Temecula city,"Temecula city, California",2009,98871,,655.0,76221,1331.0
California,Thousand Oaks city,"Thousand Oaks city, California",2009,123534,3522.0,461.0,100933,1577.0
California,Torrance city,"Torrance city, California",2009,140312,3022.0,792.0,74550,1364.0
California,Tracy city,"Tracy city, California",2009,79224,,667.0,80030,1207.0
California,Turlock city,"Turlock city, California",2009,68707,,1467.0,54697,773.0
California,Tustin city,"Tustin city, California",2009,72536,,790.0,76243,1369.0
California,Union City city,"Union City city, California",2009,72849,617.0,820.0,87205,1190.0
California,Upland city,"Upland city, California",2009,72966,,774.0,65333,1023.0
California,Vacaville city,"Vacaville city, California",2009,91993,,803.0,65712,1137.0
California,Vallejo city,"Vallejo city, California",2009,114600,1916.0,1686.0,60408,1022.0
California,Victorville city,"Victorville city, California",2009,110930,,3432.0,50496,880.0
California,Visalia city,"Visalia city, California",2009,122112,,2655.0,48222,788.0
California,Vista city,"Vista city, California",2009,92571,,955.0,50513,1114.0
California,West Covina city,"West Covina city, California",2009,105463,,650.0,63833,1218.0
California,Westminster city,"Westminster city, California",2009,89551,862.0,778.0,58253,1165.0
California,Whittier city,"Whittier city, California",2009,81862,,447.0,66347,1053.0
California,Yorba Linda city,"Yorba Linda city, California",2009,66111,,229.0,102539,1778.0
Colorado,Arvada city,"Arvada city, Colorado",2009,108165,2598.0,1093.0,66378,849.0
Colorado,Aurora city,"Aurora city, Colorado",2009,323288,6118.0,1793.0,45904,751.0
Colorado,Boulder city,"Boulder city, Colorado",2009,100160,5389.0,448.0,47967,1002.0
Colorado,Centennial city,"Centennial city, Colorado",2009,100556,4134.0,314.0,83110,979.0
Colorado,Colorado Springs city,"Colorado Springs city, Colorado",2009,399803,10370.0,2780.0,52984,669.0
Colorado,Denver city,"Denver city, Colorado",2009,610345,18061.0,7260.0,46410,752.0
Colorado,Fort Collins city,"Fort Collins city, Colorado",2009,138722,4779.0,925.0,50652,823.0
Colorado,Greeley city,"Greeley city, Colorado",2009,92621,,793.0,43006,614.0
Colorado,Highlands Ranch CDP,"Highlands Ranch CDP, Colorado",2009,99760,,777.0,109700,1234.0
Colorado,Lakewood city,"Lakewood city, Colorado",2009,141928,3569.0,1994.0,54238,753.0
Colorado,Longmont city,"Longmont city, Colorado",2009,88369,,969.0,52067,780.0
Colorado,Loveland city,"Loveland city, Colorado",2009,66213,,640.0,51967,697.0
Colorado,Pueblo city,"Pueblo city, Colorado",2009,104875,,1588.0,30270,521.0
Colorado,Thornton city,"Thornton city, Colorado",2009,117636,,296.0,58670,828.0
Colorado,Westminster city,"Westminster city, Colorado",2009,109173,2648.0,1036.0,60662,835.0
Connecticut,Bridgeport city,"Bridgeport city, Connecticut",2009,137304,668.0,2927.0,39949,825.0
Connecticut,Danbury city,"Danbury city, Connecticut",2009,79748,1492.0,487.0,64534,1017.0
Connecticut,Hartford city,"Hartford city, Connecticut",2009,124063,916.0,6871.0,28300,676.0
Connecticut,New Britain city,"New Britain city, Connecticut",2009,70543,,1548.0,39805,723.0
Connecticut,New Haven city,"New Haven city, Connecticut",2009,123314,2660.0,2785.0,38279,872.0
Connecticut,Norwalk city,"Norwalk city, Connecticut",2009,83800,788.0,1294.0,72752,983.0
Connecticut,Stamford city,"Stamford city, Connecticut",2009,121025,1387.0,601.0,75765,1357.0
Connecticut,Waterbury city,"Waterbury city, Connecticut",2009,107141,,3006.0,33750,692.0
Delaware,Wilmington city,"Wilmington city, Delaware",2009,73090,,1783.0,34381,694.0
District of Columbia,Washington city,"Washington city, District of Columbia",2009,599657,15041.0,13308.0,59290,961.0
Florida,Boca Raton city,"Boca Raton city, Florida",2009,86433,,492.0,68254,1135.0
Florida,Boynton Beach city,"Boynton Beach city, Florida",2009,69643,,381.0,41499,977.0
Florida,Brandon CDP,"Brandon CDP, Florida",2009,90757,,659.0,50867,789.0
Florida,Cape Coral city,"Cape Coral city, Florida",2009,154209,,1470.0,48043,808.0
Florida,Clearwater city,"Clearwater city, Florida",2009,106064,,644.0,39849,762.0
Florida,Coral Springs city,"Coral Springs city, Florida",2009,126507,,238.0,64063,1110.0
Florida,Davie town,"Davie town, Florida",2009,91717,,421.0,54606,982.0
Florida,Deerfield Beach city,"Deerfield Beach city, Florida",2009,75194,,555.0,34313,916.0
Florida,Deltona city,"Deltona city, Florida",2009,83529,,211.0,48623,845.0
Florida,Fort Lauderdale city,"Fort Lauderdale city, Florida",2009,184906,3697.0,1336.0,48148,881.0
Florida,Fort Myers city,"Fort Myers city, Florida",2009,64669,,996.0,33266,691.0
Florida,Gainesville city,"Gainesville city, Florida",2009,116615,1114.0,838.0,27420,686.0
Florida,Hialeah city,"Hialeah city, Florida",2009,218901,,1335.0,29596,791.0
Florida,Hollywood city,"Hollywood city, Florida",2009,142615,2118.0,647.0,45554,884.0
Florida,Jacksonville city,"Jacksonville city, Florida",2009,813518,13017.0,5300.0,46312,730.0
Florida,Kendall CDP,"Kendall CDP, Florida",2009,75790,,346.0,52127,1144.0
Florida,Lakeland city,"Lakeland city, Florida",2009,93738,,1654.0,36013,684.0
Florida,Largo city,"Largo city, Florida",2009,73222,,374.0,36494,735.0
Florida,Lauderhill city,"Lauderhill city, Florida",2009,67437,,329.0,39419,859.0
Florida,Lehigh Acres CDP,"Lehigh Acres CDP, Florida",2009,74656,,579.0,42321,728.0
Florida,Melbourne city,"Melbourne city, Florida",2009,77462,,330.0,38764,693.0
Florida,Miami Beach city,"Miami Beach city, Florida",2009,88066,2555.0,443.0,44252,913.0
Florida,Miami Gardens city,"Miami Gardens city, Florida",2009,109336,,528.0,44148,835.0
Florida,Miami city,"Miami city, Florida",2009,433143,8088.0,2868.0,28999,794.0
Florida,Miramar city,"Miramar city, Florida",2009,109165,,224.0,58807,1274.0
Florida,Orlando city,"Orlando city, Florida",2009,235876,4076.0,1458.0,39881,802.0
Florida,Palm Bay city,"Palm Bay city, Florida",2009,101007,,500.0,41534,764.0
Florida,Palm Coast city,"Palm Coast city, Florida",2009,71774,,295.0,49339,871.0
Florida,Pembroke Pines city,"Pembroke Pines city, Florida",2009,146625,,313.0,59426,1178.0
Florida,Plantation city,"Plantation city, Florida",2009,84904,,883.0,58785,1170.0
Florida,Pompano Beach city,"Pompano Beach city, Florida",2009,102609,,733.0,36811,893.0
Florida,Port St. Lucie city,"Port St. Lucie city, Florida",2009,154399,,837.0,49331,997.0
Florida,Spring Hill CDP,"Spring Hill CDP, Florida",2009,91802,,838.0,40372,745.0
Florida,St. Petersburg city,"St. Petersburg city, Florida",2009,244318,4814.0,2324.0,41210,760.0
Florida,Sunrise city,"Sunrise city, Florida",2009,89731,,573.0,48083,1124.0
Florida,Tallahassee city,"Tallahassee city, Florida",2009,172576,1653.0,888.0,34335,674.0
Florida,Tampa city,"Tampa city, Florida",2009,343879,8561.0,4400.0,41605,758.0
Florida,Town 'n' Country CDP,"Town 'n' Country CDP, Florida",2009,74372,,268.0,45680,849.0
Florida,West Palm Beach city,"West Palm Beach city, Florida",2009,99506,,608.0,43724,851.0
Florida,Weston city,"Weston city, Florida",2009,63924,,198.0,91372,1684.0
Georgia,Albany city,"Albany city, Georgia",2009,74596,,678.0,29981,464.0
Georgia,Athens-Clarke County unified government (balance),"Athens-Clarke County unified government (balance), Georgia",2009,115586,1445.0,646.0,32019,620.0
Georgia,Atlanta city,"Atlanta city, Georgia",2009,540932,15095.0,4353.0,49981,735.0
Georgia,Augusta-Richmond County consolidated government (balance),"Augusta-Richmond County consolidated government (balance), Georgia",2009,195639,,2018.0,34082,522.0
Georgia,Columbus city,"Columbus city, Georgia",2009,190414,17873.0,1304.0,39438,563.0
Georgia,Macon city,"Macon city, Georgia",2009,92389,,915.0,26758,442.0
Georgia,Marietta city,"Marietta city, Georgia",2009,66948,,371.0,44052,698.0
Georgia,Roswell city,"Roswell city, Georgia",2009,87724,,197.0,80394,806.0
Georgia,Sandy Springs city,"Sandy Springs city, Georgia",2009,85619,,489.0,73290,799.0
Georgia,Savannah city,"Savannah city, Georgia",2009,134703,,1367.0,33332,658.0
Hawaii,Honolulu CDP,"Honolulu CDP, Hawaii",2009,374658,6645.0,3966.0,57601,1126.0
Idaho,Boise City city,"Boise City city, Idaho",2009,205698,4684.0,2199.0,47898,677.0
Idaho,Meridian city,"Meridian city, Idaho",2009,68520,,1001.0,60324,863.0
Idaho,Nampa city,"Nampa city, Idaho",2009,81236,,1275.0,37057,597.0
Illinois,Arlington Heights village,"Arlington Heights village, Illinois",2009,74871,,243.0,69002,973.0
Illinois,Aurora city,"Aurora city, Illinois",2009,180569,2033.0,1119.0,59844,813.0
Illinois,Bloomington city,"Bloomington city, Illinois",2009,74188,,581.0,56289,590.0
Illinois,Bolingbrook village,"Bolingbrook village, Illinois",2009,68471,,209.0,83680,809.0
Illinois,Champaign city,"Champaign city, Illinois",2009,80288,,165.0,38176,684.0
Illinois,Chicago city,"Chicago city, Illinois",2009,2850502,53035.0,45180.0,45734,768.0
Illinois,Cicero town,"Cicero town, Illinois",2009,80108,383.0,578.0,48730,684.0
Illinois,Decatur city,"Decatur city, Illinois",2009,73799,,529.0,37132,465.0
Illinois,Elgin city,"Elgin city, Illinois",2009,107163,1235.0,394.0,56091,743.0
Illinois,Evanston city,"Evanston city, Illinois",2009,77869,2457.0,453.0,67661,944.0
Illinois,Joliet city,"Joliet city, Illinois",2009,144618,,1232.0,53675,680.0
Illinois,Naperville city,"Naperville city, Illinois",2009,143939,,612.0,98488,997.0
Illinois,Palatine village,"Palatine village, Illinois",2009,66701,,135.0,72521,932.0
Illinois,Peoria city,"Peoria city, Illinois",2009,122139,,769.0,44893,519.0
Illinois,Rockford city,"Rockford city, Illinois",2009,158834,3036.0,858.0,36990,545.0
Illinois,Schaumburg village,"Schaumburg village, Illinois",2009,69807,,563.0,66315,1018.0
Illinois,Skokie village,"Skokie village, Illinois",2009,66457,,787.0,64391,837.0
Illinois,Springfield city,"Springfield city, Illinois",2009,118116,1059.0,1387.0,49251,552.0
Illinois,Waukegan city,"Waukegan city, Illinois",2009,94277,877.0,707.0,46885,746.0
Indiana,Bloomington city,"Bloomington city, Indiana",2009,71318,,730.0,23772,627.0
Indiana,Carmel city,"Carmel city, Indiana",2009,74663,,58.0,87133,803.0
Indiana,Evansville city,"Evansville city, Indiana",2009,116217,1168.0,1350.0,34567,491.0
Indiana,Fishers town,"Fishers town, Indiana",2009,76857,,280.0,75516,872.0
Indiana,Fort Wayne city,"Fort Wayne city, Indiana",2009,251825,3311.0,4162.0,41038,509.0
Indiana,Gary city,"Gary city, Indiana",2009,95499,,2949.0,24821,535.0
Indiana,Hammond city,"Hammond city, Indiana",2009,76535,,965.0,39786,629.0
Indiana,Indianapolis city (balance),"Indianapolis city (balance), Indiana",2009,807640,10723.0,12072.0,40278,585.0
Indiana,Lafayette city,"Lafayette city, Indiana",2009,61957,,1441.0,34998,555.0
Indiana,Muncie city,"Muncie city, Indiana",2009,67895,,599.0,26009,462.0
Indiana,South Bend city,"South Bend city, Indiana",2009,105036,905.0,2015.0,32778,564.0
Iowa,Cedar Rapids city,"Cedar Rapids city, Iowa",2009,127765,,2246.0,48953,567.0
Iowa,Davenport city,"Davenport city, Iowa",2009,101331,,1684.0,42774,511.0
Iowa,Des Moines city,"Des Moines city, Iowa",2009,200569,3008.0,3507.0,42718,601.0
Iowa,Iowa City city,"Iowa City city, Iowa",2009,69077,1303.0,693.0,39858,640.0
Iowa,Sioux City city,"Sioux City city, Iowa",2009,83732,,1504.0,40907,497.0
Iowa,Waterloo city,"Waterloo city, Iowa",2009,66757,,1145.0,36787,488.0
Kansas,Kansas City city,"Kansas City city, Kansas",2009,142214,,2041.0,34652,492.0
Kansas,Lawrence city,"Lawrence city, Kansas",2009,92055,2172.0,848.0,39496,678.0
Kansas,Olathe city,"Olathe city, Kansas",2009,121945,,1177.0,75009,697.0
Kansas,Overland Park city,"Overland Park city, Kansas",2009,174928,5838.0,639.0,68519,777.0
Kansas,Topeka city,"Topeka city, Kansas",2009,124351,,2388.0,39109,496.0
Kansas,Wichita city,"Wichita city, Kansas",2009,372194,4531.0,5641.0,44405,481.0
Kentucky,Lexington-Fayette urban county,"Lexington-Fayette urban county, Kentucky",2009,296545,4694.0,2308.0,46385,604.0
Kentucky,Louisville/Jefferson County metro government (balance),"Louisville/Jefferson County metro government (balance), Kentucky",2009,566492,7449.0,7325.0,41445,530.0
Louisiana,Baton Rouge city,"Baton Rouge city, Louisiana",2009,225388,2522.0,1110.0,36917,602.0
Louisiana,Kenner city,"Kenner city, Louisiana",2009,67841,,48.0,55022,800.0
Louisiana,Lafayette city,"Lafayette city, Louisiana",2009,114918,,202.0,44977,637.0
Louisiana,Lake Charles city,"Lake Charles city, Louisiana",2009,71535,,584.0,34304,527.0
Louisiana,Metairie CDP,"Metairie CDP, Louisiana",2009,145737,,735.0,52625,783.0
Louisiana,New Orleans city,"New Orleans city, Louisiana",2009,354850,6465.0,1623.0,36468,740.0
Louisiana,Shreveport city,"Shreveport city, Louisiana",2009,199163,1719.0,524.0,37591,555.0
Maryland,Baltimore city,"Baltimore city, Maryland",2009,637418,9146.0,10988.0,38772,710.0
Maryland,Columbia CDP,"Columbia CDP, Maryland",2009,87081,,805.0,93801,1210.0
Maryland,Ellicott City CDP,"Ellicott City CDP, Maryland",2009,65871,,34.0,113436,1036.0
Maryland,Silver Spring CDP,"Silver Spring CDP, Maryland",2009,76043,2353.0,201.0,74158,1227.0
Maryland,Wheaton-Glenmont CDP,"Wheaton-Glenmont CDP, Maryland",2009,67215,,535.0,61829,1222.0
Massachusetts,Boston city,"Boston city, Massachusetts",2009,645187,12200.0,8800.0,55979,1075.0
Massachusetts,Brockton city,"Brockton city, Massachusetts",2009,93526,783.0,1326.0,47342,872.0
Massachusetts,Cambridge city,"Cambridge city, Massachusetts",2009,108776,3881.0,944.0,69227,1394.0
Massachusetts,Fall River city,"Fall River city, Massachusetts",2009,90828,,1830.0,33124,551.0
Massachusetts,Framingham CDP,"Framingham CDP, Massachusetts",2009,67202,,556.0,62039,907.0
Massachusetts,Lawrence city,"Lawrence city, Massachusetts",2009,70562,,1626.0,31457,791.0
Massachusetts,Lowell city,"Lowell city, Massachusetts",2009,104385,,2080.0,46774,728.0
Massachusetts,Lynn city,"Lynn city, Massachusetts",2009,87525,,1632.0,39365,788.0
Massachusetts,New Bedford city,"New Bedford city, Massachusetts",2009,91048,,3117.0,33451,605.0
Massachusetts,Newton city,"Newton city, Massachusetts",2009,84596,3585.0,613.0,108686,1367.0
Massachusetts,Quincy city,"Quincy city, Massachusetts",2009,91025,1065.0,429.0,56749,988.0
Massachusetts,Somerville city,"Somerville city, Massachusetts",2009,76489,857.0,907.0,69471,1173.0
Massachusetts,Springfield city,"Springfield city, Massachusetts",2009,155594,,4769.0,36235,615.0
Massachusetts,Worcester city,"Worcester city, Massachusetts",2009,182892,2585.0,3218.0,47415,737.0
Michigan,Ann Arbor city,"Ann Arbor city, Michigan",2009,112917,2717.0,718.0,50291,842.0
Michigan,Canton CDP,"Canton CDP, Michigan",2009,80435,,430.0,80965,720.0
Michigan,Clinton CDP,"Clinton CDP, Michigan",2009,95983,,1426.0,46575,627.0
Michigan,Dearborn city,"Dearborn city, Michigan",2009,84579,,1399.0,44750,685.0
Michigan,Detroit city,"Detroit city, Michigan",2009,910848,7546.0,28602.0,26098,562.0
Michigan,Farmington Hills city,"Farmington Hills city, Michigan",2009,78687,,1002.0,67668,758.0
Michigan,Flint city,"Flint city, Michigan",2009,111485,,7235.0,27049,428.0
Michigan,Grand Rapids city,"Grand Rapids city, Michigan",2009,193707,3871.0,6882.0,37625,595.0
Michigan,Kalamazoo city,"Kalamazoo city, Michigan",2009,72836,,1589.0,27355,569.0
Michigan,Lansing city,"Lansing city, Michigan",2009,113389,,2845.0,35774,578.0
Michigan,Livonia city,"Livonia city, Michigan",2009,89291,,583.0,66490,699.0
Michigan,Pontiac city,"Pontiac city, Michigan",2009,66267,,1636.0,30021,605.0
Michigan,Rochester Hills city,"Rochester Hills city, Michigan",2009,69207,,470.0,70434,873.0
Michigan,Shelby CDP,"Shelby CDP, Michigan",2009,71584,,341.0,61541,715.0
Michigan,Southfield city,"Southfield city, Michigan",2009,75532,,968.0,48652,816.0
Michigan,Sterling Heights city,"Sterling Heights city, Michigan",2009,127181,,1608.0,51545,690.0
Michigan,Troy city,"Troy city, Michigan",2009,80542,,401.0,85127,885.0
Michigan,Warren city,"Warren city, Michigan",2009,133889,,2579.0,43329,622.0
Michigan,Waterford CDP,"Waterford CDP, Michigan",2009,70775,,1230.0,50786,568.0
Michigan,West Bloomfield Township CDP,"West Bloomfield Township CDP, Michigan",2009,64005,,346.0,89635,1155.0
Michigan,Westland city,"Westland city, Michigan",2009,77300,,1167.0,43875,619.0
Michigan,Wyoming city,"Wyoming city, Michigan",2009,70686,,836.0,41431,608.0
Minnesota,Bloomington city,"Bloomington city, Minnesota",2009,82929,1413.0,687.0,57805,829.0
Minnesota,Brooklyn Park city,"Brooklyn Park city, Minnesota",2009,72184,,1039.0,64937,774.0
Minnesota,Duluth city,"Duluth city, Minnesota",2009,84415,,1850.0,35341,657.0
Minnesota,Minneapolis city,"Minneapolis city, Minnesota",2009,385384,9405.0,9686.0,45538,720.0
Minnesota,Plymouth city,"Plymouth city, Minnesota",2009,72851,,641.0,81748,906.0
Minnesota,Rochester city,"Rochester city, Minnesota",2009,103480,,1188.0,62420,688.0
Minnesota,St. Cloud city,"St. Cloud city, Minnesota",2009,64126,,1328.0,35868,608.0
Minnesota,St. Paul city,"St. Paul city, Minnesota",2009,281244,5896.0,9297.0,41636,672.0
Mississippi,Gulfport city,"Gulfport city, Mississippi",2009,70802,,577.0,37506,733.0
Mississippi,Jackson city,"Jackson city, Mississippi",2009,175070,,3683.0,31875,558.0
Missouri,Columbia city,"Columbia city, Missouri",2009,102332,1683.0,1122.0,42800,606.0
Missouri,Independence city,"Independence city, Missouri",2009,121186,,1810.0,45082,537.0
Missouri,Kansas City city,"Kansas City city, Missouri",2009,482228,7751.0,4387.0,41999,584.0
Missouri,Lee's Summit city,"Lee's Summit city, Missouri",2009,86125,,178.0,74437,713.0
Missouri,O'Fallon city,"O'Fallon city, Missouri",2009,78863,,118.0,66437,738.0
Missouri,Springfield city,"Springfield city, Missouri",2009,157647,2395.0,1878.0,30831,501.0
Missouri,St. Charles city,"St. Charles city, Missouri",2009,65649,,813.0,51523,613.0
Missouri,St. Joseph city,"St. Joseph city, Missouri",2009,77552,,1001.0,40638,495.0
Missouri,St. Louis city,"St. Louis city, Missouri",2009,356587,2989.0,5632.0,34801,502.0
Montana,Billings city,"Billings city, Montana",2009,105850,1630.0,1429.0,45957,606.0
Montana,Missoula city,"Missoula city, Montana",2009,68875,1241.0,775.0,32046,597.0
Nebraska,Lincoln city,"Lincoln city, Nebraska",2009,254008,3117.0,2301.0,44702,566.0
Nebraska,Omaha city,"Omaha city, Nebraska",2009,454714,7263.0,5295.0,46595,601.0
Nevada,Enterprise CDP,"Enterprise CDP, Nevada",2009,106328,,1195.0,73523,1148.0
Nevada,Henderson city,"Henderson city, Nevada",2009,256424,7135.0,1508.0,64431,1034.0
Nevada,Las Vegas city,"Las Vegas city, Nevada",2009,567610,7787.0,6430.0,50935,858.0
Nevada,North Las Vegas city,"North Las Vegas city, Nevada",2009,224416,1212.0,2253.0,55682,959.0
Nevada,Paradise CDP,"Paradise CDP, Nevada",2009,202987,2696.0,2481.0,47599,814.0
Nevada,Reno city,"Reno city, Nevada",2009,219649,3704.0,2527.0,47856,749.0
Nevada,Sparks city,"Sparks city, Nevada",2009,89337,,1088.0,50704,788.0
Nevada,Spring Valley CDP,"Spring Valley CDP, Nevada",2009,160319,3248.0,1352.0,56415,974.0
Nevada,Sunrise Manor CDP,"Sunrise Manor CDP, Nevada",2009,189166,2300.0,2242.0,43634,744.0
New Hampshire,Manchester city,"Manchester city, New Hampshire",2009,109263,,2383.0,48720,829.0
New Hampshire,Nashua city,"Nashua city, New Hampshire",2009,87556,,1356.0,58789,878.0
New Jersey,Camden city,"Camden city, New Jersey",2009,78785,361.0,2965.0,26752,574.0
New Jersey,Clifton city,"Clifton city, New Jersey",2009,78232,,496.0,58401,994.0
New Jersey,East Orange city,"East Orange city, New Jersey",2009,65159,,1940.0,40562,815.0
New Jersey,Edison CDP,"Edison CDP, New Jersey",2009,99724,,484.0,87662,1095.0
New Jersey,Elizabeth city,"Elizabeth city, New Jersey",2009,125299,1794.0,1969.0,41312,857.0
New Jersey,Jersey City city,"Jersey City city, New Jersey",2009,242513,3430.0,3132.0,57166,976.0
New Jersey,Newark city,"Newark city, New Jersey",2009,278157,1605.0,6278.0,35963,814.0
New Jersey,Passaic city,"Passaic city, New Jersey",2009,67015,630.0,522.0,29218,854.0
New Jersey,Paterson city,"Paterson city, New Jersey",2009,145836,744.0,3020.0,29637,869.0
New Jersey,Toms River CDP,"Toms River CDP, New Jersey",2009,94408,,451.0,70493,976.0
New Jersey,Trenton city,"Trenton city, New Jersey",2009,83232,884.0,1755.0,32887,730.0
New Jersey,Union City city,"Union City city, New Jersey",2009,61947,859.0,781.0,39890,890.0
New Mexico,Albuquerque city,"Albuquerque city, New Mexico",2009,529216,10305.0,5398.0,44594,638.0
New Mexico,Las Cruces city,"Las Cruces city, New Mexico",2009,93449,,540.0,37471,524.0
New Mexico,Rio Rancho city,"Rio Rancho city, New Mexico",2009,82495,,597.0,61844,853.0
New Mexico,Santa Fe city,"Santa Fe city, New Mexico",2009,73972,,1148.0,52045,793.0
New York,Albany city,"Albany city, New York",2009,93849,,1248.0,37505,678.0
New York,Buffalo city,"Buffalo city, New York",2009,270221,2496.0,10064.0,29285,472.0
New York,Cheektowaga CDP,"Cheektowaga CDP, New York",2009,74609,,493.0,42284,545.0
New York,Mount Vernon city,"Mount Vernon city, New York",2009,68813,,1104.0,47380,966.0
New York,New Rochelle city,"New Rochelle city, New York",2009,74277,2367.0,678.0,64304,1142.0
New York,New York city,"New York city, New York",2009,8391881,141685.0,128529.0,50033,987.0
New York,Rochester city,"Rochester city, New York",2009,207291,2396.0,7446.0,30553,570.0
New York,Syracuse city,"Syracuse city, New York",2009,138562,1392.0,3086.0,30075,545.0
New York,Yonkers city,"Yonkers city, New York",2009,201073,2739.0,1565.0,53075,997.0
North Carolina,Asheville city,"Asheville city, North Carolina",2009,76631,,706.0,34457,684.0
North Carolina,Cary town,"Cary town, North Carolina",2009,137163,,305.0,83292,749.0
North Carolina,Charlotte city,"Charlotte city, North Carolina",2009,704417,19532.0,5287.0,49779,692.0
North Carolina,Concord city,"Concord city, North Carolina",2009,67248,,295.0,49131,614.0
North Carolina,Durham city,"Durham city, North Carolina",2009,229147,4588.0,1416.0,46136,661.0
North Carolina,Fayetteville city,"Fayetteville city, North Carolina",2009,198066,4246.0,2666.0,39444,632.0
North Carolina,Gastonia city,"Gastonia city, North Carolina",2009,72912,,456.0,38650,566.0
North Carolina,Greensboro city,"Greensboro city, North Carolina",2009,255141,4003.0,4591.0,38694,596.0
North Carolina,Greenville city,"Greenville city, North Carolina",2009,81798,,542.0,34617,499.0
North Carolina,High Point city,"High Point city, North Carolina",2009,103921,,492.0,40856,535.0
North Carolina,Jacksonville city,"Jacksonville city, North Carolina",2009,80549,,70.0,38315,788.0
North Carolina,Raleigh city,"Raleigh city, North Carolina",2009,405197,12882.0,1642.0,51969,711.0
North Carolina,Wilmington city,"Wilmington city, North Carolina",2009,101353,,2627.0,35634,685.0
North Carolina,Winston-Salem city,"Winston-Salem city, North Carolina",2009,229826,3447.0,1037.0,39808,528.0
North Dakota,Fargo city,"Fargo city, North Dakota",2009,95568,,1301.0,38212,549.0
Ohio,Akron city,"Akron city, Ohio",2009,207208,1860.0,7913.0,32892,512.0
Ohio,Canton city,"Canton city, Ohio",2009,78382,,2339.0,29339,393.0
Ohio,Cincinnati city,"Cincinnati city, Ohio",2009,333013,6047.0,6380.0,32754,490.0
Ohio,Cleveland city,"Cleveland city, Ohio",2009,431369,4668.0,11962.0,24687,473.0
Ohio,Columbus city,"Columbus city, Ohio",2009,773021,12655.0,10709.0,41370,613.0
Ohio,Dayton city,"Dayton city, Ohio",2009,153832,,4705.0,27232,448.0
Ohio,Lorain city,"Lorain city, Ohio",2009,70263,,2131.0,30526,450.0
Ohio,Parma city,"Parma city, Ohio",2009,77270,,879.0,50220,655.0
Ohio,Toledo city,"Toledo city, Ohio",2009,316164,3595.0,7594.0,32325,466.0
Ohio,Youngstown city,"Youngstown city, Ohio",2009,72429,,3522.0,25175,401.0
Oklahoma,Broken Arrow city,"Broken Arrow city, Oklahoma",2009,101431,,707.0,64534,712.0
Oklahoma,Edmond city,"Edmond city, Oklahoma",2009,81092,,479.0,68057,692.0
Oklahoma,Lawton city,"Lawton city, Oklahoma",2009,87407,,1192.0,44935,551.0
Oklahoma,Norman city,"Norman city, Oklahoma",2009,109056,,1537.0,45143,592.0
Oklahoma,Oklahoma City city,"Oklahoma City city, Oklahoma",2009,560226,7857.0,6750.0,41411,522.0
Oklahoma,Tulsa city,"Tulsa city, Oklahoma",2009,389369,6303.0,7275.0,38426,550.0
Oregon,Beaverton city,"Beaverton city, Oregon",2009,93425,2621.0,432.0,52311,776.0
Oregon,Bend city,"Bend city, Oregon",2009,77291,,2042.0,53177,789.0
Oregon,Eugene city,"Eugene city, Oregon",2009,153275,3458.0,1286.0,39640,696.0
Oregon,Gresham city,"Gresham city, Oregon",2009,102302,,1943.0,48342,734.0
Oregon,Hillsboro city,"Hillsboro city, Oregon",2009,95545,1686.0,949.0,57096,811.0
Oregon,Medford city,"Medford city, Oregon",2009,73483,,915.0,40862,681.0
Oregon,Portland city,"Portland city, Oregon",2009,566606,17235.0,11095.0,50203,764.0
Oregon,Salem city,"Salem city, Oregon",2009,159292,2666.0,1341.0,42035,592.0
Pennsylvania,Allentown city,"Allentown city, Pennsylvania",2009,107819,,2267.0,33664,689.0
Pennsylvania,Bethlehem city,"Bethlehem city, Pennsylvania",2009,73338,1033.0,1212.0,42927,757.0
Pennsylvania,Erie city,"Erie city, Pennsylvania",2009,103573,,2470.0,32136,448.0
Pennsylvania,Philadelphia city,"Philadelphia city, Pennsylvania",2009,1547297,21156.0,42139.0,37045,666.0
Pennsylvania,Pittsburgh city,"Pittsburgh city, Pennsylvania",2009,311640,3557.0,6188.0,37461,576.0
Pennsylvania,Reading city,"Reading city, Pennsylvania",2009,80997,923.0,2625.0,28597,558.0
Pennsylvania,Scranton city,"Scranton city, Pennsylvania",2009,71941,518.0,1408.0,38774,502.0
Rhode Island,Cranston city,"Cranston city, Rhode Island",2009,80125,,443.0,58903,846.0
Rhode Island,Pawtucket city,"Pawtucket city, Rhode Island",2009,71948,,760.0,39614,685.0
Rhode Island,Providence city,"Providence city, Rhode Island",2009,171904,4782.0,2730.0,37619,735.0
Rhode Island,Warwick city,"Warwick city, Rhode Island",2009,84762,,444.0,59088,860.0
South Carolina,Charleston city,"Charleston city, South Carolina",2009,115459,2254.0,470.0,47942,784.0
South Carolina,Columbia city,"Columbia city, South Carolina",2009,129539,,865.0,38807,616.0
South Carolina,Mount Pleasant town,"Mount Pleasant town, South Carolina",2009,66420,,550.0,74128,1074.0
South Carolina,North Charleston city,"North Charleston city, South Carolina",2009,105471,853.0,735.0,36942,637.0
South Carolina,Rock Hill city,"Rock Hill city, South Carolina",2009,69213,,669.0,38331,593.0
South Dakota,Rapid City city,"Rapid City city, South Dakota",2009,67097,,515.0,42639,597.0
South Dakota,Sioux Falls city,"Sioux Falls city, South Dakota",2009,167262,,1515.0,47040,595.0
Tennessee,Chattanooga city,"Chattanooga city, Tennessee",2009,171351,1808.0,2086.0,35333,525.0
Tennessee,Clarksville city,"Clarksville city, Tennessee",2009,124572,,409.0,45679,608.0
Tennessee,Knoxville city,"Knoxville city, Tennessee",2009,185106,2384.0,6076.0,31898,542.0
Tennessee,Memphis city,"Memphis city, Tennessee",2009,676646,8235.0,10115.0,34203,570.0
Tennessee,Murfreesboro city,"Murfreesboro city, Tennessee",2009,105203,,1284.0,46733,685.0
Tennessee,Nashville-Davidson metropolitan government (balance),"Nashville-Davidson metropolitan government (balance), Tennessee",2009,605466,13252.0,4794.0,45540,655.0
Texas,Abilene city,"Abilene city, Texas",2009,114860,,129.0,41957,549.0
Texas,Allen city,"Allen city, Texas",2009,84249,,71.0,100843,933.0
Texas,Amarillo city,"Amarillo city, Texas",2009,193311,1735.0,1306.0,41759,534.0
Texas,Arlington city,"Arlington city, Texas",2009,380072,5272.0,2232.0,50938,634.0
Texas,Austin city,"Austin city, Texas",2009,790593,23151.0,4742.0,50132,744.0
Texas,Baytown city,"Baytown city, Texas",2009,73083,,402.0,50107,606.0
Texas,Beaumont city,"Beaumont city, Texas",2009,110121,,1293.0,40435,528.0
Texas,Brownsville city,"Brownsville city, Texas",2009,176862,988.0,1536.0,32131,416.0
Texas,Bryan city,"Bryan city, Texas",2009,71885,,1873.0,33863,564.0
Texas,Carrollton city,"Carrollton city, Texas",2009,129184,3562.0,982.0,64094,760.0
Texas,College Station city,"College Station city, Texas",2009,86676,970.0,491.0,24525,711.0
Texas,Corpus Christi city,"Corpus Christi city, Texas",2009,287231,3540.0,1712.0,42157,596.0
Texas,Dallas city,"Dallas city, Texas",2009,1299590,21979.0,8044.0,39829,647.0
Texas,Denton city,"Denton city, Texas",2009,122833,,259.0,48443,676.0
Texas,Edinburg city,"Edinburg city, Texas",2009,72419,,754.0,37379,512.0
Texas,El Paso city,"El Paso city, Texas",2009,620440,6886.0,12873.0,37030,529.0
Texas,Flower Mound town,"Flower Mound town, Texas",2009,70195,,72.0,108427,1148.0
Texas,Fort Worth city,"Fort Worth city, Texas",2009,731588,10110.0,5213.0,47634,625.0
Texas,Frisco city,"Frisco city, Texas",2009,118864,,266.0,101972,997.0
Texas,Garland city,"Garland city, Texas",2009,222013,2539.0,1309.0,49504,713.0
Texas,Grand Prairie city,"Grand Prairie city, Texas",2009,162296,,1316.0,49542,664.0
Texas,Harlingen city,"Harlingen city, Texas",2009,65309,,507.0,28611,507.0
Texas,Houston city,"Houston city, Texas",2009,2260918,34629.0,15307.0,42945,654.0
Texas,Irving city,"Irving city, Texas",2009,205549,3397.0,774.0,45879,711.0
Texas,Killeen city,"Killeen city, Texas",2009,119509,,969.0,39742,638.0
Texas,Laredo city,"Laredo city, Texas",2009,226419,2196.0,2057.0,38567,554.0
Texas,League City city,"League City city, Texas",2009,71069,,0.0,86085,891.0
Texas,Lewisville city,"Lewisville city, Texas",2009,105325,,2070.0,55411,768.0
Texas,Longview city,"Longview city, Texas",2009,77730,,529.0,41500,545.0
Texas,Lubbock city,"Lubbock city, Texas",2009,225865,3325.0,1861.0,38602,570.0
Texas,McAllen city,"McAllen city, Texas",2009,132228,2929.0,1168.0,34984,501.0
Texas,McKinney city,"McKinney city, Texas",2009,127679,,574.0,74784,713.0
Texas,Mesquite city,"Mesquite city, Texas",2009,133356,,903.0,50057,723.0
Texas,Midland city,"Midland city, Texas",2009,112005,,718.0,54113,687.0
Texas,Mission city,"Mission city, Texas",2009,68977,,465.0,37909,404.0
Texas,Missouri City city,"Missouri City city, Texas",2009,74886,,227.0,83424,1127.0
Texas,North Richland Hills city,"North Richland Hills city, Texas",2009,66004,,403.0,59334,764.0
Texas,Odessa city,"Odessa city, Texas",2009,101037,,1565.0,43149,583.0
Texas,Pasadena city,"Pasadena city, Texas",2009,145783,,864.0,40770,619.0
Texas,Pearland city,"Pearland city, Texas",2009,84059,,154.0,85985,913.0
Texas,Pharr city,"Pharr city, Texas",2009,66230,,651.0,27834,469.0
Texas,Plano city,"Plano city, Texas",2009,273381,9639.0,1031.0,77140,818.0
Texas,Richardson city,"Richardson city, Texas",2009,103204,,375.0,60059,857.0
Texas,Round Rock city,"Round Rock city, Texas",2009,104835,,674.0,68983,772.0
Texas,San Angelo city,"San Angelo city, Texas",2009,91659,,465.0,39461,563.0
Texas,San Antonio city,"San Antonio city, Texas",2009,1373677,16842.0,9518.0,42513,628.0
Texas,Sugar Land city,"Sugar Land city, Texas",2009,81740,,186.0,103055,1110.0
Texas,The Woodlands CDP,"The Woodlands CDP, Texas",2009,65792,,241.0,87670,946.0
Texas,Tyler city,"Tyler city, Texas",2009,98875,,209.0,42831,576.0
Texas,Waco city,"Waco city, Texas",2009,126218,,1278.0,30232,522.0
Texas,Wichita Falls city,"Wichita Falls city, Texas",2009,101311,,749.0,40621,505.0
Utah,Layton city,"Layton city, Utah",2009,66732,,779.0,60386,760.0
Utah,Ogden city,"Ogden city, Utah",2009,83297,,824.0,39378,595.0
Utah,Orem city,"Orem city, Utah",2009,95248,,526.0,50194,750.0
Utah,Provo city,"Provo city, Utah",2009,119782,,617.0,35937,649.0
Utah,Salt Lake City city,"Salt Lake City city, Utah",2009,183106,3364.0,1660.0,45754,653.0
Utah,Sandy city,"Sandy city, Utah",2009,97196,2977.0,453.0,72272,887.0
Utah,St. George city,"St. George city, Utah",2009,72553,,416.0,46005,738.0
Utah,West Jordan city,"West Jordan city, Utah",2009,104993,,260.0,60857,881.0
Utah,West Valley City city,"West Valley City city, Utah",2009,125089,2452.0,1196.0,51510,727.0
Virginia,Alexandria city,"Alexandria city, Virginia",2009,150006,3986.0,773.0,77095,1290.0
Virginia,Arlington CDP,"Arlington CDP, Virginia",2009,217483,7002.0,728.0,96218,1498.0
Virginia,Chesapeake city,"Chesapeake city, Virginia",2009,222455,5168.0,1197.0,64405,865.0
Virginia,Dale City CDP,"Dale City CDP, Virginia",2009,65408,,447.0,86343,1149.0
Virginia,Hampton city,"Hampton city, Virginia",2009,144236,,1507.0,46440,782.0
Virginia,Lynchburg city,"Lynchburg city, Virginia",2009,73933,,578.0,38314,496.0
Virginia,Newport News city,"Newport News city, Virginia",2009,193172,1498.0,1417.0,49554,768.0
Virginia,Norfolk city,"Norfolk city, Virginia",2009,233333,4577.0,2519.0,42741,736.0
Virginia,Portsmouth city,"Portsmouth city, Virginia",2009,99321,,859.0,43082,754.0
Virginia,Richmond city,"Richmond city, Virginia",2009,204451,3977.0,2844.0,36928,664.0
Virginia,Roanoke city,"Roanoke city, Virginia",2009,94482,,1235.0,34166,534.0
Virginia,Suffolk city,"Suffolk city, Virginia",2009,83659,,503.0,57083,701.0
Virginia,Virginia Beach city,"Virginia Beach city, Virginia",2009,433575,7650.0,2020.0,59298,997.0
Washington,Bellevue city,"Bellevue city, Washington",2009,126630,2711.0,1162.0,82408,1132.0
Washington,Bellingham city,"Bellingham city, Washington",2009,80076,,1473.0,35616,724.0
Washington,Everett city,"Everett city, Washington",2009,99400,,1699.0,46579,809.0
Washington,Federal Way city,"Federal Way city, Washington",2009,85822,,1886.0,54856,855.0
Washington,Kennewick city,"Kennewick city, Washington",2009,67805,,1350.0,50949,646.0
Washington,Kent city,"Kent city, Washington",2009,85531,,1485.0,54591,846.0
Washington,Seattle city,"Seattle city, Washington",2009,616669,20979.0,7637.0,60843,920.0
Washington,Spokane Valley city,"Spokane Valley city, Washington",2009,87371,,1491.0,44096,627.0
Washington,Spokane city,"Spokane city, Washington",2009,203268,3928.0,6318.0,38939,584.0
Washington,Tacoma city,"Tacoma city, Washington",2009,199635,3990.0,3860.0,48673,759.0
Washington,Vancouver city,"Vancouver city, Washington",2009,165733,3428.0,3787.0,45701,733.0
Washington,Yakima city,"Yakima city, Washington",2009,85828,1226.0,2276.0,35881,559.0
Wisconsin,Appleton city,"Appleton city, Wisconsin",2009,69895,,649.0,50873,521.0
Wisconsin,Eau Claire city,"Eau Claire city, Wisconsin",2009,66730,,465.0,38905,531.0
Wisconsin,Green Bay city,"Green Bay city, Wisconsin",2009,101415,,493.0,40857,531.0
Wisconsin,Kenosha city,"Kenosha city, Wisconsin",2009,98196,,843.0,47803,664.0
Wisconsin,Madison city,"Madison city, Wisconsin",2009,235410,3918.0,1069.0,49595,769.0
Wisconsin,Milwaukee city,"Milwaukee city, Wisconsin",2009,605027,6624.0,6891.0,34868,606.0
Wisconsin,Racine city,"Racine city, Wisconsin",2009,82003,,1960.0,35041,561.0
Wisconsin,Waukesha city,"Waukesha city, Wisconsin",2009,68384,,551.0,52379,657.0
Alabama,Birmingham city,"Birmingham city, Alabama",2010,211670,1967.0,2525.0,30212,472.0
Alabama,Dothan city,"Dothan city, Alabama",2010,66121,,504.0,39806,469.0
Alabama,Hoover city,"Hoover city, Alabama",2010,80376,,113.0,69359,704.0
Alabama,Huntsville city,"Huntsville city, Alabama",2010,181126,,840.0,44419,513.0
Alabama,Mobile city,"Mobile city, Alabama",2010,195249,2134.0,1742.0,37438,527.0
Alabama,Montgomery city,"Montgomery city, Alabama",2010,206655,2116.0,1684.0,41380,570.0
Alabama,Tuscaloosa city,"Tuscaloosa city, Alabama",2010,90637,,2118.0,35838,543.0
Alaska,Anchorage municipality,"Anchorage municipality, Alaska",2010,293227,5500.0,7366.0,72128,933.0
Arizona,Avondale city,"Avondale city, Arizona",2010,76446,,902.0,61369,885.0
Arizona,Chandler city,"Chandler city, Arizona",2010,236775,6266.0,1364.0,67648,838.0
Arizona,Flagstaff city,"Flagstaff city, Arizona",2010,65976,,518.0,45042,895.0
Arizona,Gilbert town,"Gilbert town, Arizona",2010,209007,6288.0,426.0,77866,1003.0
Arizona,Glendale city,"Glendale city, Arizona",2010,227358,3756.0,1846.0,45699,691.0
Arizona,Goodyear city,"Goodyear city, Arizona",2010,65445,,255.0,71030,941.0
Arizona,Mesa city,"Mesa city, Arizona",2010,440248,8404.0,3858.0,44747,679.0
Arizona,Peoria city,"Peoria city, Arizona",2010,154475,,1525.0,53848,860.0
Arizona,Phoenix city,"Phoenix city, Arizona",2010,1449481,36567.0,14918.0,42260,691.0
Arizona,San Tan Valley CDP,"San Tan Valley CDP, Arizona",2010,74977,,431.0,59434,863.0
Arizona,Scottsdale city,"Scottsdale city, Arizona",2010,217977,11475.0,1073.0,68824,921.0
Arizona,Surprise city,"Surprise city, Arizona",2010,117826,,1042.0,57114,933.0
Arizona,Tempe city,"Tempe city, Arizona",2010,162123,4361.0,1379.0,45151,721.0
Arizona,Tucson city,"Tucson city, Arizona",2010,521132,10318.0,10332.0,36428,614.0
Arizona,Yuma city,"Yuma city, Arizona",2010,93409,,1191.0,45789,671.0
Arkansas,Fayetteville city,"Fayetteville city, Arkansas",2010,73946,,820.0,32908,534.0
Arkansas,Fort Smith city,"Fort Smith city, Arkansas",2010,86338,,1249.0,37856,471.0
Arkansas,Jonesboro city,"Jonesboro city, Arkansas",2010,67486,,440.0,34329,490.0
Arkansas,Little Rock city,"Little Rock city, Arkansas",2010,193973,1831.0,1257.0,44415,575.0
Arkansas,Springdale city,"Springdale city, Arkansas",2010,70751,,304.0,40256,547.0
California,Alameda city,"Alameda city, California",2010,73981,1766.0,1388.0,68731,1167.0
California,Alhambra city,"Alhambra city, California",2010,83202,,507.0,49435,1090.0
California,Anaheim city,"Anaheim city, California",2010,337259,3502.0,2552.0,54157,1118.0
California,Antioch city,"Antioch city, California",2010,102745,,1693.0,62088,1168.0
California,Apple Valley town,"Apple Valley town, California",2010,69387,,1263.0,46250,819.0
California,Arden-Arcade CDP,"Arden-Arcade CDP, California",2010,87272,,3447.0,41476,753.0
California,Bakersfield city,"Bakersfield city, California",2010,348582,4684.0,7072.0,53038,770.0
California,Baldwin Park city,"Baldwin Park city, California",2010,75496,,1139.0,43546,1082.0
California,Bellflower city,"Bellflower city, California",2010,76717,,1033.0,47024,1015.0
California,Berkeley city,"Berkeley city, California",2010,112824,5884.0,1550.0,56623,1241.0
California,Buena Park city,"Buena Park city, California",2010,80766,863.0,1708.0,61262,1236.0
California,Burbank city,"Burbank city, California",2010,103472,2089.0,703.0,61520,1214.0
California,Camarillo city,"Camarillo city, California",2010,65406,,400.0,72193,1447.0
California,Carlsbad city,"Carlsbad city, California",2010,105707,,713.0,77097,1449.0
California,Carson city,"Carson city, California",2010,91828,,1007.0,67192,1207.0
California,Chico city,"Chico city, California",2010,86213,,1175.0,44062,793.0
California,Chino Hills city,"Chino Hills city, California",2010,75070,,448.0,100099,1592.0
California,Chino city,"Chino city, California",2010,78237,,721.0,70942,1114.0
California,Chula Vista city,"Chula Vista city, California",2010,244789,3660.0,1946.0,66246,1178.0
California,Citrus Heights city,"Citrus Heights city, California",2010,83490,,1582.0,50280,851.0
California,Clovis city,"Clovis city, California",2010,95915,,486.0,65471,886.0
California,Compton city,"Compton city, California",2010,96558,1595.0,2766.0,43728,893.0
California,Concord city,"Concord city, California",2010,122508,2203.0,1607.0,65695,1213.0
California,Corona city,"Corona city, California",2010,153335,2140.0,991.0,74015,1184.0
California,Costa Mesa city,"Costa Mesa city, California",2010,110253,3845.0,457.0,63570,1357.0
California,Daly City city,"Daly City city, California",2010,101361,785.0,836.0,72307,1389.0
California,Davis city,"Davis city, California",2010,65740,,108.0,58771,1159.0
California,Downey city,"Downey city, California",2010,111922,,486.0,53490,1128.0
California,East Los Angeles CDP,"East Los Angeles CDP, California",2010,127198,1161.0,1604.0,38986,845.0
California,El Cajon city,"El Cajon city, California",2010,99841,,2471.0,43435,956.0
California,El Monte city,"El Monte city, California",2010,113614,1709.0,1569.0,41076,962.0
California,Elk Grove city,"Elk Grove city, California",2010,153401,3140.0,1290.0,75590,1278.0
California,Escondido city,"Escondido city, California",2010,144402,1510.0,1388.0,43102,1079.0
California,Fairfield city,"Fairfield city, California",2010,105580,,1567.0,61603,1042.0
California,Folsom city,"Folsom city, California",2010,72348,,576.0,93620,1160.0
California,Fontana city,"Fontana city, California",2010,196778,3710.0,2867.0,58579,963.0
California,Fremont city,"Fremont city, California",2010,214613,3744.0,2779.0,87385,1318.0
California,Fresno city,"Fresno city, California",2010,496147,7802.0,15735.0,41144,721.0
California,Fullerton city,"Fullerton city, California",2010,135541,1868.0,1119.0,65360,1289.0
California,Garden Grove city,"Garden Grove city, California",2010,171386,1924.0,1728.0,60974,1199.0
California,Glendale city,"Glendale city, California",2010,191954,4220.0,3889.0,51923,1158.0
California,Hawthorne city,"Hawthorne city, California",2010,84382,,1218.0,41541,944.0
California,Hayward city,"Hayward city, California",2010,144549,1453.0,2274.0,59890,1105.0
California,Hemet city,"Hemet city, California",2010,79157,,1694.0,31739,798.0
California,Hesperia city,"Hesperia city, California",2010,90486,,1903.0,42651,802.0
California,Huntington Beach city,"Huntington Beach city, California",2010,190541,3859.0,1099.0,72469,1386.0
California,Indio city,"Indio city, California",2010,76512,,1262.0,36355,761.0
California,Inglewood city,"Inglewood city, California",2010,109799,,2149.0,40761,949.0
California,Irvine city,"Irvine city, California",2010,212982,5892.0,1098.0,85615,1633.0
California,Lake Forest city,"Lake Forest city, California",2010,77482,,744.0,91670,1486.0
California,Lakewood city,"Lakewood city, California",2010,80154,,591.0,73793,1339.0
California,Lancaster city,"Lancaster city, California",2010,156786,,2932.0,50492,927.0
California,Livermore city,"Livermore city, California",2010,81178,,381.0,95941,1204.0
California,Long Beach city,"Long Beach city, California",2010,462793,10182.0,9223.0,51426,974.0
California,Los Angeles city,"Los Angeles city, California",2010,3797144,97961.0,65522.0,47031,1015.0
California,Lynwood city,"Lynwood city, California",2010,69863,,956.0,38417,924.0
California,Manteca city,"Manteca city, California",2010,67338,,1269.0,57082,961.0
California,Menifee city,"Menifee city, California",2010,78018,,665.0,52739,970.0
California,Merced city,"Merced city, California",2010,79254,,2729.0,39834,684.0
California,Milpitas city,"Milpitas city, California",2010,67011,,711.0,92398,1500.0
California,Mission Viejo city,"Mission Viejo city, California",2010,93585,,681.0,92838,1554.0
California,Modesto city,"Modesto city, California",2010,201520,2579.0,3935.0,47983,838.0
California,Moreno Valley city,"Moreno Valley city, California",2010,194592,1118.0,3155.0,48907,1104.0
California,Mountain View city,"Mountain View city, California",2010,74320,2308.0,461.0,90993,1315.0
California,Murrieta city,"Murrieta city, California",2010,104108,,324.0,70962,1166.0
California,Napa city,"Napa city, California",2010,77122,,454.0,52991,1097.0
California,Newport Beach city,"Newport Beach city, California",2010,85442,,360.0,97140,1735.0
California,Norwalk city,"Norwalk city, California",2010,105686,,1745.0,57149,1097.0
California,Oakland city,"Oakland city, California",2010,391672,14564.0,8451.0,49190,931.0
California,Oceanside city,"Oceanside city, California",2010,167680,2785.0,1736.0,62422,1264.0
California,Ontario city,"Ontario city, California",2010,164517,,2328.0,53764,1113.0
California,Orange city,"Orange city, California",2010,136803,2958.0,769.0,72784,1318.0
California,Oxnard city,"Oxnard city, California",2010,198484,4343.0,2141.0,61316,1125.0
California,Palmdale city,"Palmdale city, California",2010,152944,2057.0,2264.0,53048,990.0
California,Pasadena city,"Pasadena city, California",2010,137294,2153.0,1500.0,67047,1270.0
California,Perris city,"Perris city, California",2010,68816,,1331.0,45251,873.0
California,Pittsburg city,"Pittsburg city, California",2010,63510,,669.0,56663,1137.0
California,Pleasanton city,"Pleasanton city, California",2010,70456,,490.0,109662,1388.0
California,Pomona city,"Pomona city, California",2010,149225,2602.0,2420.0,45909,946.0
California,Rancho Cucamonga city,"Rancho Cucamonga city, California",2010,165858,2465.0,671.0,76640,1267.0
California,Redding city,"Redding city, California",2010,89901,,1232.0,40741,730.0
California,Redlands city,"Redlands city, California",2010,68994,,500.0,71758,960.0
California,Redondo Beach city,"Redondo Beach city, California",2010,66825,,511.0,90507,1475.0
California,Redwood City city,"Redwood City city, California",2010,77013,,623.0,76468,1236.0
California,Rialto city,"Rialto city, California",2010,99530,,1589.0,46818,926.0
California,Richmond city,"Richmond city, California",2010,104059,1425.0,2460.0,46996,1037.0
California,Riverside city,"Riverside city, California",2010,305707,2516.0,2874.0,53847,963.0
California,Roseville city,"Roseville city, California",2010,119335,,1213.0,69932,1003.0
California,Sacramento city,"Sacramento city, California",2010,467503,9455.0,11100.0,46731,851.0
California,Salinas city,"Salinas city, California",2010,151031,,1372.0,47738,918.0
California,San Bernardino city,"San Bernardino city, California",2010,210670,2254.0,6245.0,38640,781.0
California,San Buenaventura (Ventura) city,"San Buenaventura (Ventura) city, California",2010,106730,,1817.0,60722,1202.0
California,San Diego city,"San Diego city, California",2010,1311886,44839.0,13202.0,60037,1189.0
California,San Francisco city,"San Francisco city, California",2010,805463,29220.0,9266.0,71745,1321.0
California,San Jose city,"San Jose city, California",2010,949197,17587.0,9931.0,76794,1290.0
California,San Leandro city,"San Leandro city, California",2010,85159,1978.0,1230.0,65333,1092.0
California,San Marcos city,"San Marcos city, California",2010,84079,,269.0,47942,1237.0
California,San Mateo city,"San Mateo city, California",2010,97461,1815.0,65.0,82075,1484.0
California,San Ramon city,"San Ramon city, California",2010,72404,,272.0,115347,1366.0
California,Santa Ana city,"Santa Ana city, California",2010,325483,1451.0,3553.0,51467,1150.0
California,Santa Barbara city,"Santa Barbara city, California",2010,88579,2738.0,510.0,61245,1270.0
California,Santa Clara city,"Santa Clara city, California",2010,116864,2599.0,1251.0,81366,1398.0
California,Santa Clarita city,"Santa Clarita city, California",2010,176535,5064.0,1487.0,76384,1357.0
California,Santa Maria city,"Santa Maria city, California",2010,99747,,1321.0,51450,1017.0
California,Santa Monica city,"Santa Monica city, California",2010,89861,4197.0,984.0,66269,1406.0
California,Santa Rosa city,"Santa Rosa city, California",2010,168244,5252.0,1501.0,54666,1075.0
California,Simi Valley city,"Simi Valley city, California",2010,124596,3181.0,701.0,84507,1469.0
California,South Gate city,"South Gate city, California",2010,94503,,1443.0,39739,899.0
California,Stockton city,"Stockton city, California",2010,292747,5650.0,7429.0,45606,803.0
California,Sunnyvale city,"Sunnyvale city, California",2010,140549,2736.0,1091.0,95582,1333.0
California,Temecula city,"Temecula city, California",2010,100751,,686.0,70194,1145.0
California,Thousand Oaks city,"Thousand Oaks city, California",2010,127041,,507.0,95281,1756.0
California,Torrance city,"Torrance city, California",2010,145618,2860.0,868.0,69288,1318.0
California,Tracy city,"Tracy city, California",2010,83223,,728.0,70894,1130.0
California,Turlock city,"Turlock city, California",2010,68663,,1280.0,53605,787.0
California,Tustin city,"Tustin city, California",2010,75769,,655.0,73889,1317.0
California,Union City city,"Union City city, California",2010,69696,,809.0,77745,1184.0
California,Upland city,"Upland city, California",2010,73991,,248.0,61497,1022.0
California,Vacaville city,"Vacaville city, California",2010,92623,,521.0,71706,1265.0
California,Vallejo city,"Vallejo city, California",2010,116217,2133.0,2820.0,56209,978.0
California,Victorville city,"Victorville city, California",2010,116305,,2918.0,52062,842.0
California,Visalia city,"Visalia city, California",2010,124866,,3610.0,51464,770.0
California,Vista city,"Vista city, California",2010,94170,,747.0,46033,1149.0
California,West Covina city,"West Covina city, California",2010,106221,,913.0,62413,1160.0
California,Westminster city,"Westminster city, California",2010,89971,,1088.0,49889,1118.0
California,Whittier city,"Whittier city, California",2010,85433,1034.0,1107.0,60540,1042.0
California,Yorba Linda city,"Yorba Linda city, California",2010,64414,,46.0,100788,1722.0
Colorado,Arvada city,"Arvada city, Colorado",2010,107604,,950.0,61046,816.0
Colorado,Aurora city,"Aurora city, Colorado",2010,326719,4764.0,2727.0,50358,751.0
Colorado,Boulder city,"Boulder city, Colorado",2010,97585,6428.0,430.0,52618,998.0
Colorado,Centennial city,"Centennial city, Colorado",2010,100909,,232.0,79690,1049.0
Colorado,Colorado Springs city,"Colorado Springs city, Colorado",2010,419586,10210.0,3903.0,49929,667.0
Colorado,Denver city,"Denver city, Colorado",2010,604414,18629.0,8254.0,45074,722.0
Colorado,Fort Collins city,"Fort Collins city, Colorado",2010,144453,3710.0,1000.0,47752,834.0
Colorado,Greeley city,"Greeley city, Colorado",2010,93389,,1096.0,42404,584.0
Colorado,Highlands Ranch CDP,"Highlands Ranch CDP, Colorado",2010,95503,,413.0,105237,1327.0
Colorado,Lakewood city,"Lakewood city, Colorado",2010,143230,2813.0,1342.0,51937,769.0
Colorado,Longmont city,"Longmont city, Colorado",2010,86429,,1442.0,52922,827.0
Colorado,Loveland city,"Loveland city, Colorado",2010,67100,,451.0,54062,776.0
Colorado,Pueblo city,"Pueblo city, Colorado",2010,106865,1176.0,2121.0,34415,533.0
Colorado,Thornton city,"Thornton city, Colorado",2010,119324,,1338.0,62512,869.0
Colorado,Westminster city,"Westminster city, Colorado",2010,106518,,890.0,60242,811.0
Connecticut,Bridgeport city,"Bridgeport city, Connecticut",2010,144521,913.0,3379.0,38919,835.0
Connecticut,Danbury city,"Danbury city, Connecticut",2010,81043,,789.0,58124,1056.0
Connecticut,Hartford city,"Hartford city, Connecticut",2010,124847,,7444.0,26499,702.0
Connecticut,New Britain city,"New Britain city, Connecticut",2010,73247,,1650.0,36784,703.0
Connecticut,New Haven city,"New Haven city, Connecticut",2010,129849,3206.0,2080.0,35122,848.0
Connecticut,Norwalk city,"Norwalk city, Connecticut",2010,85793,1898.0,2187.0,67848,1152.0
Connecticut,Stamford city,"Stamford city, Connecticut",2010,122902,2321.0,714.0,66617,1262.0
Connecticut,Waterbury city,"Waterbury city, Connecticut",2010,110430,,2639.0,38672,717.0
Delaware,Wilmington city,"Wilmington city, Delaware",2010,70921,,1897.0,32884,655.0
District of Columbia,Washington city,"Washington city, District of Columbia",2010,604453,14870.0,11758.0,60903,1107.0
Florida,Alafaya CDP,"Alafaya CDP, Florida",2010,84809,,611.0,56666,1001.0
Florida,Boca Raton city,"Boca Raton city, Florida",2010,84604,,420.0,68393,1214.0
Florida,Boynton Beach city,"Boynton Beach city, Florida",2010,68380,,432.0,39485,1049.0
Florida,Brandon CDP,"Brandon CDP, Florida",2010,102939,,914.0,52228,846.0
Florida,Cape Coral city,"Cape Coral city, Florida",2010,154668,,843.0,44803,776.0
Florida,Clearwater city,"Clearwater city, Florida",2010,107697,1339.0,1161.0,37841,776.0
Florida,Coral Springs city,"Coral Springs city, Florida",2010,121492,,457.0,65348,1113.0
Florida,Davie town,"Davie town, Florida",2010,92290,,403.0,58175,1060.0
Florida,Deerfield Beach city,"Deerfield Beach city, Florida",2010,75245,,488.0,33726,924.0
Florida,Deltona city,"Deltona city, Florida",2010,85183,,422.0,50682,888.0
Florida,Fort Lauderdale city,"Fort Lauderdale city, Florida",2010,166039,4825.0,1309.0,43320,924.0
Florida,Fort Myers city,"Fort Myers city, Florida",2010,62429,,1254.0,31835,659.0
Florida,Gainesville city,"Gainesville city, Florida",2010,124433,,786.0,31132,696.0
Florida,Hialeah city,"Hialeah city, Florida",2010,225461,8094.0,1759.0,29296,835.0
Florida,Hollywood city,"Hollywood city, Florida",2010,141202,1938.0,704.0,41188,896.0
Florida,Jacksonville city,"Jacksonville city, Florida",2010,823316,16546.0,9382.0,45584,718.0
Florida,Kendall CDP,"Kendall CDP, Florida",2010,82561,2204.0,203.0,54673,1065.0
Florida,Lakeland city,"Lakeland city, Florida",2010,97530,,1227.0,36754,646.0
Florida,Largo city,"Largo city, Florida",2010,77663,,475.0,39139,739.0
Florida,Lauderhill city,"Lauderhill city, Florida",2010,67100,,494.0,32478,850.0
Florida,Lehigh Acres CDP,"Lehigh Acres CDP, Florida",2010,88196,,585.0,43590,736.0
Florida,Melbourne city,"Melbourne city, Florida",2010,76083,,983.0,41254,712.0
Florida,Miami Beach city,"Miami Beach city, Florida",2010,88110,,145.0,38640,972.0
Florida,Miami Gardens city,"Miami Gardens city, Florida",2010,107559,,561.0,39571,868.0
Florida,Miami city,"Miami city, Florida",2010,400892,4495.0,3739.0,27291,788.0
Florida,Miramar city,"Miramar city, Florida",2010,122438,,860.0,61474,1231.0
Florida,Orlando city,"Orlando city, Florida",2010,239037,5648.0,1826.0,38098,753.0
Florida,Palm Bay city,"Palm Bay city, Florida",2010,103225,,1434.0,41591,727.0
Florida,Palm Coast city,"Palm Coast city, Florida",2010,77473,,564.0,42894,849.0
Florida,Pembroke Pines city,"Pembroke Pines city, Florida",2010,155252,,756.0,61163,1184.0
Florida,Plantation city,"Plantation city, Florida",2010,85217,,358.0,53547,1127.0
Florida,Pompano Beach city,"Pompano Beach city, Florida",2010,100154,,824.0,36122,898.0
Florida,Port St. Lucie city,"Port St. Lucie city, Florida",2010,165153,,1576.0,44560,880.0
Florida,Riverview CDP,"Riverview CDP, Florida",2010,66415,,890.0,61064,981.0
Florida,Spring Hill CDP,"Spring Hill CDP, Florida",2010,97103,,390.0,39227,749.0
Florida,St. Petersburg city,"St. Petersburg city, Florida",2010,244818,4579.0,3673.0,43728,725.0
Florida,Sunrise city,"Sunrise city, Florida",2010,84717,,925.0,50193,1124.0
Florida,Tallahassee city,"Tallahassee city, Florida",2010,181734,2521.0,967.0,35911,694.0
Florida,Tampa city,"Tampa city, Florida",2010,336945,8783.0,2945.0,40883,741.0
Florida,Town 'n' Country CDP,"Town 'n' Country CDP, Florida",2010,81175,,757.0,46914,812.0
Florida,West Palm Beach city,"West Palm Beach city, Florida",2010,100175,,1236.0,41139,865.0
Florida,Weston city,"Weston city, Florida",2010,65528,,0.0,78030,1588.0
Georgia,Albany city,"Albany city, Georgia",2010,78971,,1027.0,25191,470.0
Georgia,Athens-Clarke County unified government (balance),"Athens-Clarke County unified government (balance), Georgia",2010,115465,3379.0,365.0,33853,568.0
Georgia,Atlanta city,"Atlanta city, Georgia",2010,422338,12636.0,3647.0,41631,742.0
Georgia,Augusta-Richmond County consolidated government (balance),"Augusta-Richmond County consolidated government (balance), Georgia",2010,196386,1824.0,1865.0,39120,547.0
Georgia,Columbus city,"Columbus city, Georgia",2010,190417,8848.0,1439.0,35384,544.0
Georgia,Johns Creek city,"Johns Creek city, Georgia",2010,77207,,169.0,106132,1111.0
Georgia,Macon city,"Macon city, Georgia",2010,91524,,697.0,24513,475.0
Georgia,Roswell city,"Roswell city, Georgia",2010,88908,,258.0,67368,819.0
Georgia,Sandy Springs city,"Sandy Springs city, Georgia",2010,94441,,508.0,59110,786.0
Georgia,Savannah city,"Savannah city, Georgia",2010,136651,,896.0,32562,663.0
Georgia,Warner Robins city,"Warner Robins city, Georgia",2010,66757,,498.0,45129,631.0
Hawaii,Urban Honolulu CDP,"Urban Honolulu CDP, Hawaii",2010,338909,4621.0,3347.0,54828,1087.0
Idaho,Boise City city,"Boise City city, Idaho",2010,206286,6348.0,1696.0,44410,632.0
Idaho,Meridian city,"Meridian city, Idaho",2010,75324,,363.0,60230,812.0
Idaho,Nampa city,"Nampa city, Idaho",2010,81781,,939.0,41360,645.0
Illinois,Arlington Heights village,"Arlington Heights village, Illinois",2010,77009,,155.0,68613,1034.0
Illinois,Aurora city,"Aurora city, Illinois",2010,193582,3989.0,1722.0,60786,848.0
Illinois,Bloomington city,"Bloomington city, Illinois",2010,76730,,288.0,57151,604.0
Illinois,Bolingbrook village,"Bolingbrook village, Illinois",2010,73027,,281.0,77018,1032.0
Illinois,Champaign city,"Champaign city, Illinois",2010,81164,1582.0,291.0,40277,611.0
Illinois,Chicago city,"Chicago city, Illinois",2010,2698831,54588.0,46885.0,44776,783.0
Illinois,Cicero town,"Cicero town, Illinois",2010,84002,354.0,804.0,45731,679.0
Illinois,Decatur city,"Decatur city, Illinois",2010,76268,,1590.0,32833,465.0
Illinois,Elgin city,"Elgin city, Illinois",2010,108273,,1061.0,54607,753.0
Illinois,Evanston city,"Evanston city, Illinois",2010,74549,3393.0,346.0,60424,1056.0
Illinois,Joliet city,"Joliet city, Illinois",2010,150856,2364.0,969.0,54642,689.0
Illinois,Naperville city,"Naperville city, Illinois",2010,141483,,860.0,98816,1078.0
Illinois,Palatine village,"Palatine village, Illinois",2010,68596,,688.0,68993,964.0
Illinois,Peoria city,"Peoria city, Illinois",2010,114966,1203.0,1659.0,48913,537.0
Illinois,Rockford city,"Rockford city, Illinois",2010,152220,1604.0,1744.0,36178,548.0
Illinois,Schaumburg village,"Schaumburg village, Illinois",2010,73279,,462.0,62395,1036.0
Illinois,Skokie village,"Skokie village, Illinois",2010,64861,,1016.0,62405,956.0
Illinois,Springfield city,"Springfield city, Illinois",2010,116188,,2097.0,44598,523.0
Illinois,Waukegan city,"Waukegan city, Illinois",2010,87729,,1431.0,43955,731.0
Indiana,Bloomington city,"Bloomington city, Indiana",2010,81096,1147.0,502.0,25406,623.0
Indiana,Carmel city,"Carmel city, Indiana",2010,79447,,0.0,103667,853.0
Indiana,Evansville city,"Evansville city, Indiana",2010,115833,,1221.0,33039,501.0
Indiana,Fishers town,"Fishers town, Indiana",2010,77579,,0.0,84254,831.0
Indiana,Fort Wayne city,"Fort Wayne city, Indiana",2010,253696,3469.0,5051.0,42609,509.0
Indiana,Gary city,"Gary city, Indiana",2010,80840,,2419.0,27610,547.0
Indiana,Hammond city,"Hammond city, Indiana",2010,80812,,1479.0,37308,596.0
Indiana,Indianapolis city (balance),"Indianapolis city (balance), Indiana",2010,824199,12170.0,12897.0,38502,592.0
Indiana,Lafayette city,"Lafayette city, Indiana",2010,65261,,1076.0,34056,573.0
Indiana,Muncie city,"Muncie city, Indiana",2010,68651,,449.0,29237,518.0
Indiana,South Bend city,"South Bend city, Indiana",2010,107072,690.0,1495.0,32511,566.0
Iowa,Cedar Rapids city,"Cedar Rapids city, Iowa",2010,126498,2833.0,1699.0,51186,560.0
Iowa,Davenport city,"Davenport city, Iowa",2010,100068,,1733.0,38961,529.0
Iowa,Des Moines city,"Des Moines city, Iowa",2010,204196,4001.0,3164.0,42986,623.0
Iowa,Iowa City city,"Iowa City city, Iowa",2010,68027,1526.0,365.0,39887,745.0
Iowa,Sioux City city,"Sioux City city, Iowa",2010,82378,,851.0,40781,475.0
Iowa,Waterloo city,"Waterloo city, Iowa",2010,68472,,1053.0,37110,509.0
Kansas,Kansas City city,"Kansas City city, Kansas",2010,147798,,2009.0,36677,524.0
Kansas,Lawrence city,"Lawrence city, Kansas",2010,92718,1764.0,916.0,45471,662.0
Kansas,Olathe city,"Olathe city, Kansas",2010,126256,,895.0,69687,680.0
Kansas,Overland Park city,"Overland Park city, Kansas",2010,173909,,1262.0,69490,737.0
Kansas,Topeka city,"Topeka city, Kansas",2010,127727,1483.0,2530.0,37001,491.0
Kansas,Wichita city,"Wichita city, Kansas",2010,383142,5648.0,6140.0,42694,492.0
Kentucky,Lexington-Fayette urban county,"Lexington-Fayette urban county, Kentucky",2010,296765,4587.0,2464.0,44895,590.0
Kentucky,Louisville/Jefferson County metro government (balance),"Louisville/Jefferson County metro government (balance), Kentucky",2010,598230,7738.0,7713.0,40730,537.0
Louisiana,Baton Rouge city,"Baton Rouge city, Louisiana",2010,229859,2114.0,859.0,33748,582.0
Louisiana,Kenner city,"Kenner city, Louisiana",2010,66681,,356.0,48371,737.0
Louisiana,Lafayette city,"Lafayette city, Louisiana",2010,120871,,262.0,44204,579.0
Louisiana,Lake Charles city,"Lake Charles city, Louisiana",2010,72163,,405.0,35314,536.0
Louisiana,Metairie CDP,"Metairie CDP, Louisiana",2010,132938,2186.0,632.0,46399,761.0
Louisiana,New Orleans city,"New Orleans city, Louisiana",2010,347858,4366.0,2604.0,37726,730.0
Louisiana,Shreveport city,"Shreveport city, Louisiana",2010,198934,1606.0,1501.0,32848,533.0
Maryland,Baltimore city,"Baltimore city, Maryland",2010,620583,6620.0,15748.0,38346,706.0
Maryland,Columbia CDP,"Columbia CDP, Maryland",2010,102239,2042.0,512.0,90312,1229.0
Maryland,Ellicott City CDP,"Ellicott City CDP, Maryland",2010,67241,,402.0,102986,1193.0
Maryland,Frederick city,"Frederick city, Maryland",2010,65439,1359.0,735.0,67286,990.0
Maryland,Germantown CDP,"Germantown CDP, Maryland",2010,83372,,528.0,87165,1273.0
Maryland,Silver Spring CDP,"Silver Spring CDP, Maryland",2010,76534,2331.0,1023.0,62187,1226.0
Maryland,Waldorf CDP,"Waldorf CDP, Maryland",2010,68961,,335.0,77475,1153.0
Massachusetts,Boston city,"Boston city, Massachusetts",2010,621383,12172.0,12201.0,49893,1117.0
Massachusetts,Brockton city,"Brockton city, Massachusetts",2010,93973,545.0,1999.0,47472,858.0
Massachusetts,Cambridge city,"Cambridge city, Massachusetts",2010,105337,3810.0,640.0,64790,1407.0
Massachusetts,Fall River city,"Fall River city, Massachusetts",2010,88894,,1559.0,30720,562.0
Massachusetts,Framingham CDP,"Framingham CDP, Massachusetts",2010,68461,,1365.0,73137,1002.0
Massachusetts,Lawrence city,"Lawrence city, Massachusetts",2010,76526,,1621.0,31459,752.0
Massachusetts,Lowell city,"Lowell city, Massachusetts",2010,106730,906.0,2168.0,51528,861.0
Massachusetts,Lynn city,"Lynn city, Massachusetts",2010,90511,1356.0,1442.0,42468,845.0
Massachusetts,New Bedford city,"New Bedford city, Massachusetts",2010,95138,775.0,2875.0,31616,594.0
Massachusetts,Newton city,"Newton city, Massachusetts",2010,85302,3831.0,512.0,104486,1403.0
Massachusetts,Quincy city,"Quincy city, Massachusetts",2010,92486,1631.0,1595.0,55735,1052.0
Massachusetts,Somerville city,"Somerville city, Massachusetts",2010,75900,1755.0,941.0,54491,1220.0
Massachusetts,Springfield city,"Springfield city, Massachusetts",2010,153115,1395.0,3715.0,35236,634.0
Massachusetts,Worcester city,"Worcester city, Massachusetts",2010,181264,3272.0,3893.0,42887,770.0
Michigan,Ann Arbor city,"Ann Arbor city, Michigan",2010,114101,3208.0,1409.0,52711,847.0
Michigan,Dearborn city,"Dearborn city, Michigan",2010,97895,,1335.0,43505,760.0
Michigan,Detroit city,"Detroit city, Michigan",2010,711910,5757.0,24007.0,25787,533.0
Michigan,Farmington Hills city,"Farmington Hills city, Michigan",2010,79768,,406.0,60562,776.0
Michigan,Flint city,"Flint city, Michigan",2010,102231,,5205.0,22672,453.0
Michigan,Grand Rapids city,"Grand Rapids city, Michigan",2010,188214,4166.0,9511.0,36128,613.0
Michigan,Kalamazoo city,"Kalamazoo city, Michigan",2010,74382,,1513.0,31421,604.0
Michigan,Lansing city,"Lansing city, Michigan",2010,114017,1346.0,2921.0,34770,595.0
Michigan,Livonia city,"Livonia city, Michigan",2010,96684,,467.0,65391,778.0
Michigan,Rochester Hills city,"Rochester Hills city, Michigan",2010,71022,,460.0,68386,851.0
Michigan,Southfield city,"Southfield city, Michigan",2010,71785,,932.0,47197,786.0
Michigan,Sterling Heights city,"Sterling Heights city, Michigan",2010,129734,,1457.0,53390,685.0
Michigan,Troy city,"Troy city, Michigan",2010,81037,,792.0,77827,859.0
Michigan,Warren city,"Warren city, Michigan",2010,134075,,2190.0,41587,662.0
Michigan,Westland city,"Westland city, Michigan",2010,83860,,1310.0,39657,628.0
Michigan,Wyoming city,"Wyoming city, Michigan",2010,72209,,1738.0,40454,577.0
Minnesota,Bloomington city,"Bloomington city, Minnesota",2010,83054,,997.0,56407,818.0
Minnesota,Brooklyn Park city,"Brooklyn Park city, Minnesota",2010,75936,,1716.0,56486,695.0
Minnesota,Duluth city,"Duluth city, Minnesota",2010,86230,1379.0,1949.0,37646,626.0
Minnesota,Minneapolis city,"Minneapolis city, Minnesota",2010,383280,10527.0,10962.0,46508,725.0
Minnesota,Plymouth city,"Plymouth city, Minnesota",2010,70710,,811.0,81054,941.0
Minnesota,Rochester city,"Rochester city, Minnesota",2010,106963,3317.0,1431.0,56826,674.0
Minnesota,St. Cloud city,"St. Cloud city, Minnesota",2010,65885,,1238.0,39782,613.0
Minnesota,St. Paul city,"St. Paul city, Minnesota",2010,285439,7250.0,8646.0,44057,683.0
Mississippi,Gulfport city,"Gulfport city, Mississippi",2010,68042,,612.0,36104,664.0
Mississippi,Jackson city,"Jackson city, Mississippi",2010,173315,1761.0,3179.0,34699,565.0
Missouri,Columbia city,"Columbia city, Missouri",2010,108872,,771.0,35793,603.0
Missouri,Independence city,"Independence city, Missouri",2010,117027,,1456.0,40895,547.0
Missouri,Kansas City city,"Kansas City city, Missouri",2010,460665,8486.0,6119.0,42780,579.0
Missouri,Lee's Summit city,"Lee's Summit city, Missouri",2010,91229,,174.0,70442,779.0
Missouri,O'Fallon city,"O'Fallon city, Missouri",2010,79565,,295.0,70258,700.0
Missouri,Springfield city,"Springfield city, Missouri",2010,159643,2560.0,2153.0,28697,492.0
Missouri,St. Charles city,"St. Charles city, Missouri",2010,65993,,172.0,50154,664.0
Missouri,St. Joseph city,"St. Joseph city, Missouri",2010,74853,,1082.0,39510,462.0
Missouri,St. Louis city,"St. Louis city, Missouri",2010,319156,4625.0,5278.0,32688,535.0
Montana,Billings city,"Billings city, Montana",2010,104491,1945.0,2224.0,45941,591.0
Montana,Missoula city,"Missoula city, Montana",2010,66905,,845.0,40604,657.0
Nebraska,Lincoln city,"Lincoln city, Nebraska",2010,259041,4444.0,2536.0,47526,587.0
Nebraska,Omaha city,"Omaha city, Nebraska",2010,410269,6064.0,5395.0,43813,609.0
Nevada,Enterprise CDP,"Enterprise CDP, Nevada",2010,118697,,1068.0,66699,1144.0
Nevada,Henderson city,"Henderson city, Nevada",2010,258138,6188.0,2178.0,61861,916.0
Nevada,Las Vegas city,"Las Vegas city, Nevada",2010,584641,7786.0,7555.0,50783,819.0
Nevada,North Las Vegas city,"North Las Vegas city, Nevada",2010,217304,1278.0,2887.0,52263,867.0
Nevada,Paradise CDP,"Paradise CDP, Nevada",2010,215586,2485.0,3884.0,46199,739.0
Nevada,Reno city,"Reno city, Nevada",2010,225818,4113.0,2732.0,42008,731.0
Nevada,Sparks city,"Sparks city, Nevada",2010,90504,,793.0,50033,751.0
Nevada,Spring Valley CDP,"Spring Valley CDP, Nevada",2010,179830,,1499.0,50896,940.0
Nevada,Sunrise Manor CDP,"Sunrise Manor CDP, Nevada",2010,185286,,2186.0,36017,717.0
New Hampshire,Manchester city,"Manchester city, New Hampshire",2010,109655,,2670.0,53858,836.0
New Hampshire,Nashua city,"Nashua city, New Hampshire",2010,86570,,1160.0,65135,944.0
New Jersey,Camden city,"Camden city, New Jersey",2010,77331,,1982.0,28720,637.0
New Jersey,Clifton city,"Clifton city, New Jersey",2010,84249,,406.0,58716,1021.0
New Jersey,East Orange city,"East Orange city, New Jersey",2010,64299,,1642.0,36744,844.0
New Jersey,Elizabeth city,"Elizabeth city, New Jersey",2010,125222,1149.0,1629.0,43891,880.0
New Jersey,Jersey City city,"Jersey City city, New Jersey",2010,248005,3405.0,4458.0,52950,990.0
New Jersey,Newark city,"Newark city, New Jersey",2010,277232,2386.0,8962.0,32043,813.0
New Jersey,Passaic city,"Passaic city, New Jersey",2010,69870,,997.0,28834,857.0
New Jersey,Paterson city,"Paterson city, New Jersey",2010,146377,1246.0,2538.0,32068,857.0
New Jersey,Toms River CDP,"Toms River CDP, New Jersey",2010,89390,,215.0,74921,1209.0
New Jersey,Trenton city,"Trenton city, New Jersey",2010,85015,640.0,2839.0,38040,789.0
New Jersey,Union City city,"Union City city, New Jersey",2010,66560,1044.0,1168.0,40761,869.0
New Mexico,Albuquerque city,"Albuquerque city, New Mexico",2010,547585,9587.0,3924.0,46079,641.0
New Mexico,Las Cruces city,"Las Cruces city, New Mexico",2010,98239,,1159.0,36202,581.0
New Mexico,Rio Rancho city,"Rio Rancho city, New Mexico",2010,87954,,518.0,53998,865.0
New Mexico,Santa Fe city,"Santa Fe city, New Mexico",2010,68157,,1245.0,44090,767.0
New York,Albany city,"Albany city, New York",2010,97737,,2127.0,33050,716.0
New York,Buffalo city,"Buffalo city, New York",2010,261210,2036.0,8203.0,28490,472.0
New York,Cheektowaga CDP,"Cheektowaga CDP, New York",2010,75018,,303.0,46865,649.0
New York,Mount Vernon city,"Mount Vernon city, New York",2010,67397,1206.0,2171.0,46940,999.0
New York,New Rochelle city,"New Rochelle city, New York",2010,77177,1689.0,113.0,70232,1128.0
New York,New York city,"New York city, New York",2010,8184899,149854.0,134324.0,48743,1022.0
New York,Rochester city,"Rochester city, New York",2010,210595,2964.0,7816.0,27711,605.0
New York,Schenectady city,"Schenectady city, New York",2010,66202,,1339.0,36232,619.0
New York,Syracuse city,"Syracuse city, New York",2010,145216,2109.0,4210.0,29621,551.0
New York,Yonkers city,"Yonkers city, New York",2010,196277,1625.0,2370.0,61831,1003.0
North Carolina,Asheville city,"Asheville city, North Carolina",2010,83570,,339.0,41392,673.0
North Carolina,Cary town,"Cary town, North Carolina",2010,135418,,162.0,88031,736.0
North Carolina,Charlotte city,"Charlotte city, North Carolina",2010,734418,17832.0,7786.0,49616,679.0
North Carolina,Concord city,"Concord city, North Carolina",2010,79330,,210.0,47726,599.0
North Carolina,Durham city,"Durham city, North Carolina",2010,229029,3241.0,2256.0,45525,645.0
North Carolina,Fayetteville city,"Fayetteville city, North Carolina",2010,201077,2862.0,2582.0,43257,668.0
North Carolina,Gastonia city,"Gastonia city, North Carolina",2010,71782,,805.0,34383,517.0
North Carolina,Greensboro city,"Greensboro city, North Carolina",2010,270357,3362.0,7825.0,39622,570.0
North Carolina,Greenville city,"Greenville city, North Carolina",2010,84879,,332.0,32827,515.0
North Carolina,High Point city,"High Point city, North Carolina",2010,103672,,1248.0,40894,542.0
North Carolina,Jacksonville city,"Jacksonville city, North Carolina",2010,70705,,137.0,40336,901.0
North Carolina,Raleigh city,"Raleigh city, North Carolina",2010,406609,9722.0,2117.0,49931,700.0
North Carolina,Wilmington city,"Wilmington city, North Carolina",2010,106819,,1397.0,40494,670.0
North Carolina,Winston-Salem city,"Winston-Salem city, North Carolina",2010,230044,2854.0,1768.0,40401,545.0
North Dakota,Fargo city,"Fargo city, North Dakota",2010,106600,,1049.0,45199,559.0
Ohio,Akron city,"Akron city, Ohio",2010,199030,1326.0,7769.0,31171,518.0
Ohio,Canton city,"Canton city, Ohio",2010,72958,,1839.0,30232,466.0
Ohio,Cincinnati city,"Cincinnati city, Ohio",2010,296907,4807.0,6500.0,34110,520.0
Ohio,Cleveland city,"Cleveland city, Ohio",2010,396240,5571.0,12942.0,25977,505.0
Ohio,Columbus city,"Columbus city, Ohio",2010,789939,14983.0,11068.0,41397,613.0
Ohio,Dayton city,"Dayton city, Ohio",2010,141501,,4206.0,28050,476.0
Ohio,Lorain city,"Lorain city, Ohio",2010,64128,,1357.0,34346,522.0
Ohio,Parma city,"Parma city, Ohio",2010,81481,,837.0,45386,629.0
Ohio,Toledo city,"Toledo city, Ohio",2010,286979,2894.0,7741.0,31708,479.0
Ohio,Youngstown city,"Youngstown city, Ohio",2010,66835,,1654.0,23761,399.0
Oklahoma,Broken Arrow city,"Broken Arrow city, Oklahoma",2010,98523,,752.0,60197,732.0
Oklahoma,Edmond city,"Edmond city, Oklahoma",2010,81696,,433.0,67013,641.0
Oklahoma,Lawton city,"Lawton city, Oklahoma",2010,97832,,1198.0,41566,531.0
Oklahoma,Norman city,"Norman city, Oklahoma",2010,111398,,1656.0,44396,607.0
Oklahoma,Oklahoma City city,"Oklahoma City city, Oklahoma",2010,582278,8890.0,8349.0,44043,532.0
Oklahoma,Tulsa city,"Tulsa city, Oklahoma",2010,393577,7695.0,5293.0,38220,552.0
Oregon,Beaverton city,"Beaverton city, Oregon",2010,90150,1678.0,987.0,54885,759.0
Oregon,Bend city,"Bend city, Oregon",2010,76723,,1996.0,46381,744.0
Oregon,Eugene city,"Eugene city, Oregon",2010,156299,4051.0,1968.0,40701,697.0
Oregon,Gresham city,"Gresham city, Oregon",2010,105973,,1949.0,47164,723.0
Oregon,Hillsboro city,"Hillsboro city, Oregon",2010,91954,1333.0,905.0,63618,838.0
Oregon,Medford city,"Medford city, Oregon",2010,75007,,1663.0,39825,677.0
Oregon,Portland city,"Portland city, Oregon",2010,585429,21139.0,10273.0,47185,741.0
Oregon,Salem city,"Salem city, Oregon",2010,155004,2574.0,2553.0,42898,611.0
Pennsylvania,Allentown city,"Allentown city, Pennsylvania",2010,118240,,2421.0,32192,693.0
Pennsylvania,Bethlehem city,"Bethlehem city, Pennsylvania",2010,75233,,1718.0,42232,707.0
Pennsylvania,Erie city,"Erie city, Pennsylvania",2010,101821,,3393.0,28747,468.0
Pennsylvania,Philadelphia city,"Philadelphia city, Pennsylvania",2010,1528306,16466.0,51250.0,34400,683.0
Pennsylvania,Pittsburgh city,"Pittsburgh city, Pennsylvania",2010,305759,5204.0,6377.0,36196,593.0
Pennsylvania,Reading city,"Reading city, Pennsylvania",2010,88175,655.0,4379.0,25045,524.0
Pennsylvania,Scranton city,"Scranton city, Pennsylvania",2010,76068,,1242.0,35596,522.0
Rhode Island,Cranston city,"Cranston city, Rhode Island",2010,80424,,487.0,57649,762.0
Rhode Island,Pawtucket city,"Pawtucket city, Rhode Island",2010,71204,,653.0,33904,683.0
Rhode Island,Providence city,"Providence city, Rhode Island",2010,178162,2329.0,2898.0,37237,740.0
Rhode Island,Warwick city,"Warwick city, Rhode Island",2010,82643,,609.0,51037,834.0
South Carolina,Charleston city,"Charleston city, South Carolina",2010,119834,2579.0,514.0,47009,744.0
South Carolina,Columbia city,"Columbia city, South Carolina",2010,129139,,1158.0,37041,604.0
South Carolina,Mount Pleasant town,"Mount Pleasant town, South Carolina",2010,68112,,0.0,70636,1027.0
South Carolina,North Charleston city,"North Charleston city, South Carolina",2010,95548,727.0,424.0,38693,642.0
South Carolina,Rock Hill city,"Rock Hill city, South Carolina",2010,66395,,476.0,39950,574.0
South Dakota,Rapid City city,"Rapid City city, South Dakota",2010,68221,,876.0,41653,617.0
South Dakota,Sioux Falls city,"Sioux Falls city, South Dakota",2010,153959,2508.0,1854.0,47466,595.0
Tennessee,Chattanooga city,"Chattanooga city, Tennessee",2010,168075,,1987.0,35817,544.0
Tennessee,Clarksville city,"Clarksville city, Tennessee",2010,133669,,1428.0,43326,618.0
Tennessee,Jackson city,"Jackson city, Tennessee",2010,65279,,882.0,38169,489.0
Tennessee,Knoxville city,"Knoxville city, Tennessee",2010,179226,2348.0,5584.0,29903,553.0
Tennessee,Memphis city,"Memphis city, Tennessee",2010,647870,6373.0,11683.0,37045,578.0
Tennessee,Murfreesboro city,"Murfreesboro city, Tennessee",2010,109220,,1353.0,45158,653.0
Tennessee,Nashville-Davidson metropolitan government (balance),"Nashville-Davidson metropolitan government (balance), Tennessee",2010,602618,12299.0,7648.0,42813,639.0
Texas,Abilene city,"Abilene city, Texas",2010,119688,,1307.0,40244,574.0
Texas,Allen city,"Allen city, Texas",2010,84888,,306.0,85799,963.0
Texas,Amarillo city,"Amarillo city, Texas",2010,194161,2768.0,1020.0,44826,558.0
Texas,Arlington city,"Arlington city, Texas",2010,367185,5298.0,4387.0,48752,666.0
Texas,Atascocita CDP,"Atascocita CDP, Texas",2010,71245,,0.0,78764,905.0
Texas,Austin city,"Austin city, Texas",2010,795518,29761.0,4407.0,47434,748.0
Texas,Baytown city,"Baytown city, Texas",2010,72418,,327.0,46178,633.0
Texas,Beaumont city,"Beaumont city, Texas",2010,118355,,710.0,35174,572.0
Texas,Brownsville city,"Brownsville city, Texas",2010,175831,2633.0,1189.0,30454,495.0
Texas,Bryan city,"Bryan city, Texas",2010,76541,,1799.0,30493,554.0
Texas,Carrollton city,"Carrollton city, Texas",2010,119759,,667.0,67069,766.0
Texas,College Station city,"College Station city, Texas",2010,94246,992.0,362.0,35045,735.0
Texas,Corpus Christi city,"Corpus Christi city, Texas",2010,305442,3757.0,1940.0,41845,644.0
Texas,Dallas city,"Dallas city, Texas",2010,1202797,21139.0,8638.0,40650,646.0
Texas,Denton city,"Denton city, Texas",2010,114100,3075.0,489.0,44376,668.0
Texas,Edinburg city,"Edinburg city, Texas",2010,77613,,658.0,35845,486.0
Texas,El Paso city,"El Paso city, Texas",2010,652113,6554.0,13053.0,37278,577.0
Texas,Flower Mound town,"Flower Mound town, Texas",2010,66238,,0.0,105637,1224.0
Texas,Fort Worth city,"Fort Worth city, Texas",2010,744114,12744.0,8515.0,48224,634.0
Texas,Frisco city,"Frisco city, Texas",2010,117839,,345.0,100686,866.0
Texas,Garland city,"Garland city, Texas",2010,227604,2899.0,1046.0,52114,715.0
Texas,Grand Prairie city,"Grand Prairie city, Texas",2010,176090,,1289.0,50030,703.0
Texas,Harlingen city,"Harlingen city, Texas",2010,65124,,45.0,34871,477.0
Texas,Houston city,"Houston city, Texas",2010,2107208,27585.0,14683.0,42355,659.0
Texas,Irving city,"Irving city, Texas",2010,217139,3154.0,839.0,46526,706.0
Texas,Killeen city,"Killeen city, Texas",2010,129070,,981.0,47698,616.0
Texas,Laredo city,"Laredo city, Texas",2010,237244,3343.0,2040.0,35997,529.0
Texas,League City city,"League City city, Texas",2010,83848,,341.0,90285,910.0
Texas,Lewisville city,"Lewisville city, Texas",2010,95691,,1175.0,56756,749.0
Texas,Longview city,"Longview city, Texas",2010,80238,,485.0,37459,563.0
Texas,Lubbock city,"Lubbock city, Texas",2010,230734,3505.0,1161.0,40712,625.0
Texas,McAllen city,"McAllen city, Texas",2010,130767,,811.0,41018,560.0
Texas,McKinney city,"McKinney city, Texas",2010,132147,,645.0,73826,806.0
Texas,Mesquite city,"Mesquite city, Texas",2010,140293,,318.0,46183,730.0
Texas,Midland city,"Midland city, Texas",2010,111238,,950.0,52258,665.0
Texas,Mission city,"Mission city, Texas",2010,77586,,376.0,42126,501.0
Texas,Missouri City city,"Missouri City city, Texas",2010,69052,,206.0,72010,1196.0
Texas,North Richland Hills city,"North Richland Hills city, Texas",2010,63656,,402.0,54536,655.0
Texas,Odessa city,"Odessa city, Texas",2010,99554,,2670.0,43248,519.0
Texas,Pasadena city,"Pasadena city, Texas",2010,149722,,799.0,41280,631.0
Texas,Pearland city,"Pearland city, Texas",2010,90811,,326.0,89133,979.0
Texas,Pharr city,"Pharr city, Texas",2010,70888,,616.0,31286,446.0
Texas,Plano city,"Plano city, Texas",2010,261697,11165.0,1274.0,79234,806.0
Texas,Richardson city,"Richardson city, Texas",2010,99721,,498.0,64841,818.0
Texas,Round Rock city,"Round Rock city, Texas",2010,102441,,363.0,61106,839.0
Texas,San Angelo city,"San Angelo city, Texas",2010,93804,,268.0,36167,525.0
Texas,San Antonio city,"San Antonio city, Texas",2010,1334359,15687.0,9813.0,43758,639.0
Texas,Sugar Land city,"Sugar Land city, Texas",2010,79472,,173.0,100632,1148.0
Texas,Temple city,"Temple city, Texas",2010,66686,,267.0,48472,595.0
Texas,The Woodlands CDP,"The Woodlands CDP, Texas",2010,92076,,0.0,91378,837.0
Texas,Tyler city,"Tyler city, Texas",2010,97271,,439.0,39755,627.0
Texas,Waco city,"Waco city, Texas",2010,125410,,945.0,30947,553.0
Texas,Wichita Falls city,"Wichita Falls city, Texas",2010,104699,,398.0,36801,533.0
Utah,Layton city,"Layton city, Utah",2010,67612,,657.0,53876,686.0
Utah,Ogden city,"Ogden city, Utah",2010,83171,,883.0,39078,617.0
Utah,Orem city,"Orem city, Utah",2010,88929,,656.0,49647,721.0
Utah,Provo city,"Provo city, Utah",2010,113196,3162.0,570.0,36949,620.0
Utah,Salt Lake City city,"Salt Lake City city, Utah",2010,187215,2604.0,2304.0,40219,668.0
Utah,Sandy city,"Sandy city, Utah",2010,87818,,648.0,70931,847.0
Utah,St. George city,"St. George city, Utah",2010,73078,,788.0,46959,703.0
Utah,West Jordan city,"West Jordan city, Utah",2010,104145,,484.0,66453,873.0
Utah,West Valley City city,"West Valley City city, Utah",2010,130026,,1652.0,51421,721.0
Virginia,Alexandria city,"Alexandria city, Virginia",2010,140912,4849.0,401.0,77793,1299.0
Virginia,Arlington CDP,"Arlington CDP, Virginia",2010,209457,7480.0,1192.0,94986,1519.0
Virginia,Centreville CDP,"Centreville CDP, Virginia",2010,77022,,611.0,92643,1318.0
Virginia,Chesapeake city,"Chesapeake city, Virginia",2010,222986,2514.0,1027.0,68955,922.0
Virginia,Dale City CDP,"Dale City CDP, Virginia",2010,62021,,228.0,81096,1180.0
Virginia,Hampton city,"Hampton city, Virginia",2010,137381,,635.0,51275,778.0
Virginia,Lynchburg city,"Lynchburg city, Virginia",2010,75686,,1054.0,35156,534.0
Virginia,Newport News city,"Newport News city, Virginia",2010,180712,2236.0,2999.0,50937,785.0
Virginia,Norfolk city,"Norfolk city, Virginia",2010,243135,2924.0,2759.0,41613,760.0
Virginia,Portsmouth city,"Portsmouth city, Virginia",2010,95696,347.0,994.0,43674,745.0
Virginia,Richmond city,"Richmond city, Virginia",2010,204389,3943.0,3275.0,39608,683.0
Virginia,Roanoke city,"Roanoke city, Virginia",2010,96967,,1096.0,37472,521.0
Virginia,Suffolk city,"Suffolk city, Virginia",2010,84906,,477.0,69294,736.0
Virginia,Virginia Beach city,"Virginia Beach city, Virginia",2010,439172,9571.0,2535.0,64212,1030.0
Washington,Auburn city,"Auburn city, Washington",2010,70873,1726.0,1905.0,57642,797.0
Washington,Bellevue city,"Bellevue city, Washington",2010,122808,4010.0,1245.0,80500,1144.0
Washington,Bellingham city,"Bellingham city, Washington",2010,81067,,769.0,39599,755.0
Washington,Everett city,"Everett city, Washington",2010,103321,2329.0,2692.0,42440,773.0
Washington,Federal Way city,"Federal Way city, Washington",2010,89622,,1422.0,53716,844.0
Washington,Kennewick city,"Kennewick city, Washington",2010,74455,,1142.0,45215,622.0
Washington,Kent city,"Kent city, Washington",2010,92722,1550.0,3333.0,48688,819.0
Washington,Renton city,"Renton city, Washington",2010,91259,2731.0,1908.0,61819,917.0
Washington,Seattle city,"Seattle city, Washington",2010,610710,22533.0,9761.0,60212,925.0
Washington,Spokane Valley city,"Spokane Valley city, Washington",2010,89927,,2438.0,44419,657.0
Washington,Spokane city,"Spokane city, Washington",2010,209334,2754.0,5675.0,41146,583.0
Washington,Tacoma city,"Tacoma city, Washington",2010,198506,2342.0,5081.0,47465,764.0
Washington,Vancouver city,"Vancouver city, Washington",2010,162430,3127.0,3987.0,47307,733.0
Washington,Yakima city,"Yakima city, Washington",2010,91525,,1362.0,37201,619.0
Wisconsin,Appleton city,"Appleton city, Wisconsin",2010,71747,,196.0,50076,524.0
Wisconsin,Eau Claire city,"Eau Claire city, Wisconsin",2010,65489,,245.0,41274,567.0
Wisconsin,Green Bay city,"Green Bay city, Wisconsin",2010,104266,,1320.0,41078,534.0
Wisconsin,Kenosha city,"Kenosha city, Wisconsin",2010,99362,,1344.0,42294,623.0
Wisconsin,Madison city,"Madison city, Wisconsin",2010,233777,4131.0,2362.0,50508,764.0
Wisconsin,Milwaukee city,"Milwaukee city, Wisconsin",2010,595587,5614.0,9444.0,32911,610.0
Wisconsin,Oshkosh city,"Oshkosh city, Wisconsin",2010,66110,,354.0,41165,519.0
Wisconsin,Racine city,"Racine city, Wisconsin",2010,78906,,2209.0,33473,582.0
Wisconsin,Waukesha city,"Waukesha city, Wisconsin",2010,70741,,396.0,53149,685.0
Alabama,Birmingham city,"Birmingham city, Alabama",2011,211458,1706.0,3198.0,28646,485.0
Alabama,Dothan city,"Dothan city, Alabama",2011,66384,428.0,409.0,41492,488.0
Alabama,Hoover city,"Hoover city, Alabama",2011,80553,,293.0,75352,745.0
Alabama,Huntsville city,"Huntsville city, Alabama",2011,182354,,1189.0,45018,545.0
Alabama,Mobile city,"Mobile city, Alabama",2011,194887,3586.0,1640.0,40153,569.0
Alabama,Montgomery city,"Montgomery city, Alabama",2011,213132,,1494.0,43233,542.0
Alabama,Tuscaloosa city,"Tuscaloosa city, Alabama",2011,91604,,1841.0,34724,593.0
Alaska,Anchorage municipality,"Anchorage municipality, Alaska",2011,295570,5265.0,7148.0,72813,978.0
Arizona,Avondale city,"Avondale city, Arizona",2011,77526,,362.0,51363,828.0
Arizona,Casas Adobes CDP,"Casas Adobes CDP, Arizona",2011,67496,,296.0,52641,811.0
Arizona,Chandler city,"Chandler city, Arizona",2011,240098,8225.0,1252.0,69260,865.0
Arizona,Flagstaff city,"Flagstaff city, Arizona",2011,65904,1681.0,275.0,42551,832.0
Arizona,Gilbert town,"Gilbert town, Arizona",2011,211964,,1763.0,71207,1030.0
Arizona,Glendale city,"Glendale city, Arizona",2011,230466,3434.0,2163.0,48079,643.0
Arizona,Goodyear city,"Goodyear city, Arizona",2011,66312,,648.0,52194,880.0
Arizona,Mesa city,"Mesa city, Arizona",2011,446498,9081.0,3722.0,44527,693.0
Arizona,Peoria city,"Peoria city, Arizona",2011,156634,,972.0,64864,819.0
Arizona,Phoenix city,"Phoenix city, Arizona",2011,1469484,30860.0,14770.0,43960,685.0
Arizona,San Tan Valley CDP,"San Tan Valley CDP, Arizona",2011,83217,,882.0,49009,865.0
Arizona,Scottsdale city,"Scottsdale city, Arizona",2011,221007,,1346.0,65020,890.0
Arizona,Surprise city,"Surprise city, Arizona",2011,119494,,885.0,51892,919.0
Arizona,Tempe city,"Tempe city, Arizona",2011,164264,5163.0,1365.0,45518,803.0
Arizona,Tucson city,"Tucson city, Arizona",2011,525798,7026.0,10939.0,35362,611.0
Arizona,Yuma city,"Yuma city, Arizona",2011,94543,,798.0,41457,719.0
Arkansas,Fayetteville city,"Fayetteville city, Arkansas",2011,75109,,1274.0,34393,523.0
Arkansas,Fort Smith city,"Fort Smith city, Arkansas",2011,87146,,737.0,33846,437.0
Arkansas,Jonesboro city,"Jonesboro city, Arkansas",2011,68541,,326.0,34245,537.0
Arkansas,Little Rock city,"Little Rock city, Arkansas",2011,195310,2429.0,2503.0,40976,587.0
Arkansas,Springdale city,"Springdale city, Arkansas",2011,73153,,684.0,36909,491.0
California,Alameda city,"Alameda city, California",2011,74770,2312.0,1653.0,66781,1242.0
California,Alhambra city,"Alhambra city, California",2011,83703,1695.0,740.0,53233,1087.0
California,Anaheim city,"Anaheim city, California",2011,341348,5106.0,2492.0,56858,1200.0
California,Antioch city,"Antioch city, California",2011,104027,,1751.0,66289,1191.0
California,Apple Valley town,"Apple Valley town, California",2011,70173,,1931.0,51258,834.0
California,Arden-Arcade CDP,"Arden-Arcade CDP, California",2011,91977,,2880.0,38881,749.0
California,Bakersfield city,"Bakersfield city, California",2011,352429,3179.0,6198.0,51667,792.0
California,Baldwin Park city,"Baldwin Park city, California",2011,75937,769.0,936.0,49664,1075.0
California,Bellflower city,"Bellflower city, California",2011,77179,,1028.0,42209,1059.0
California,Berkeley city,"Berkeley city, California",2011,113893,5749.0,1007.0,61351,1154.0
California,Buena Park city,"Buena Park city, California",2011,81754,1406.0,763.0,64754,1187.0
California,Burbank city,"Burbank city, California",2011,104096,,1026.0,64147,1169.0
California,Camarillo city,"Camarillo city, California",2011,65904,,864.0,78669,1514.0
California,Carlsbad city,"Carlsbad city, California",2011,106895,,283.0,77677,1422.0
California,Carson city,"Carson city, California",2011,92387,,799.0,71263,1224.0
California,Chico city,"Chico city, California",2011,86287,,1116.0,35990,774.0
California,Chino Hills city,"Chino Hills city, California",2011,75931,,541.0,93736,1569.0
California,Chino city,"Chino city, California",2011,79061,,568.0,59749,1105.0
California,Chula Vista city,"Chula Vista city, California",2011,247514,3409.0,1739.0,59585,1116.0
California,Citrus Heights city,"Citrus Heights city, California",2011,84342,,1897.0,49983,888.0
California,Clovis city,"Clovis city, California",2011,96909,,937.0,61870,843.0
California,Compton city,"Compton city, California",2011,97166,,3834.0,39234,946.0
California,Concord city,"Concord city, California",2011,124059,2674.0,2174.0,60391,1085.0
California,Corona city,"Corona city, California",2011,155884,3834.0,1219.0,80557,1134.0
California,Costa Mesa city,"Costa Mesa city, California",2011,111603,3399.0,433.0,61136,1391.0
California,Daly City city,"Daly City city, California",2011,102368,675.0,544.0,66922,1332.0
California,Davis city,"Davis city, California",2011,66011,,273.0,55702,1151.0
California,Downey city,"Downey city, California",2011,112578,,834.0,53202,1085.0
California,East Los Angeles CDP,"East Los Angeles CDP, California",2011,131741,1212.0,2764.0,34055,890.0
California,El Cajon city,"El Cajon city, California",2011,100931,,3642.0,43540,952.0
California,El Monte city,"El Monte city, California",2011,114294,1702.0,1897.0,33829,956.0
California,Elk Grove city,"Elk Grove city, California",2011,154920,,1151.0,73250,1274.0
California,Escondido city,"Escondido city, California",2011,146021,1153.0,1371.0,43661,1049.0
California,Fairfield city,"Fairfield city, California",2011,106116,1784.0,1733.0,64059,1151.0
California,Florence-Graham CDP,"Florence-Graham CDP, California",2011,68626,,2294.0,37477,913.0
California,Folsom city,"Folsom city, California",2011,72991,,177.0,87349,1136.0
California,Fontana city,"Fontana city, California",2011,199024,1900.0,2792.0,64202,960.0
California,Fremont city,"Fremont city, California",2011,216912,2535.0,2690.0,92655,1438.0
California,Fresno city,"Fresno city, California",2011,501365,5010.0,12682.0,40533,736.0
California,Fullerton city,"Fullerton city, California",2011,137174,1879.0,524.0,65648,1183.0
California,Garden Grove city,"Garden Grove city, California",2011,173490,1310.0,1675.0,55508,1213.0
California,Glendale city,"Glendale city, California",2011,193113,5940.0,3436.0,47647,1103.0
California,Hawthorne city,"Hawthorne city, California",2011,84897,,1813.0,42723,930.0
California,Hayward city,"Hayward city, California",2011,146083,2098.0,3220.0,56332,1140.0
California,Hemet city,"Hemet city, California",2011,80459,,1608.0,29679,771.0
California,Hesperia city,"Hesperia city, California",2011,91549,,1561.0,42298,839.0
California,Huntington Beach city,"Huntington Beach city, California",2011,192868,5428.0,1664.0,75336,1414.0
California,Indio city,"Indio city, California",2011,77789,,1153.0,41082,761.0
California,Inglewood city,"Inglewood city, California",2011,110463,,2151.0,37999,966.0
California,Irvine city,"Irvine city, California",2011,215511,7957.0,1269.0,87484,1663.0
California,Lake Forest city,"Lake Forest city, California",2011,78460,,588.0,100748,1515.0
California,Lakewood city,"Lakewood city, California",2011,80648,,570.0,69610,1361.0
California,Lancaster city,"Lancaster city, California",2011,157698,1175.0,2963.0,47198,899.0
California,Livermore city,"Livermore city, California",2011,82056,,321.0,97047,1319.0
California,Long Beach city,"Long Beach city, California",2011,465584,8622.0,11736.0,51214,976.0
California,Los Angeles city,"Los Angeles city, California",2011,3819708,97579.0,63224.0,46148,1033.0
California,Lynwood city,"Lynwood city, California",2011,70259,,1411.0,41875,930.0
California,Manteca city,"Manteca city, California",2011,68254,,1592.0,53037,981.0
California,Menifee city,"Menifee city, California",2011,79321,,383.0,56735,1345.0
California,Merced city,"Merced city, California",2011,80234,,2517.0,38546,682.0
California,Milpitas city,"Milpitas city, California",2011,67811,,965.0,87371,1541.0
California,Mission Viejo city,"Mission Viejo city, California",2011,94714,,905.0,89727,1788.0
California,Modesto city,"Modesto city, California",2011,202761,2260.0,4712.0,41863,792.0
California,Moreno Valley city,"Moreno Valley city, California",2011,197838,2193.0,4824.0,53018,1025.0
California,Mountain View city,"Mountain View city, California",2011,75230,1256.0,588.0,86460,1427.0
California,Murrieta city,"Murrieta city, California",2011,105847,,602.0,72496,1514.0
California,Napa city,"Napa city, California",2011,77868,,936.0,55719,1236.0
California,Newport Beach city,"Newport Beach city, California",2011,86485,,235.0,96918,1813.0
California,Norwalk city,"Norwalk city, California",2011,106308,,2466.0,54411,1155.0
California,Oakland city,"Oakland city, California",2011,395811,10705.0,10605.0,50500,986.0
California,Oceanside city,"Oceanside city, California",2011,169565,3868.0,2042.0,55620,1315.0
California,Ontario city,"Ontario city, California",2011,166412,,2213.0,49713,987.0
California,Orange city,"Orange city, California",2011,138405,1853.0,469.0,70523,1385.0
California,Oxnard city,"Oxnard city, California",2011,199917,2630.0,2399.0,58090,1189.0
California,Palmdale city,"Palmdale city, California",2011,153874,,3938.0,50394,1013.0
California,Palo Alto city,"Palo Alto city, California",2011,65419,,333.0,119124,1812.0
California,Pasadena city,"Pasadena city, California",2011,138086,3739.0,1437.0,72265,1183.0
California,Perris city,"Perris city, California",2011,69973,,1063.0,36229,980.0
California,Pittsburg city,"Pittsburg city, California",2011,64307,,704.0,54175,1104.0
California,Pleasanton city,"Pleasanton city, California",2011,71206,,344.0,120437,1476.0
California,Pomona city,"Pomona city, California",2011,150126,1769.0,2295.0,47229,998.0
California,Rancho Cordova city,"Rancho Cordova city, California",2011,65614,,1018.0,48452,795.0
California,Rancho Cucamonga city,"Rancho Cucamonga city, California",2011,167698,,250.0,70836,1167.0
California,Redding city,"Redding city, California",2011,90142,,2004.0,40475,755.0
California,Redlands city,"Redlands city, California",2011,69744,,584.0,66577,949.0
California,Redondo Beach city,"Redondo Beach city, California",2011,67231,,328.0,97547,1564.0
California,Redwood City city,"Redwood City city, California",2011,77750,2385.0,538.0,77561,1346.0
California,Rialto city,"Rialto city, California",2011,100680,,2320.0,45415,896.0
California,Richmond city,"Richmond city, California",2011,105389,1907.0,1561.0,51652,1050.0
California,Riverside city,"Riverside city, California",2011,310654,4783.0,4587.0,51331,911.0
California,Roseville city,"Roseville city, California",2011,121755,,1012.0,75184,1037.0
California,Sacramento city,"Sacramento city, California",2011,472169,8605.0,12347.0,47908,850.0
California,Salinas city,"Salinas city, California",2011,152995,2399.0,1211.0,44387,988.0
California,San Bernardino city,"San Bernardino city, California",2011,213008,2495.0,5070.0,35118,803.0
California,San Buenaventura (Ventura) city,"San Buenaventura (Ventura) city, California",2011,107507,3204.0,1184.0,62971,1250.0
California,San Diego city,"San Diego city, California",2011,1326183,42843.0,11789.0,60797,1201.0
California,San Francisco city,"San Francisco city, California",2011,812826,34261.0,10686.0,69894,1361.0
California,San Jose city,"San Jose city, California",2011,967478,16676.0,10185.0,76593,1297.0
California,San Leandro city,"San Leandro city, California",2011,86067,1197.0,822.0,60703,1151.0
California,San Marcos city,"San Marcos city, California",2011,85009,,274.0,44339,1145.0
California,San Mateo city,"San Mateo city, California",2011,98403,2765.0,394.0,80248,1481.0
California,San Ramon city,"San Ramon city, California",2011,73338,,366.0,121756,1612.0
California,Santa Ana city,"Santa Ana city, California",2011,329405,2108.0,3810.0,51264,1110.0
California,Santa Barbara city,"Santa Barbara city, California",2011,89058,3203.0,285.0,60599,1338.0
California,Santa Clara city,"Santa Clara city, California",2011,118247,2273.0,1367.0,87015,1472.0
California,Santa Clarita city,"Santa Clarita city, California",2011,177589,4098.0,551.0,78738,1345.0
California,Santa Maria city,"Santa Maria city, California",2011,100272,851.0,1036.0,50532,1009.0
California,Santa Monica city,"Santa Monica city, California",2011,90373,5154.0,1338.0,66747,1371.0
California,Santa Rosa city,"Santa Rosa city, California",2011,169302,2725.0,1851.0,60730,1112.0
California,Simi Valley city,"Simi Valley city, California",2011,125546,3461.0,1325.0,88654,1525.0
California,South Gate city,"South Gate city, California",2011,95088,625.0,1875.0,37385,928.0
California,Stockton city,"Stockton city, California",2011,296367,3244.0,8389.0,44310,794.0
California,Sunnyvale city,"Sunnyvale city, California",2011,142299,4176.0,717.0,93836,1417.0
California,Temecula city,"Temecula city, California",2011,102471,,914.0,66869,1315.0
California,Thousand Oaks city,"Thousand Oaks city, California",2011,127994,,1199.0,96943,1561.0
California,Torrance city,"Torrance city, California",2011,146467,,1293.0,73744,1301.0
California,Tracy city,"Tracy city, California",2011,84252,,1509.0,67105,1172.0
California,Turlock city,"Turlock city, California",2011,69095,,904.0,49283,842.0
California,Tustin city,"Tustin city, California",2011,76699,,822.0,77827,1321.0
California,Union City city,"Union City city, California",2011,70441,575.0,1269.0,73004,1360.0
California,Upland city,"Upland city, California",2011,74854,,1737.0,59780,1048.0
California,Vacaville city,"Vacaville city, California",2011,93076,,722.0,71743,1097.0
California,Vallejo city,"Vallejo city, California",2011,116829,1110.0,1688.0,51988,1056.0
California,Victorville city,"Victorville city, California",2011,117596,,3116.0,45847,939.0
California,Visalia city,"Visalia city, California",2011,126421,,3229.0,52194,770.0
California,Vista city,"Vista city, California",2011,95211,,558.0,41599,1117.0
California,Walnut Creek city,"Walnut Creek city, California",2011,65232,,225.0,86613,1211.0
California,West Covina city,"West Covina city, California",2011,106864,2985.0,740.0,63895,1152.0
California,Westminster city,"Westminster city, California",2011,91078,1843.0,683.0,52498,1228.0
California,Whittier city,"Whittier city, California",2011,85933,,556.0,69106,1061.0
California,Yorba Linda city,"Yorba Linda city, California",2011,65220,,197.0,111379,1304.0
California,Yuba City city,"Yuba City city, California",2011,65041,,1350.0,48452,706.0
Colorado,Arvada city,"Arvada city, Colorado",2011,107326,,823.0,65063,782.0
Colorado,Aurora city,"Aurora city, Colorado",2011,332551,5230.0,2896.0,49593,798.0
Colorado,Boulder city,"Boulder city, Colorado",2011,98903,6288.0,385.0,57112,1045.0
Colorado,Centennial city,"Centennial city, Colorado",2011,102621,4017.0,236.0,80288,1193.0
Colorado,Colorado Springs city,"Colorado Springs city, Colorado",2011,426406,9028.0,4665.0,50945,727.0
Colorado,Denver city,"Denver city, Colorado",2011,619968,17783.0,7724.0,47371,772.0
Colorado,Fort Collins city,"Fort Collins city, Colorado",2011,146777,4511.0,1205.0,51676,896.0
Colorado,Greeley city,"Greeley city, Colorado",2011,94966,,997.0,42543,622.0
Colorado,Highlands Ranch CDP,"Highlands Ranch CDP, Colorado",2011,109365,,264.0,100593,1304.0
Colorado,Lakewood city,"Lakewood city, Colorado",2011,144414,3525.0,1496.0,53210,786.0
Colorado,Longmont city,"Longmont city, Colorado",2011,87695,2851.0,653.0,58619,809.0
Colorado,Loveland city,"Loveland city, Colorado",2011,68203,,697.0,46467,816.0
Colorado,Pueblo city,"Pueblo city, Colorado",2011,107584,1186.0,3010.0,32742,547.0
Colorado,Thornton city,"Thornton city, Colorado",2011,121449,,1260.0,62144,838.0
Colorado,Westminster city,"Westminster city, Colorado",2011,107950,3138.0,579.0,61503,877.0
Connecticut,Bridgeport city,"Bridgeport city, Connecticut",2011,145634,943.0,4116.0,35379,826.0
Connecticut,Danbury city,"Danbury city, Connecticut",2011,81684,1188.0,791.0,64974,1001.0
Connecticut,Hartford city,"Hartford city, Connecticut",2011,124863,773.0,6371.0,29169,714.0
Connecticut,New Britain city,"New Britain city, Connecticut",2011,73279,,1498.0,35357,728.0
Connecticut,New Haven city,"New Haven city, Connecticut",2011,129591,1185.0,2170.0,33526,857.0
Connecticut,Norwalk city,"Norwalk city, Connecticut",2011,86467,2207.0,2533.0,67888,1136.0
Connecticut,Stamford city,"Stamford city, Connecticut",2011,123871,3005.0,806.0,75454,1298.0
Connecticut,Waterbury city,"Waterbury city, Connecticut",2011,110196,,3740.0,41593,736.0
Delaware,Wilmington city,"Wilmington city, Delaware",2011,71317,,1343.0,38325,726.0
District of Columbia,Washington city,"Washington city, District of Columbia",2011,617996,14700.0,10065.0,63124,1131.0
Florida,Alafaya CDP,"Alafaya CDP, Florida",2011,67743,,674.0,61093,933.0
Florida,Boca Raton city,"Boca Raton city, Florida",2011,85334,,266.0,65120,1276.0
Florida,Boynton Beach city,"Boynton Beach city, Florida",2011,68997,,434.0,41769,982.0
Florida,Brandon CDP,"Brandon CDP, Florida",2011,106312,,741.0,52354,891.0
Florida,Cape Coral city,"Cape Coral city, Florida",2011,157476,,833.0,47478,815.0
Florida,Clearwater city,"Clearwater city, Florida",2011,107774,4207.0,1650.0,34662,740.0
Florida,Coral Springs city,"Coral Springs city, Florida",2011,123336,,623.0,57839,1108.0
Florida,Davie town,"Davie town, Florida",2011,93686,,162.0,53082,1001.0
Florida,Deerfield Beach city,"Deerfield Beach city, Florida",2011,76392,,579.0,35713,947.0
Florida,Deltona city,"Deltona city, Florida",2011,85212,,801.0,40532,765.0
Florida,Fort Lauderdale city,"Fort Lauderdale city, Florida",2011,168527,,692.0,46145,856.0
Florida,Fort Myers city,"Fort Myers city, Florida",2011,63528,,652.0,36560,668.0
Florida,Gainesville city,"Gainesville city, Florida",2011,125325,2528.0,949.0,30143,645.0
Florida,Hialeah city,"Hialeah city, Florida",2011,229967,7814.0,1718.0,27208,842.0
Florida,Hollywood city,"Hollywood city, Florida",2011,143351,,808.0,42494,855.0
Florida,Jacksonville city,"Jacksonville city, Florida",2011,827909,17686.0,8994.0,44802,704.0
Florida,Kendall CDP,"Kendall CDP, Florida",2011,75893,,383.0,51442,1081.0
Florida,Lakeland city,"Lakeland city, Florida",2011,98608,,1017.0,36046,661.0
Florida,Largo city,"Largo city, Florida",2011,77720,,840.0,38427,729.0
Florida,Lauderhill city,"Lauderhill city, Florida",2011,68115,,808.0,41196,873.0
Florida,Lehigh Acres CDP,"Lehigh Acres CDP, Florida",2011,98100,,364.0,38796,678.0
Florida,Melbourne city,"Melbourne city, Florida",2011,76089,,653.0,36047,667.0
Florida,Miami Beach city,"Miami Beach city, Florida",2011,89845,,253.0,39161,970.0
Florida,Miami Gardens city,"Miami Gardens city, Florida",2011,109672,,821.0,36735,919.0
Florida,Miami city,"Miami city, Florida",2011,408760,4621.0,3994.0,28536,807.0
Florida,Miramar city,"Miramar city, Florida",2011,124285,,1386.0,60851,1186.0
Florida,Orlando city,"Orlando city, Florida",2011,243209,3513.0,1360.0,40275,770.0
Florida,Palm Bay city,"Palm Bay city, Florida",2011,103234,,757.0,43020,771.0
Florida,Palm Coast city,"Palm Coast city, Florida",2011,79538,,350.0,45889,861.0
Florida,Pembroke Pines city,"Pembroke Pines city, Florida",2011,157612,,566.0,54766,1170.0
Florida,Plantation city,"Plantation city, Florida",2011,86516,,353.0,66193,1183.0
Florida,Pompano Beach city,"Pompano Beach city, Florida",2011,101632,,576.0,34560,910.0
Florida,Port St. Lucie city,"Port St. Lucie city, Florida",2011,166162,,906.0,46916,948.0
Florida,Riverview CDP,"Riverview CDP, Florida",2011,62319,,67.0,65541,955.0
Florida,Spring Hill CDP,"Spring Hill CDP, Florida",2011,106718,,1438.0,41116,769.0
Florida,St. Petersburg city,"St. Petersburg city, Florida",2011,244995,3740.0,1615.0,40881,730.0
Florida,Sunrise city,"Sunrise city, Florida",2011,85990,,308.0,43588,1061.0
Florida,Tallahassee city,"Tallahassee city, Florida",2011,182955,3165.0,1456.0,38607,732.0
Florida,Tampa city,"Tampa city, Florida",2011,346064,8086.0,4159.0,40073,770.0
Florida,Town 'n' Country CDP,"Town 'n' Country CDP, Florida",2011,78227,,880.0,45418,777.0
Florida,West Palm Beach city,"West Palm Beach city, Florida",2011,101065,,812.0,46380,891.0
Florida,Weston city,"Weston city, Florida",2011,66545,,0.0,94214,1861.0
Georgia,Albany city,"Albany city, Georgia",2011,78701,,251.0,26311,467.0
Georgia,Athens-Clarke County unified government (balance),"Athens-Clarke County unified government (balance), Georgia",2011,115939,1918.0,201.0,28554,577.0
Georgia,Atlanta city,"Atlanta city, Georgia",2011,432425,13992.0,4753.0,43903,764.0
Georgia,Augusta-Richmond County consolidated government (balance),"Augusta-Richmond County consolidated government (balance), Georgia",2011,194928,1522.0,1377.0,39040,582.0
Georgia,Columbus city,"Columbus city, Georgia",2011,194107,8318.0,1335.0,37333,569.0
Georgia,Johns Creek city,"Johns Creek city, Georgia",2011,79183,,0.0,111036,937.0
Georgia,Macon city,"Macon city, Georgia",2011,92138,,1115.0,24824,485.0
Georgia,Roswell city,"Roswell city, Georgia",2011,91165,,379.0,66044,743.0
Georgia,Sandy Springs city,"Sandy Springs city, Georgia",2011,96859,,1329.0,58031,755.0
Georgia,Savannah city,"Savannah city, Georgia",2011,139499,1529.0,541.0,36760,679.0
Georgia,Warner Robins city,"Warner Robins city, Georgia",2011,68315,,167.0,37262,588.0
Hawaii,Urban Honolulu CDP,"Urban Honolulu CDP, Hawaii",2011,340931,6772.0,5148.0,53614,1101.0
Idaho,Boise City city,"Boise City city, Idaho",2011,210151,5936.0,3521.0,41474,660.0
Idaho,Meridian city,"Meridian city, Idaho",2011,76742,,850.0,56810,768.0
Idaho,Nampa city,"Nampa city, Idaho",2011,82759,,1342.0,37435,583.0
Illinois,Arlington Heights village,"Arlington Heights village, Illinois",2011,76755,,606.0,76558,981.0
Illinois,Aurora city,"Aurora city, Illinois",2011,193398,2569.0,825.0,62461,828.0
Illinois,Bloomington city,"Bloomington city, Illinois",2011,77078,,428.0,59011,590.0
Illinois,Bolingbrook village,"Bolingbrook village, Illinois",2011,72719,,1064.0,71474,938.0
Illinois,Champaign city,"Champaign city, Illinois",2011,81296,,673.0,32965,743.0
Illinois,Chicago city,"Chicago city, Illinois",2011,2707123,51481.0,41650.0,43628,789.0
Illinois,Cicero town,"Cicero town, Illinois",2011,84263,,341.0,39557,714.0
Illinois,Decatur city,"Decatur city, Illinois",2011,74617,,1034.0,39841,498.0
Illinois,Elgin city,"Elgin city, Illinois",2011,116108,,1181.0,56337,774.0
Illinois,Evanston city,"Evanston city, Illinois",2011,74791,2527.0,290.0,60033,944.0
Illinois,Joliet city,"Joliet city, Illinois",2011,152902,1302.0,990.0,56993,710.0
Illinois,Naperville city,"Naperville city, Illinois",2011,143289,,300.0,110131,1093.0
Illinois,Palatine village,"Palatine village, Illinois",2011,68815,,420.0,63756,1005.0
Illinois,Peoria city,"Peoria city, Illinois",2011,113715,,1209.0,41541,532.0
Illinois,Rockford city,"Rockford city, Illinois",2011,152485,,3063.0,34024,581.0
Illinois,Schaumburg village,"Schaumburg village, Illinois",2011,74198,,464.0,66553,1035.0
Illinois,Skokie village,"Skokie village, Illinois",2011,65070,1540.0,650.0,61357,984.0
Illinois,Springfield city,"Springfield city, Illinois",2011,117178,1800.0,1477.0,44384,557.0
Illinois,Waukegan city,"Waukegan city, Illinois",2011,92734,,1068.0,42681,727.0
Indiana,Bloomington city,"Bloomington city, Indiana",2011,81033,,373.0,24126,658.0
Indiana,Carmel city,"Carmel city, Indiana",2011,81534,,207.0,116874,1043.0
Indiana,Evansville city,"Evansville city, Indiana",2011,118117,1679.0,1443.0,35939,529.0
Indiana,Fishers town,"Fishers town, Indiana",2011,78756,,240.0,90330,874.0
Indiana,Fort Wayne city,"Fort Wayne city, Indiana",2011,258803,3484.0,3115.0,42277,519.0
Indiana,Gary city,"Gary city, Indiana",2011,80125,,1194.0,24956,546.0
Indiana,Hammond city,"Hammond city, Indiana",2011,80758,,1006.0,35452,636.0
Indiana,Indianapolis city (balance),"Indianapolis city (balance), Indiana",2011,824232,8772.0,10384.0,39015,606.0
Indiana,Lafayette city,"Lafayette city, Indiana",2011,66105,,798.0,38927,604.0
Indiana,Muncie city,"Muncie city, Indiana",2011,69131,,488.0,26913,536.0
Indiana,South Bend city,"South Bend city, Indiana",2011,101103,699.0,1604.0,31927,558.0
Iowa,Cedar Rapids city,"Cedar Rapids city, Iowa",2011,127902,2226.0,1518.0,50528,542.0
Iowa,Davenport city,"Davenport city, Iowa",2011,100805,,1631.0,41672,565.0
Iowa,Des Moines city,"Des Moines city, Iowa",2011,206577,2675.0,3048.0,41813,626.0
Iowa,Iowa City city,"Iowa City city, Iowa",2011,68940,1135.0,415.0,41084,708.0
Iowa,Sioux City city,"Sioux City city, Iowa",2011,81453,,878.0,37846,509.0
Iowa,Waterloo city,"Waterloo city, Iowa",2011,68646,,931.0,36127,528.0
Kansas,Kansas City city,"Kansas City city, Kansas",2011,146198,1074.0,2473.0,37036,531.0
Kansas,Lawrence city,"Lawrence city, Kansas",2011,89851,1691.0,821.0,43210,739.0
Kansas,Olathe city,"Olathe city, Kansas",2011,127902,,788.0,72449,700.0
Kansas,Overland Park city,"Overland Park city, Kansas",2011,176182,,196.0,66544,760.0
Kansas,Topeka city,"Topeka city, Kansas",2011,128194,1468.0,1641.0,36666,510.0
Kansas,Wichita city,"Wichita city, Kansas",2011,384439,4553.0,4608.0,44184,508.0
Kentucky,Lexington-Fayette urban county,"Lexington-Fayette urban county, Kentucky",2011,301569,6081.0,1559.0,47207,601.0
Kentucky,Louisville/Jefferson County metro government (balance),"Louisville/Jefferson County metro government (balance), Kentucky",2011,602037,7075.0,7948.0,42019,552.0
Louisiana,Baton Rouge city,"Baton Rouge city, Louisiana",2011,230148,2538.0,1687.0,36894,624.0
Louisiana,Kenner city,"Kenner city, Louisiana",2011,66725,,653.0,41128,783.0
Louisiana,Lafayette city,"Lafayette city, Louisiana",2011,122128,1609.0,811.0,41546,649.0
Louisiana,Lake Charles city,"Lake Charles city, Louisiana",2011,72475,,380.0,32194,565.0
Louisiana,Metairie CDP,"Metairie CDP, Louisiana",2011,137775,1972.0,323.0,49051,729.0
Louisiana,New Orleans city,"New Orleans city, Louisiana",2011,360740,5144.0,2946.0,35041,753.0
Louisiana,Shreveport city,"Shreveport city, Louisiana",2011,201871,1839.0,1852.0,36593,590.0
Maryland,Baltimore city,"Baltimore city, Maryland",2011,619493,5641.0,19225.0,38721,722.0
Maryland,Columbia CDP,"Columbia CDP, Maryland",2011,104643,,804.0,94647,1237.0
Maryland,Ellicott City CDP,"Ellicott City CDP, Maryland",2011,68010,,155.0,102589,1139.0
Maryland,Frederick city,"Frederick city, Maryland",2011,66165,,671.0,61384,1015.0
Maryland,Germantown CDP,"Germantown CDP, Maryland",2011,84447,,498.0,74918,1361.0
Maryland,Glen Burnie CDP,"Glen Burnie CDP, Maryland",2011,69026,,1987.0,61386,936.0
Maryland,Silver Spring CDP,"Silver Spring CDP, Maryland",2011,78430,,1020.0,70797,1273.0
Maryland,Waldorf CDP,"Waldorf CDP, Maryland",2011,71674,,475.0,85027,1312.0
Massachusetts,Boston city,"Boston city, Massachusetts",2011,624969,12589.0,12182.0,49081,1118.0
Massachusetts,Brockton city,"Brockton city, Massachusetts",2011,94312,1146.0,1846.0,44786,904.0
Massachusetts,Cambridge city,"Cambridge city, Massachusetts",2011,106039,5269.0,635.0,67886,1555.0
Massachusetts,Fall River city,"Fall River city, Massachusetts",2011,88964,,2975.0,34105,594.0
Massachusetts,Framingham CDP,"Framingham CDP, Massachusetts",2011,68986,,663.0,65144,933.0
Massachusetts,Lawrence city,"Lawrence city, Massachusetts",2011,76971,282.0,1274.0,30705,781.0
Massachusetts,Lowell city,"Lowell city, Massachusetts",2011,107582,1000.0,2312.0,51236,880.0
Massachusetts,Lynn city,"Lynn city, Massachusetts",2011,91035,1490.0,917.0,44296,813.0
Massachusetts,New Bedford city,"New Bedford city, Massachusetts",2011,95180,791.0,3182.0,37737,646.0
Massachusetts,Newton city,"Newton city, Massachusetts",2011,85946,3644.0,559.0,107577,1439.0
Massachusetts,Quincy city,"Quincy city, Massachusetts",2011,92914,,1645.0,61391,1097.0
Massachusetts,Somerville city,"Somerville city, Massachusetts",2011,76529,1224.0,465.0,61241,1279.0
Massachusetts,Springfield city,"Springfield city, Massachusetts",2011,153157,,4176.0,32124,594.0
Massachusetts,Worcester city,"Worcester city, Massachusetts",2011,181641,2925.0,2830.0,42718,762.0
Michigan,Ann Arbor city,"Ann Arbor city, Michigan",2011,114932,,660.0,49219,870.0
Michigan,Dearborn city,"Dearborn city, Michigan",2011,97131,,1403.0,44623,719.0
Michigan,Detroit city,"Detroit city, Michigan",2011,706640,5515.0,21860.0,25193,547.0
Michigan,Farmington Hills city,"Farmington Hills city, Michigan",2011,80255,,883.0,71765,807.0
Michigan,Flint city,"Flint city, Michigan",2011,101568,,4579.0,23830,435.0
Michigan,Grand Rapids city,"Grand Rapids city, Michigan",2011,189813,3492.0,9182.0,36408,615.0
Michigan,Kalamazoo city,"Kalamazoo city, Michigan",2011,74743,,2085.0,30068,577.0
Michigan,Lansing city,"Lansing city, Michigan",2011,114738,,2752.0,31975,585.0
Michigan,Livonia city,"Livonia city, Michigan",2011,95947,,731.0,65851,696.0
Michigan,Rochester Hills city,"Rochester Hills city, Michigan",2011,71457,,750.0,71590,846.0
Michigan,Southfield city,"Southfield city, Michigan",2011,72201,,1324.0,46842,809.0
Michigan,Sterling Heights city,"Sterling Heights city, Michigan",2011,129884,,1481.0,49865,684.0
Michigan,Troy city,"Troy city, Michigan",2011,81507,,911.0,77734,826.0
Michigan,Warren city,"Warren city, Michigan",2011,134250,1199.0,2432.0,41658,651.0
Michigan,Westland city,"Westland city, Michigan",2011,83235,,1013.0,41790,626.0
Michigan,Wyoming city,"Wyoming city, Michigan",2011,72839,,1356.0,47372,618.0
Minnesota,Bloomington city,"Bloomington city, Minnesota",2011,84060,2256.0,1082.0,59810,782.0
Minnesota,Brooklyn Park city,"Brooklyn Park city, Minnesota",2011,76830,,1469.0,55911,744.0
Minnesota,Duluth city,"Duluth city, Minnesota",2011,86284,1476.0,1751.0,40940,613.0
Minnesota,Minneapolis city,"Minneapolis city, Minnesota",2011,387736,11053.0,11225.0,46682,730.0
Minnesota,Plymouth city,"Plymouth city, Minnesota",2011,71561,,227.0,81438,952.0
Minnesota,Rochester city,"Rochester city, Minnesota",2011,107887,1878.0,1076.0,63713,700.0
Minnesota,St. Cloud city,"St. Cloud city, Minnesota",2011,68066,,1493.0,41407,699.0
Minnesota,St. Paul city,"St. Paul city, Minnesota",2011,288437,7035.0,7801.0,42069,715.0
Mississippi,Gulfport city,"Gulfport city, Mississippi",2011,69221,,300.0,35471,616.0
Mississippi,Jackson city,"Jackson city, Mississippi",2011,175607,2299.0,6066.0,31370,554.0
Missouri,Columbia city,"Columbia city, Missouri",2011,110432,2615.0,609.0,45427,578.0
Missouri,Independence city,"Independence city, Missouri",2011,117210,,1124.0,41487,562.0
Missouri,Kansas City city,"Kansas City city, Missouri",2011,463156,8689.0,5394.0,43810,608.0
Missouri,Lee's Summit city,"Lee's Summit city, Missouri",2011,91352,,821.0,72390,775.0
Missouri,O'Fallon city,"O'Fallon city, Missouri",2011,80534,,53.0,73669,799.0
Missouri,Springfield city,"Springfield city, Missouri",2011,160662,2670.0,1149.0,33391,513.0
Missouri,St. Charles city,"St. Charles city, Missouri",2011,66600,,289.0,55781,666.0
Missouri,St. Joseph city,"St. Joseph city, Missouri",2011,77095,,639.0,39563,489.0
Missouri,St. Louis city,"St. Louis city, Missouri",2011,318069,4539.0,4846.0,32570,539.0
Montana,Billings city,"Billings city, Montana",2011,105623,,1358.0,43530,579.0
Montana,Missoula city,"Missoula city, Montana",2011,67297,,861.0,36583,644.0
Nebraska,Lincoln city,"Lincoln city, Nebraska",2011,262350,4435.0,2026.0,46670,580.0
Nebraska,Omaha city,"Omaha city, Nebraska",2011,415076,5198.0,4636.0,45536,619.0
Nevada,Enterprise CDP,"Enterprise CDP, Nevada",2011,120194,,1381.0,64608,1009.0
Nevada,Henderson city,"Henderson city, Nevada",2011,260072,3680.0,1862.0,60453,943.0
Nevada,Las Vegas city,"Las Vegas city, Nevada",2011,589340,8038.0,10148.0,46995,803.0
Nevada,North Las Vegas city,"North Las Vegas city, Nevada",2011,219017,,2273.0,50006,864.0
Nevada,Paradise CDP,"Paradise CDP, Nevada",2011,216387,2275.0,2876.0,40665,730.0
Nevada,Reno city,"Reno city, Nevada",2011,227509,3149.0,1876.0,44846,713.0
Nevada,Sparks city,"Sparks city, Nevada",2011,91202,,927.0,50568,821.0
Nevada,Spring Valley CDP,"Spring Valley CDP, Nevada",2011,191336,,579.0,47084,897.0
Nevada,Sunrise Manor CDP,"Sunrise Manor CDP, Nevada",2011,181940,1329.0,2620.0,37947,665.0
New Hampshire,Manchester city,"Manchester city, New Hampshire",2011,109835,,1634.0,51082,843.0
New Hampshire,Nashua city,"Nashua city, New Hampshire",2011,86702,,1017.0,60923,910.0
New Jersey,Camden city,"Camden city, New Jersey",2011,77277,,4198.0,21191,678.0
New Jersey,Clifton city,"Clifton city, New Jersey",2011,84262,651.0,473.0,59954,984.0
New Jersey,East Orange city,"East Orange city, New Jersey",2011,64363,,2619.0,30867,855.0
New Jersey,Elizabeth city,"Elizabeth city, New Jersey",2011,125662,1630.0,1005.0,41986,877.0
New Jersey,Jersey City city,"Jersey City city, New Jersey",2011,250317,4508.0,3357.0,56843,983.0
New Jersey,Newark city,"Newark city, New Jersey",2011,277545,1411.0,10052.0,31731,814.0
New Jersey,Passaic city,"Passaic city, New Jersey",2011,69906,,1382.0,29094,854.0
New Jersey,Paterson city,"Paterson city, New Jersey",2011,146426,260.0,3482.0,32419,911.0
New Jersey,Toms River CDP,"Toms River CDP, New Jersey",2011,89032,,989.0,71182,1067.0
New Jersey,Trenton city,"Trenton city, New Jersey",2011,84912,563.0,3653.0,36049,808.0
New Jersey,Union City city,"Union City city, New Jersey",2011,67176,292.0,1186.0,36597,911.0
New Mexico,Albuquerque city,"Albuquerque city, New Mexico",2011,552801,9971.0,6424.0,43606,662.0
New Mexico,Las Cruces city,"Las Cruces city, New Mexico",2011,99661,,1019.0,37576,548.0
New Mexico,Rio Rancho city,"Rio Rancho city, New Mexico",2011,89214,,354.0,52237,781.0
New Mexico,Santa Fe city,"Santa Fe city, New Mexico",2011,68634,3889.0,995.0,46617,804.0
New York,Albany city,"Albany city, New York",2011,97664,,1850.0,37141,713.0
New York,Buffalo city,"Buffalo city, New York",2011,261004,2050.0,6910.0,29158,511.0
New York,Cheektowaga CDP,"Cheektowaga CDP, New York",2011,76902,,910.0,47703,547.0
New York,Mount Vernon city,"Mount Vernon city, New York",2011,67789,1678.0,2179.0,50709,1042.0
New York,New Rochelle city,"New Rochelle city, New York",2011,77591,1536.0,771.0,59120,1165.0
New York,New York city,"New York city, New York",2011,8244910,141423.0,127696.0,49461,1063.0
New York,Rochester city,"Rochester city, New York",2011,210850,2923.0,9725.0,28963,593.0
New York,Schenectady city,"Schenectady city, New York",2011,66276,,1652.0,35488,654.0
New York,Syracuse city,"Syracuse city, New York",2011,145150,1672.0,4574.0,28817,576.0
New York,Yonkers city,"Yonkers city, New York",2011,197397,1680.0,2549.0,50656,1049.0
North Carolina,Asheville city,"Asheville city, North Carolina",2011,84458,,852.0,39082,665.0
North Carolina,Cary town,"Cary town, North Carolina",2011,138926,,393.0,82509,774.0
North Carolina,Charlotte city,"Charlotte city, North Carolina",2011,751074,21579.0,6134.0,50177,710.0
North Carolina,Concord city,"Concord city, North Carolina",2011,80604,,559.0,49637,566.0
North Carolina,Durham city,"Durham city, North Carolina",2011,233210,4873.0,1120.0,43654,665.0
North Carolina,Fayetteville city,"Fayetteville city, North Carolina",2011,203922,1399.0,1350.0,43379,665.0
North Carolina,Gastonia city,"Gastonia city, North Carolina",2011,72061,,350.0,36881,523.0
North Carolina,Greensboro city,"Greensboro city, North Carolina",2011,273419,5392.0,6500.0,39637,587.0
North Carolina,Greenville city,"Greenville city, North Carolina",2011,86024,,342.0,33000,540.0
North Carolina,High Point city,"High Point city, North Carolina",2011,107089,,1144.0,40693,569.0
North Carolina,Jacksonville city,"Jacksonville city, North Carolina",2011,70797,,536.0,41987,827.0
North Carolina,Raleigh city,"Raleigh city, North Carolina",2011,416126,10608.0,1446.0,52040,712.0
North Carolina,Wilmington city,"Wilmington city, North Carolina",2011,108305,2529.0,1418.0,34695,673.0
North Carolina,Winston-Salem city,"Winston-Salem city, North Carolina",2011,232397,5285.0,1712.0,37501,537.0
North Dakota,Fargo city,"Fargo city, North Dakota",2011,107325,2057.0,934.0,44611,600.0
Ohio,Akron city,"Akron city, Ohio",2011,198415,1732.0,8540.0,31392,531.0
Ohio,Canton city,"Canton city, Ohio",2011,72925,,3866.0,26801,460.0
Ohio,Cincinnati city,"Cincinnati city, Ohio",2011,296236,5819.0,5800.0,31301,504.0
Ohio,Cleveland city,"Cleveland city, Ohio",2011,393804,3661.0,14055.0,25371,507.0
Ohio,Columbus city,"Columbus city, Ohio",2011,796014,12249.0,12535.0,40463,626.0
Ohio,Dayton city,"Dayton city, Ohio",2011,142154,1242.0,3927.0,25434,469.0
Ohio,Lorain city,"Lorain city, Ohio",2011,64155,,1161.0,33623,522.0
Ohio,Parma city,"Parma city, Ohio",2011,80980,,1045.0,46490,613.0
Ohio,Toledo city,"Toledo city, Ohio",2011,286033,1974.0,6398.0,31090,501.0
Ohio,Youngstown city,"Youngstown city, Ohio",2011,66545,,1548.0,24006,432.0
Oklahoma,Broken Arrow city,"Broken Arrow city, Oklahoma",2011,103118,,665.0,62532,698.0
Oklahoma,Edmond city,"Edmond city, Oklahoma",2011,82961,,288.0,66535,702.0
Oklahoma,Lawton city,"Lawton city, Oklahoma",2011,98180,2863.0,2594.0,41783,612.0
Oklahoma,Norman city,"Norman city, Oklahoma",2011,113274,1968.0,1527.0,47815,567.0
Oklahoma,Oklahoma City city,"Oklahoma City city, Oklahoma",2011,591912,9938.0,8833.0,42995,558.0
Oklahoma,Tulsa city,"Tulsa city, Oklahoma",2011,396039,5932.0,5436.0,40123,549.0
Oregon,Beaverton city,"Beaverton city, Oregon",2011,91641,1874.0,933.0,53914,782.0
Oregon,Bend city,"Bend city, Oregon",2011,77907,,1437.0,46459,765.0
Oregon,Eugene city,"Eugene city, Oregon",2011,156921,3900.0,2321.0,37339,717.0
Oregon,Gresham city,"Gresham city, Oregon",2011,107439,1971.0,1789.0,41056,720.0
Oregon,Hillsboro city,"Hillsboro city, Oregon",2011,93452,3724.0,512.0,65762,920.0
Oregon,Medford city,"Medford city, Oregon",2011,75509,,945.0,36903,751.0
Oregon,Portland city,"Portland city, Oregon",2011,595325,23876.0,10043.0,47033,768.0
Oregon,Salem city,"Salem city, Oregon",2011,156265,2329.0,2524.0,43880,669.0
Pennsylvania,Allentown city,"Allentown city, Pennsylvania",2011,119142,,2732.0,30784,709.0
Pennsylvania,Bethlehem city,"Bethlehem city, Pennsylvania",2011,76124,,1079.0,45019,762.0
Pennsylvania,Erie city,"Erie city, Pennsylvania",2011,101791,1035.0,2902.0,31901,483.0
Pennsylvania,Philadelphia city,"Philadelphia city, Pennsylvania",2011,1536471,17534.0,48416.0,34207,691.0
Pennsylvania,Pittsburgh city,"Pittsburgh city, Pennsylvania",2011,307498,6135.0,7502.0,35947,603.0
Pennsylvania,Reading city,"Reading city, Pennsylvania",2011,88422,936.0,3630.0,24682,548.0
Pennsylvania,Scranton city,"Scranton city, Pennsylvania",2011,75995,414.0,1159.0,36219,532.0
Rhode Island,Cranston city,"Cranston city, Rhode Island",2011,80401,,534.0,54530,813.0
Rhode Island,Pawtucket city,"Pawtucket city, Rhode Island",2011,71151,,1575.0,35311,665.0
Rhode Island,Providence city,"Providence city, Rhode Island",2011,178059,3220.0,3297.0,37856,725.0
Rhode Island,Warwick city,"Warwick city, Rhode Island",2011,82354,,320.0,60488,895.0
South Carolina,Charleston city,"Charleston city, South Carolina",2011,123240,,525.0,49284,798.0
South Carolina,Columbia city,"Columbia city, South Carolina",2011,130092,3349.0,811.0,39220,620.0
South Carolina,Mount Pleasant town,"Mount Pleasant town, South Carolina",2011,69353,,0.0,69825,1110.0
South Carolina,North Charleston city,"North Charleston city, South Carolina",2011,101478,,612.0,37049,597.0
South Carolina,Rock Hill city,"Rock Hill city, South Carolina",2011,67411,,341.0,39299,570.0
South Dakota,Rapid City city,"Rapid City city, South Dakota",2011,69202,,938.0,44588,662.0
South Dakota,Sioux Falls city,"Sioux Falls city, South Dakota",2011,156284,1595.0,584.0,50470,623.0
Tennessee,Chattanooga city,"Chattanooga city, Tennessee",2011,170136,1880.0,2760.0,32791,541.0
Tennessee,Clarksville city,"Clarksville city, Tennessee",2011,136237,,1465.0,42237,663.0
Tennessee,Jackson city,"Jackson city, Tennessee",2011,65189,,1164.0,33116,460.0
Tennessee,Knoxville city,"Knoxville city, Tennessee",2011,180753,1554.0,4658.0,33726,569.0
Tennessee,Memphis city,"Memphis city, Tennessee",2011,652078,6852.0,10201.0,34960,591.0
Tennessee,Murfreesboro city,"Murfreesboro city, Tennessee",2011,111337,,1799.0,44383,631.0
Tennessee,Nashville-Davidson metropolitan government (balance),"Nashville-Davidson metropolitan government (balance), Tennessee",2011,609637,12119.0,8322.0,42639,656.0
Texas,Abilene city,"Abilene city, Texas",2011,123471,,586.0,38403,537.0
Texas,Allen city,"Allen city, Texas",2011,87476,,332.0,102904,939.0
Texas,Amarillo city,"Amarillo city, Texas",2011,194701,3442.0,1123.0,44563,580.0
Texas,Arlington city,"Arlington city, Texas",2011,373681,5214.0,2808.0,50655,653.0
Texas,Atascocita CDP,"Atascocita CDP, Texas",2011,72363,,257.0,78234,819.0
Texas,Austin city,"Austin city, Texas",2011,820601,27300.0,4060.0,49987,760.0
Texas,Baytown city,"Baytown city, Texas",2011,71819,,410.0,45624,633.0
Texas,Beaumont city,"Beaumont city, Texas",2011,118532,742.0,3159.0,36746,550.0
Texas,Brownsville city,"Brownsville city, Texas",2011,178448,1890.0,1927.0,31850,467.0
Texas,Bryan city,"Bryan city, Texas",2011,77315,,1128.0,31089,600.0
Texas,Carrollton city,"Carrollton city, Texas",2011,122656,,474.0,67602,770.0
Texas,College Station city,"College Station city, Texas",2011,95147,,277.0,27648,732.0
Texas,Corpus Christi city,"Corpus Christi city, Texas",2011,307954,4269.0,2125.0,44893,641.0
Texas,Dallas city,"Dallas city, Texas",2011,1223378,22901.0,7855.0,40585,661.0
Texas,Denton city,"Denton city, Texas",2011,117177,,149.0,42658,693.0
Texas,Edinburg city,"Edinburg city, Texas",2011,79156,,546.0,47474,503.0
Texas,El Paso city,"El Paso city, Texas",2011,665577,8076.0,12408.0,40702,597.0
Texas,Flower Mound town,"Flower Mound town, Texas",2011,67209,,339.0,123294,1373.0
Texas,Fort Worth city,"Fort Worth city, Texas",2011,760758,9053.0,8987.0,47399,634.0
Texas,Frisco city,"Frisco city, Texas",2011,121389,,0.0,106232,1025.0
Texas,Garland city,"Garland city, Texas",2011,231596,4099.0,1517.0,50198,727.0
Texas,Grand Prairie city,"Grand Prairie city, Texas",2011,179067,,1426.0,49929,721.0
Texas,Harlingen city,"Harlingen city, Texas",2011,66124,,323.0,32714,533.0
Texas,Houston city,"Houston city, Texas",2011,2145933,31884.0,14207.0,42877,667.0
Texas,Irving city,"Irving city, Texas",2011,220699,3389.0,1618.0,47266,703.0
Texas,Killeen city,"Killeen city, Texas",2011,130005,,2146.0,42104,662.0
Texas,Laredo city,"Laredo city, Texas",2011,241350,,1400.0,36665,569.0
Texas,League City city,"League City city, Texas",2011,83999,,109.0,84649,884.0
Texas,Lewisville city,"Lewisville city, Texas",2011,98489,,534.0,55913,726.0
Texas,Longview city,"Longview city, Texas",2011,82278,,567.0,42196,627.0
Texas,Lubbock city,"Lubbock city, Texas",2011,233735,3265.0,1813.0,43364,616.0
Texas,McAllen city,"McAllen city, Texas",2011,133756,,606.0,35348,539.0
Texas,McKinney city,"McKinney city, Texas",2011,136073,,422.0,81256,832.0
Texas,Mesquite city,"Mesquite city, Texas",2011,142574,,1758.0,46983,736.0
Texas,Midland city,"Midland city, Texas",2011,113928,,329.0,55497,776.0
Texas,Mission city,"Mission city, Texas",2011,79375,,473.0,41624,515.0
Texas,Missouri City city,"Missouri City city, Texas",2011,68776,,95.0,80688,1073.0
Texas,North Richland Hills city,"North Richland Hills city, Texas",2011,64786,,174.0,62152,758.0
Texas,Odessa city,"Odessa city, Texas",2011,102841,,1202.0,50687,597.0
Texas,Pasadena city,"Pasadena city, Texas",2011,152295,1688.0,2226.0,46623,616.0
Texas,Pearland city,"Pearland city, Texas",2011,95644,,412.0,83665,837.0
Texas,Pharr city,"Pharr city, Texas",2011,72513,,865.0,30069,416.0
Texas,Plano city,"Plano city, Texas",2011,271380,11503.0,988.0,80184,853.0
Texas,Richardson city,"Richardson city, Texas",2011,101731,2781.0,49.0,67064,866.0
Texas,Round Rock city,"Round Rock city, Texas",2011,106128,,420.0,70530,743.0
Texas,San Angelo city,"San Angelo city, Texas",2011,95818,,566.0,39413,564.0
Texas,San Antonio city,"San Antonio city, Texas",2011,1359730,18787.0,12464.0,42613,658.0
Texas,Sugar Land city,"Sugar Land city, Texas",2011,81698,,179.0,97068,1107.0
Texas,Temple city,"Temple city, Texas",2011,67183,,388.0,43963,623.0
Texas,The Woodlands CDP,"The Woodlands CDP, Texas",2011,112858,,379.0,105398,1037.0
Texas,Tyler city,"Tyler city, Texas",2011,98573,,355.0,41448,666.0
Texas,Waco city,"Waco city, Texas",2011,126691,,1154.0,32246,545.0
Texas,Wichita Falls city,"Wichita Falls city, Texas",2011,103932,,365.0,42703,526.0
Utah,Layton city,"Layton city, Utah",2011,68488,,599.0,73550,726.0
Utah,Ogden city,"Ogden city, Utah",2011,83950,1434.0,647.0,41182,611.0
Utah,Orem city,"Orem city, Utah",2011,90719,1482.0,429.0,53231,797.0
Utah,Provo city,"Provo city, Utah",2011,115324,3725.0,868.0,36831,615.0
Utah,Salt Lake City city,"Salt Lake City city, Utah",2011,189906,2925.0,1905.0,41588,693.0
Utah,Sandy city,"Sandy city, Utah",2011,89191,2132.0,606.0,70521,920.0
Utah,St. George city,"St. George city, Utah",2011,74776,,172.0,44041,675.0
Utah,West Jordan city,"West Jordan city, Utah",2011,105694,2890.0,405.0,64899,790.0
Utah,West Valley City city,"West Valley City city, Utah",2011,131928,2122.0,496.0,47679,759.0
Virginia,Alexandria city,"Alexandria city, Virginia",2011,144301,5568.0,723.0,82748,1342.0
Virginia,Arlington CDP,"Arlington CDP, Virginia",2011,216004,5671.0,467.0,100735,1621.0
Virginia,Centreville CDP,"Centreville CDP, Virginia",2011,77602,,275.0,93350,1382.0
Virginia,Chesapeake city,"Chesapeake city, Virginia",2011,225050,2789.0,2045.0,66563,962.0
Virginia,Dale City CDP,"Dale City CDP, Virginia",2011,65174,,652.0,77443,1205.0
Virginia,Hampton city,"Hampton city, Virginia",2011,136401,,1674.0,49848,784.0
Virginia,Lynchburg city,"Lynchburg city, Virginia",2011,76503,,487.0,36627,570.0
Virginia,Newport News city,"Newport News city, Virginia",2011,179611,3078.0,2248.0,48976,774.0
Virginia,Norfolk city,"Norfolk city, Virginia",2011,242628,10565.0,2934.0,43108,776.0
Virginia,Portsmouth city,"Portsmouth city, Virginia",2011,95684,1483.0,1572.0,42647,756.0
Virginia,Richmond city,"Richmond city, Virginia",2011,205533,4725.0,3590.0,38926,696.0
Virginia,Roanoke city,"Roanoke city, Virginia",2011,96714,,1339.0,39040,511.0
Virginia,Suffolk city,"Suffolk city, Virginia",2011,84930,,1017.0,64334,767.0
Virginia,Virginia Beach city,"Virginia Beach city, Virginia",2011,442707,10914.0,1827.0,64614,1021.0
Washington,Auburn city,"Auburn city, Washington",2011,70724,,433.0,51666,824.0
Washington,Bellevue city,"Bellevue city, Washington",2011,124790,,954.0,83518,1190.0
Washington,Bellingham city,"Bellingham city, Washington",2011,81865,3130.0,1196.0,42892,776.0
Washington,Everett city,"Everett city, Washington",2011,104304,2407.0,3284.0,46257,781.0
Washington,Federal Way city,"Federal Way city, Washington",2011,91079,,1838.0,51687,817.0
Washington,Kennewick city,"Kennewick city, Washington",2011,76219,,670.0,51730,647.0
Washington,Kent city,"Kent city, Washington",2011,120919,1534.0,2226.0,56857,848.0
Washington,Renton city,"Renton city, Washington",2011,92827,1712.0,975.0,62800,913.0
Washington,Seattle city,"Seattle city, Washington",2011,620778,21510.0,9817.0,61037,943.0
Washington,Spokane Valley city,"Spokane Valley city, Washington",2011,90282,,2414.0,46209,622.0
Washington,Spokane city,"Spokane city, Washington",2011,210107,5735.0,5955.0,39999,600.0
Washington,Tacoma city,"Tacoma city, Washington",2011,200677,2668.0,4229.0,48402,778.0
Washington,Vancouver city,"Vancouver city, Washington",2011,164774,4327.0,3851.0,48909,754.0
Washington,Yakima city,"Yakima city, Washington",2011,92521,,2006.0,36873,577.0
Wisconsin,Appleton city,"Appleton city, Wisconsin",2011,72395,,741.0,49274,527.0
Wisconsin,Eau Claire city,"Eau Claire city, Wisconsin",2011,65973,,404.0,42170,580.0
Wisconsin,Green Bay city,"Green Bay city, Wisconsin",2011,105815,1618.0,832.0,41784,530.0
Wisconsin,Kenosha city,"Kenosha city, Wisconsin",2011,99743,827.0,1384.0,46618,687.0
Wisconsin,Madison city,"Madison city, Wisconsin",2011,236889,5779.0,1807.0,53363,809.0
Wisconsin,Milwaukee city,"Milwaukee city, Wisconsin",2011,597884,6796.0,11706.0,33122,613.0
Wisconsin,Oshkosh city,"Oshkosh city, Wisconsin",2011,66339,,643.0,39387,564.0
Wisconsin,Racine city,"Racine city, Wisconsin",2011,78847,,2352.0,38371,582.0
Wisconsin,Waukesha city,"Waukesha city, Wisconsin",2011,70872,,502.0,55827,699.0
Alabama,Birmingham city,"Birmingham city, Alabama",2012,212835,1631.0,2376.0,30701,530.0
Alabama,Dothan city,"Dothan city, Alabama",2012,68104,337.0,359.0,42665,505.0
Alabama,Hoover city,"Hoover city, Alabama",2012,81627,,39.0,70583,755.0
Alabama,Huntsville city,"Huntsville city, Alabama",2012,183076,1952.0,2209.0,47818,559.0
Alabama,Mobile city,"Mobile city, Alabama",2012,194823,2848.0,2131.0,35238,568.0
Alabama,Montgomery city,"Montgomery city, Alabama",2012,205285,2306.0,1776.0,40536,591.0
Alabama,Tuscaloosa city,"Tuscaloosa city, Alabama",2012,93351,,1786.0,37069,532.0
Alaska,Anchorage municipality,"Anchorage municipality, Alaska",2012,298610,7376.0,6224.0,72575,1073.0
Arizona,Avondale city,"Avondale city, Arizona",2012,78274,,684.0,51237,844.0
Arizona,Casas Adobes CDP,"Casas Adobes CDP, Arizona",2012,71976,,346.0,49447,808.0
Arizona,Chandler city,"Chandler city, Arizona",2012,245642,6638.0,1457.0,70122,948.0
Arizona,Flagstaff city,"Flagstaff city, Arizona",2012,67472,1760.0,384.0,48522,908.0
Arizona,Gilbert town,"Gilbert town, Arizona",2012,221136,9725.0,983.0,79916,1047.0
Arizona,Glendale city,"Glendale city, Arizona",2012,232118,4442.0,1850.0,45765,695.0
Arizona,Goodyear city,"Goodyear city, Arizona",2012,69631,,445.0,73022,1043.0
Arizona,Mesa city,"Mesa city, Arizona",2012,452068,8821.0,5916.0,47256,719.0
Arizona,Peoria city,"Peoria city, Arizona",2012,159761,4378.0,676.0,61880,902.0
Arizona,Phoenix city,"Phoenix city, Arizona",2012,1488759,31027.0,12696.0,44153,713.0
Arizona,San Tan Valley CDP,"San Tan Valley CDP, Arizona",2012,82760,,233.0,57331,930.0
Arizona,Scottsdale city,"Scottsdale city, Arizona",2012,223517,10380.0,1324.0,72102,961.0
Arizona,Surprise city,"Surprise city, Arizona",2012,121276,,1043.0,59553,929.0
Arizona,Tempe city,"Tempe city, Arizona",2012,166862,4846.0,1579.0,45009,789.0
Arizona,Tucson city,"Tucson city, Arizona",2012,524278,8381.0,7569.0,35354,612.0
Arizona,Yuma city,"Yuma city, Arizona",2012,95424,1164.0,517.0,41624,744.0
Arkansas,Fayetteville city,"Fayetteville city, Arkansas",2012,76892,,1114.0,36689,571.0
Arkansas,Fort Smith city,"Fort Smith city, Arkansas",2012,87437,,1147.0,35989,479.0
Arkansas,Jonesboro city,"Jonesboro city, Arkansas",2012,70183,,753.0,43353,572.0
Arkansas,Little Rock city,"Little Rock city, Arkansas",2012,196530,2680.0,2142.0,45951,574.0
Arkansas,Springdale city,"Springdale city, Arkansas",2012,76480,,1265.0,38872,522.0
California,Alameda city,"Alameda city, California",2012,75632,1977.0,968.0,74860,1261.0
California,Alhambra city,"Alhambra city, California",2012,84322,,803.0,57464,1088.0
California,Anaheim city,"Anaheim city, California",2012,343241,5232.0,3001.0,55464,1189.0
California,Antioch city,"Antioch city, California",2012,105495,1593.0,2706.0,59971,1107.0
California,Apple Valley town,"Apple Valley town, California",2012,70682,,1175.0,40313,760.0
California,Arden-Arcade CDP,"Arden-Arcade CDP, California",2012,88995,,2356.0,41759,729.0
California,Bakersfield city,"Bakersfield city, California",2012,358600,3230.0,5695.0,53693,845.0
California,Baldwin Park city,"Baldwin Park city, California",2012,76437,,1869.0,50972,1019.0
California,Bellflower city,"Bellflower city, California",2012,77334,,1752.0,47785,1084.0
California,Berkeley city,"Berkeley city, California",2012,115417,6574.0,813.0,65887,1215.0
California,Buena Park city,"Buena Park city, California",2012,82152,,1593.0,64889,1213.0
California,Burbank city,"Burbank city, California",2012,104380,2741.0,1511.0,66844,1235.0
California,Camarillo city,"Camarillo city, California",2012,65972,,454.0,86735,1454.0
California,Carlsbad city,"Carlsbad city, California",2012,109333,,805.0,78238,1535.0
California,Carson city,"Carson city, California",2012,92992,,815.0,68752,1139.0
California,Chico city,"Chico city, California",2012,87712,2117.0,1252.0,39087,837.0
California,Chino Hills city,"Chino Hills city, California",2012,76462,,772.0,82241,1676.0
California,Chino city,"Chino city, California",2012,80181,,447.0,66035,1209.0
California,Chula Vista city,"Chula Vista city, California",2012,252424,4065.0,2774.0,62421,1129.0
California,Citrus Heights city,"Citrus Heights city, California",2012,84862,,1593.0,49143,858.0
California,Clovis city,"Clovis city, California",2012,98626,,1577.0,59627,889.0
California,Compton city,"Compton city, California",2012,97560,580.0,2185.0,41060,945.0
California,Concord city,"Concord city, California",2012,124717,2212.0,795.0,64164,1172.0
California,Corona city,"Corona city, California",2012,158388,5005.0,584.0,75390,1194.0
California,Costa Mesa city,"Costa Mesa city, California",2012,111910,4137.0,946.0,62656,1427.0
California,Daly City city,"Daly City city, California",2012,103677,1087.0,706.0,64206,1436.0
California,Davis city,"Davis city, California",2012,66009,2066.0,303.0,52832,1121.0
California,Downey city,"Downey city, California",2012,112878,1036.0,1244.0,60676,1148.0
California,East Los Angeles CDP,"East Los Angeles CDP, California",2012,126918,967.0,2166.0,35171,923.0
California,El Cajon city,"El Cajon city, California",2012,101449,,3710.0,40473,1009.0
California,El Monte city,"El Monte city, California",2012,115113,1541.0,1283.0,40902,971.0
California,Elk Grove city,"Elk Grove city, California",2012,159064,3944.0,2158.0,76835,1278.0
California,Escondido city,"Escondido city, California",2012,147556,2503.0,1473.0,45466,1070.0
California,Fairfield city,"Fairfield city, California",2012,107676,1362.0,1496.0,63020,1138.0
California,Florence-Graham CDP,"Florence-Graham CDP, California",2012,63284,,1595.0,32788,893.0
California,Folsom city,"Folsom city, California",2012,73381,,878.0,98359,1395.0
California,Fontana city,"Fontana city, California",2012,201817,2756.0,2306.0,61085,928.0
California,Fremont city,"Fremont city, California",2012,222001,4330.0,2112.0,100574,1493.0
California,Fresno city,"Fresno city, California",2012,505870,8911.0,16578.0,38386,751.0
California,Fullerton city,"Fullerton city, California",2012,138589,2690.0,1009.0,61943,1190.0
California,Garden Grove city,"Garden Grove city, California",2012,174401,1221.0,1432.0,55481,1198.0
California,Glendale city,"Glendale city, California",2012,194501,5725.0,2978.0,51897,1167.0
California,Hawthorne city,"Hawthorne city, California",2012,85682,,1625.0,38339,931.0
California,Hayward city,"Hayward city, California",2012,149398,2084.0,2526.0,60586,1168.0
California,Hemet city,"Hemet city, California",2012,81041,,1824.0,30141,771.0
California,Hesperia city,"Hesperia city, California",2012,92066,,1407.0,38058,860.0
California,Huntington Beach city,"Huntington Beach city, California",2012,194712,6734.0,1427.0,80020,1489.0
California,Indio city,"Indio city, California",2012,79308,,1279.0,46822,791.0
California,Inglewood city,"Inglewood city, California",2012,111174,1643.0,2462.0,41649,992.0
California,Irvine city,"Irvine city, California",2012,230005,8118.0,1684.0,96278,1788.0
California,Jurupa Valley city,"Jurupa Valley city, California",2012,97419,,1323.0,50584,899.0
California,Lake Forest city,"Lake Forest city, California",2012,78853,,465.0,82689,1507.0
California,Lakewood city,"Lakewood city, California",2012,80835,775.0,586.0,74748,1287.0
California,Lancaster city,"Lancaster city, California",2012,159041,864.0,1452.0,46380,839.0
California,Livermore city,"Livermore city, California",2012,83541,3072.0,141.0,100222,1328.0
California,Long Beach city,"Long Beach city, California",2012,467888,10183.0,9701.0,47837,993.0
California,Los Angeles city,"Los Angeles city, California",2012,3857786,102032.0,62286.0,46803,1049.0
California,Lynwood city,"Lynwood city, California",2012,70720,,1586.0,41864,901.0
California,Manteca city,"Manteca city, California",2012,71070,,977.0,55563,1015.0
California,Menifee city,"Menifee city, California",2012,81467,,770.0,50463,1053.0
California,Merced city,"Merced city, California",2012,80799,981.0,3037.0,36027,716.0
California,Milpitas city,"Milpitas city, California",2012,68807,,570.0,101644,1637.0
California,Mission Viejo city,"Mission Viejo city, California",2012,95289,,114.0,95520,1606.0
California,Modesto city,"Modesto city, California",2012,203560,3459.0,3954.0,45267,821.0
California,Moreno Valley city,"Moreno Valley city, California",2012,199561,1901.0,2918.0,50880,1068.0
California,Mountain View city,"Mountain View city, California",2012,76612,1741.0,426.0,91422,1593.0
California,Murrieta city,"Murrieta city, California",2012,106809,,510.0,66306,1363.0
California,Napa city,"Napa city, California",2012,78332,1407.0,598.0,65217,1163.0
California,Newport Beach city,"Newport Beach city, California",2012,87060,,386.0,112259,1826.0
California,Norwalk city,"Norwalk city, California",2012,106286,662.0,1429.0,59476,1138.0
California,Oakland city,"Oakland city, California",2012,400740,11010.0,10018.0,48196,995.0
California,Oceanside city,"Oceanside city, California",2012,171272,3899.0,883.0,59640,1283.0
California,Ontario city,"Ontario city, California",2012,167207,1414.0,2721.0,52014,1094.0
California,Orange city,"Orange city, California",2012,139425,2913.0,837.0,74117,1417.0
California,Oxnard city,"Oxnard city, California",2012,201565,1736.0,2818.0,57351,1196.0
California,Palmdale city,"Palmdale city, California",2012,155660,2646.0,3168.0,48169,973.0
California,Palo Alto city,"Palo Alto city, California",2012,66359,1945.0,90.0,117251,1997.0
California,Pasadena city,"Pasadena city, California",2012,138553,3797.0,1540.0,65423,1202.0
California,Perris city,"Perris city, California",2012,71327,,1200.0,44200,952.0
California,Pittsburg city,"Pittsburg city, California",2012,65655,984.0,1106.0,51950,1156.0
California,Pleasanton city,"Pleasanton city, California",2012,72326,3065.0,312.0,112665,1495.0
California,Pomona city,"Pomona city, California",2012,150817,2554.0,2144.0,46300,953.0
California,Rancho Cordova city,"Rancho Cordova city, California",2012,66999,1312.0,1956.0,45400,792.0
California,Rancho Cucamonga city,"Rancho Cucamonga city, California",2012,170740,,765.0,74118,1323.0
California,Redding city,"Redding city, California",2012,90750,,1376.0,41866,802.0
California,Redlands city,"Redlands city, California",2012,69908,,449.0,61681,990.0
California,Redondo Beach city,"Redondo Beach city, California",2012,67683,,598.0,104516,1615.0
California,Redwood City city,"Redwood City city, California",2012,79005,2821.0,372.0,76206,1461.0
California,Rialto city,"Rialto city, California",2012,101747,,1911.0,48197,968.0
California,Richmond city,"Richmond city, California",2012,106526,1065.0,2276.0,51765,1012.0
California,Riverside city,"Riverside city, California",2012,313700,5511.0,3806.0,52697,946.0
California,Roseville city,"Roseville city, California",2012,124525,,1093.0,70816,1106.0
California,Sacramento city,"Sacramento city, California",2012,475524,7892.0,11937.0,48546,861.0
California,Salinas city,"Salinas city, California",2012,154463,1867.0,1669.0,50598,1021.0
California,San Bernardino city,"San Bernardino city, California",2012,213298,1697.0,5761.0,37244,781.0
California,San Buenaventura (Ventura) city,"San Buenaventura (Ventura) city, California",2012,107755,2342.0,1130.0,62077,1232.0
California,San Diego city,"San Diego city, California",2012,1338354,42846.0,13556.0,62395,1229.0
California,San Francisco city,"San Francisco city, California",2012,825863,30181.0,9546.0,73012,1459.0
California,San Jose city,"San Jose city, California",2012,982783,19467.0,9888.0,80090,1395.0
California,San Leandro city,"San Leandro city, California",2012,86884,938.0,756.0,62179,1140.0
California,San Marcos city,"San Marcos city, California",2012,86756,,746.0,50260,1202.0
California,San Mateo city,"San Mateo city, California",2012,99653,1754.0,1158.0,77820,1589.0
California,San Ramon city,"San Ramon city, California",2012,73922,,96.0,122357,1655.0
California,Santa Ana city,"Santa Ana city, California",2012,330913,2484.0,3472.0,53593,1177.0
California,Santa Barbara city,"Santa Barbara city, California",2012,89638,2950.0,279.0,64766,1492.0
California,Santa Clara city,"Santa Clara city, California",2012,119307,1874.0,935.0,92390,1513.0
California,Santa Clarita city,"Santa Clarita city, California",2012,179005,4961.0,806.0,78894,1347.0
California,Santa Maria city,"Santa Maria city, California",2012,101469,863.0,1428.0,44349,1033.0
California,Santa Monica city,"Santa Monica city, California",2012,91814,4971.0,882.0,71225,1552.0
California,Santa Rosa city,"Santa Rosa city, California",2012,170684,2821.0,2089.0,57653,1123.0
California,Simi Valley city,"Simi Valley city, California",2012,125794,,891.0,82223,1532.0
California,South Gate city,"South Gate city, California",2012,95297,1077.0,1326.0,41942,900.0
California,South San Francisco city,"South San Francisco city, California",2012,65565,,452.0,72206,1396.0
California,Stockton city,"Stockton city, California",2012,297975,3154.0,8968.0,43321,783.0
California,Sunnyvale city,"Sunnyvale city, California",2012,146199,1912.0,1081.0,101611,1554.0
California,Temecula city,"Temecula city, California",2012,105213,,510.0,81868,1411.0
California,Thousand Oaks city,"Thousand Oaks city, California",2012,128411,,961.0,87402,1793.0
California,Torrance city,"Torrance city, California",2012,147036,,852.0,71790,1303.0
California,Tracy city,"Tracy city, California",2012,84682,,1081.0,69514,1205.0
California,Turlock city,"Turlock city, California",2012,69735,,1069.0,48617,798.0
California,Tustin city,"Tustin city, California",2012,78044,,581.0,64243,1401.0
California,Union City city,"Union City city, California",2012,71749,643.0,1043.0,85040,1357.0
California,Upland city,"Upland city, California",2012,75208,,1565.0,56480,1136.0
California,Vacaville city,"Vacaville city, California",2012,93899,,342.0,70848,1223.0
California,Vallejo city,"Vallejo city, California",2012,117814,2419.0,1552.0,52388,1041.0
California,Victorville city,"Victorville city, California",2012,120327,,2195.0,44426,854.0
California,Visalia city,"Visalia city, California",2012,127072,,3367.0,50097,790.0
California,Vista city,"Vista city, California",2012,96046,,382.0,40959,1101.0
California,Walnut Creek city,"Walnut Creek city, California",2012,65696,2532.0,76.0,77926,1458.0
California,West Covina city,"West Covina city, California",2012,107472,1363.0,920.0,63203,1283.0
California,Westminster city,"Westminster city, California",2012,91355,,1215.0,51270,1243.0
California,Whittier city,"Whittier city, California",2012,86159,1410.0,549.0,60408,1008.0
California,Yorba Linda city,"Yorba Linda city, California",2012,66739,,26.0,115194,1503.0
California,Yuba City city,"Yuba City city, California",2012,65105,,1051.0,45023,761.0
Colorado,Arvada city,"Arvada city, Colorado",2012,109315,4180.0,783.0,61921,917.0
Colorado,Aurora city,"Aurora city, Colorado",2012,338835,4527.0,2990.0,50512,821.0
Colorado,Boulder city,"Boulder city, Colorado",2012,101812,6815.0,427.0,56274,1125.0
Colorado,Centennial city,"Centennial city, Colorado",2012,103735,4381.0,551.0,88598,1249.0
Colorado,Colorado Springs city,"Colorado Springs city, Colorado",2012,431846,11374.0,3996.0,52622,735.0
Colorado,Denver city,"Denver city, Colorado",2012,634265,20713.0,8011.0,50488,787.0
Colorado,Fort Collins city,"Fort Collins city, Colorado",2012,148634,5319.0,1089.0,51343,901.0
Colorado,Greeley city,"Greeley city, Colorado",2012,95365,,860.0,44780,671.0
Colorado,Highlands Ranch CDP,"Highlands Ranch CDP, Colorado",2012,101898,4847.0,343.0,98580,1223.0
Colorado,Lakewood city,"Lakewood city, Colorado",2012,145522,3218.0,1443.0,53967,842.0
Colorado,Longmont city,"Longmont city, Colorado",2012,88636,3414.0,721.0,58789,872.0
Colorado,Loveland city,"Loveland city, Colorado",2012,70214,,747.0,56798,834.0
Colorado,Pueblo city,"Pueblo city, Colorado",2012,107775,1059.0,2650.0,34362,572.0
Colorado,Thornton city,"Thornton city, Colorado",2012,124131,,890.0,60972,917.0
Colorado,Westminster city,"Westminster city, Colorado",2012,109181,3209.0,681.0,65244,922.0
Connecticut,Bridgeport city,"Bridgeport city, Connecticut",2012,146434,650.0,3520.0,37571,845.0
Connecticut,Danbury city,"Danbury city, Connecticut",2012,82783,1067.0,717.0,61708,1032.0
Connecticut,Hartford city,"Hartford city, Connecticut",2012,124887,,4708.0,27753,709.0
Connecticut,New Britain city,"New Britain city, Connecticut",2012,73148,755.0,1781.0,37034,707.0
Connecticut,New Haven city,"New Haven city, Connecticut",2012,130749,954.0,3894.0,36530,922.0
Connecticut,Norwalk city,"Norwalk city, Connecticut",2012,87196,2043.0,926.0,70580,1206.0
Connecticut,Stamford city,"Stamford city, Connecticut",2012,125102,2169.0,818.0,75771,1424.0
Connecticut,Waterbury city,"Waterbury city, Connecticut",2012,109915,190.0,2357.0,39355,725.0
Delaware,Wilmington city,"Wilmington city, Delaware",2012,71289,1377.0,1566.0,38468,708.0
District of Columbia,Washington city,"Washington city, District of Columbia",2012,632323,15129.0,10456.0,66583,1158.0
Florida,Alafaya CDP,"Alafaya CDP, Florida",2012,85334,,298.0,60305,983.0
Florida,Boca Raton city,"Boca Raton city, Florida",2012,87848,,922.0,67612,1261.0
Florida,Boynton Beach city,"Boynton Beach city, Florida",2012,70120,,260.0,44104,1033.0
Florida,Brandon CDP,"Brandon CDP, Florida",2012,101167,,490.0,53235,890.0
Florida,Cape Coral city,"Cape Coral city, Florida",2012,161237,,1033.0,48619,836.0
Florida,Clearwater city,"Clearwater city, Florida",2012,108732,,1643.0,43288,778.0
Florida,Coral Springs city,"Coral Springs city, Florida",2012,125275,,706.0,68224,1140.0
Florida,Davie town,"Davie town, Florida",2012,95492,,740.0,57092,1073.0
Florida,Deerfield Beach city,"Deerfield Beach city, Florida",2012,77426,,328.0,37070,993.0
Florida,Deltona city,"Deltona city, Florida",2012,85436,,828.0,42192,829.0
Florida,Fort Lauderdale city,"Fort Lauderdale city, Florida",2012,170747,6165.0,1546.0,50997,938.0
Florida,Fort Myers city,"Fort Myers city, Florida",2012,65733,,1081.0,35348,604.0
Florida,Gainesville city,"Gainesville city, Florida",2012,126038,1990.0,843.0,28914,704.0
Florida,Hialeah city,"Hialeah city, Florida",2012,231953,9691.0,2971.0,28878,869.0
Florida,Hollywood city,"Hollywood city, Florida",2012,145241,3211.0,1119.0,44105,881.0
Florida,Jacksonville city,"Jacksonville city, Florida",2012,836507,16350.0,9482.0,42800,725.0
Florida,Kendall CDP,"Kendall CDP, Florida",2012,75640,1244.0,273.0,57527,1139.0
Florida,Lakeland city,"Lakeland city, Florida",2012,100009,,1589.0,39997,698.0
Florida,Largo city,"Largo city, Florida",2012,77871,,774.0,36920,736.0
Florida,Lauderhill city,"Lauderhill city, Florida",2012,69083,,631.0,34161,789.0
Florida,Lehigh Acres CDP,"Lehigh Acres CDP, Florida",2012,104011,,1298.0,36295,684.0
Florida,Melbourne city,"Melbourne city, Florida",2012,77047,,1077.0,36171,666.0
Florida,Miami Beach city,"Miami Beach city, Florida",2012,90579,3968.0,1085.0,41403,984.0
Florida,Miami Gardens city,"Miami Gardens city, Florida",2012,110739,,1591.0,36959,919.0
Florida,Miami city,"Miami city, Florida",2012,413864,6377.0,3110.0,28301,827.0
Florida,Miramar city,"Miramar city, Florida",2012,128737,,485.0,64907,1248.0
Florida,Orlando city,"Orlando city, Florida",2012,249525,3875.0,1395.0,41695,795.0
Florida,Palm Bay city,"Palm Bay city, Florida",2012,104136,,1283.0,36802,772.0
Florida,Palm Coast city,"Palm Coast city, Florida",2012,79980,,968.0,43280,857.0
Florida,Pembroke Pines city,"Pembroke Pines city, Florida",2012,160292,,1647.0,58149,1188.0
Florida,Pine Hills CDP,"Pine Hills CDP, Florida",2012,69219,,308.0,35714,767.0
Florida,Plantation city,"Plantation city, Florida",2012,88019,,583.0,66237,1174.0
Florida,Pompano Beach city,"Pompano Beach city, Florida",2012,102968,2016.0,544.0,41047,867.0
Florida,Port St. Lucie city,"Port St. Lucie city, Florida",2012,168718,,1238.0,47852,874.0
Florida,Riverview CDP,"Riverview CDP, Florida",2012,79420,,293.0,61504,1022.0
Florida,Spring Hill CDP,"Spring Hill CDP, Florida",2012,101269,,405.0,36625,717.0
Florida,St. Petersburg city,"St. Petersburg city, Florida",2012,246533,5431.0,3041.0,45119,706.0
Florida,Sunrise city,"Sunrise city, Florida",2012,88859,,718.0,50097,1088.0
Florida,Tallahassee city,"Tallahassee city, Florida",2012,186977,2420.0,918.0,39913,713.0
Florida,Tampa city,"Tampa city, Florida",2012,347650,7959.0,7863.0,40894,773.0
Florida,Town 'n' Country CDP,"Town 'n' Country CDP, Florida",2012,81597,,1934.0,45464,800.0
Florida,West Palm Beach city,"West Palm Beach city, Florida",2012,101910,,741.0,40229,879.0
Florida,Weston city,"Weston city, Florida",2012,67645,,0.0,83696,1676.0
Georgia,Albany city,"Albany city, Georgia",2012,79150,,1030.0,28461,468.0
Georgia,Athens-Clarke County unified government (balance),"Athens-Clarke County unified government (balance), Georgia",2012,118866,,443.0,32503,606.0
Georgia,Atlanta city,"Atlanta city, Georgia",2012,443768,16762.0,4497.0,46466,776.0
Georgia,Augusta-Richmond County consolidated government (balance),"Augusta-Richmond County consolidated government (balance), Georgia",2012,197696,728.0,1593.0,36919,584.0
Georgia,Columbus city,"Columbus city, Georgia",2012,198413,7987.0,686.0,45178,591.0
Georgia,Johns Creek city,"Johns Creek city, Georgia",2012,82325,,75.0,100478,1186.0
Georgia,Macon city,"Macon city, Georgia",2012,91271,424.0,1205.0,23127,460.0
Georgia,Roswell city,"Roswell city, Georgia",2012,93683,,649.0,81692,788.0
Georgia,Sandy Springs city,"Sandy Springs city, Georgia",2012,99423,,194.0,61118,818.0
Georgia,Savannah city,"Savannah city, Georgia",2012,142010,1971.0,851.0,33167,693.0
Georgia,Warner Robins city,"Warner Robins city, Georgia",2012,70970,,785.0,42265,704.0
Hawaii,Urban Honolulu CDP,"Urban Honolulu CDP, Hawaii",2012,345604,4797.0,3304.0,59464,1144.0
Idaho,Boise City city,"Boise City city, Idaho",2012,212299,5393.0,2644.0,47446,667.0
Idaho,Meridian city,"Meridian city, Idaho",2012,80391,,1121.0,64596,743.0
Idaho,Nampa city,"Nampa city, Idaho",2012,83932,,954.0,36086,561.0
Illinois,Arlington Heights village,"Arlington Heights village, Illinois",2012,74976,,483.0,71825,1068.0
Illinois,Aurora city,"Aurora city, Illinois",2012,203318,3728.0,1152.0,58675,836.0
Illinois,Bloomington city,"Bloomington city, Illinois",2012,77733,,725.0,61171,592.0
Illinois,Bolingbrook village,"Bolingbrook village, Illinois",2012,77155,,295.0,77632,968.0
Illinois,Champaign city,"Champaign city, Illinois",2012,82509,1883.0,443.0,45864,680.0
Illinois,Chicago city,"Chicago city, Illinois",2012,2714844,51823.0,41737.0,45214,811.0
Illinois,Cicero town,"Cicero town, Illinois",2012,84129,398.0,1291.0,39680,713.0
Illinois,Decatur city,"Decatur city, Illinois",2012,76346,,1392.0,37397,505.0
Illinois,Elgin city,"Elgin city, Illinois",2012,109290,,963.0,57305,853.0
Illinois,Evanston city,"Evanston city, Illinois",2012,75420,2828.0,620.0,68169,1114.0
Illinois,Joliet city,"Joliet city, Illinois",2012,146781,1673.0,1236.0,61269,732.0
Illinois,Naperville city,"Naperville city, Illinois",2012,145137,5680.0,534.0,109533,1142.0
Illinois,Palatine village,"Palatine village, Illinois",2012,69254,,373.0,70754,957.0
Illinois,Peoria city,"Peoria city, Illinois",2012,116845,,1722.0,40929,558.0
Illinois,Rockford city,"Rockford city, Illinois",2012,151019,2212.0,2015.0,37363,562.0
Illinois,Schaumburg village,"Schaumburg village, Illinois",2012,74228,,1137.0,71367,1067.0
Illinois,Skokie village,"Skokie village, Illinois",2012,65076,1211.0,868.0,57422,982.0
Illinois,Springfield city,"Springfield city, Illinois",2012,117019,,1011.0,48683,551.0
Illinois,Waukegan city,"Waukegan city, Illinois",2012,86273,1081.0,1534.0,40149,712.0
Indiana,Bloomington city,"Bloomington city, Indiana",2012,78592,2245.0,351.0,27643,677.0
Indiana,Carmel city,"Carmel city, Indiana",2012,84515,,348.0,104433,921.0
Indiana,Evansville city,"Evansville city, Indiana",2012,120059,1195.0,937.0,34104,510.0
Indiana,Fishers town,"Fishers town, Indiana",2012,82087,,65.0,95392,814.0
Indiana,Fort Wayne city,"Fort Wayne city, Indiana",2012,252427,5006.0,3580.0,42540,525.0
Indiana,Gary city,"Gary city, Indiana",2012,75611,,983.0,24914,536.0
Indiana,Hammond city,"Hammond city, Indiana",2012,79686,,870.0,36966,675.0
Indiana,Indianapolis city (balance),"Indianapolis city (balance), Indiana",2012,835806,11007.0,8328.0,40854,621.0
Indiana,Lafayette city,"Lafayette city, Indiana",2012,66820,,638.0,40393,586.0
Indiana,Muncie city,"Muncie city, Indiana",2012,69841,,793.0,30213,517.0
Indiana,South Bend city,"South Bend city, Indiana",2012,100003,1025.0,1365.0,32606,532.0
Iowa,Cedar Rapids city,"Cedar Rapids city, Iowa",2012,128124,2587.0,1734.0,51429,587.0
Iowa,Davenport city,"Davenport city, Iowa",2012,101354,,1692.0,45553,562.0
Iowa,Des Moines city,"Des Moines city, Iowa",2012,206568,3384.0,3471.0,45001,644.0
Iowa,Iowa City city,"Iowa City city, Iowa",2012,70131,1298.0,423.0,40926,720.0
Iowa,Sioux City city,"Sioux City city, Iowa",2012,84297,,1008.0,39575,524.0
Iowa,Waterloo city,"Waterloo city, Iowa",2012,68294,,2398.0,45799,513.0
Kansas,Kansas City city,"Kansas City city, Kansas",2012,145410,735.0,1974.0,35876,530.0
Kansas,Lawrence city,"Lawrence city, Kansas",2012,88634,,846.0,47755,659.0
Kansas,Olathe city,"Olathe city, Kansas",2012,130031,4154.0,628.0,76836,705.0
Kansas,Overland Park city,"Overland Park city, Kansas",2012,178941,4784.0,851.0,70289,812.0
Kansas,Topeka city,"Topeka city, Kansas",2012,127942,1787.0,1420.0,40469,526.0
Kansas,Wichita city,"Wichita city, Kansas",2012,385586,5651.0,4294.0,43776,522.0
Kentucky,Lexington-Fayette urban county,"Lexington-Fayette urban county, Kentucky",2012,305489,4760.0,2196.0,46248,613.0
Kentucky,Louisville/Jefferson County metro government (balance),"Louisville/Jefferson County metro government (balance), Kentucky",2012,605108,9479.0,7408.0,43035,567.0
Louisiana,Baton Rouge city,"Baton Rouge city, Louisiana",2012,230040,2573.0,1115.0,38806,649.0
Louisiana,Kenner city,"Kenner city, Louisiana",2012,66813,,577.0,45638,759.0
Louisiana,Lafayette city,"Lafayette city, Louisiana",2012,122749,,643.0,40396,636.0
Louisiana,Lake Charles city,"Lake Charles city, Louisiana",2012,73481,,286.0,32575,558.0
Louisiana,Metairie CDP,"Metairie CDP, Louisiana",2012,137210,1814.0,667.0,49747,733.0
Louisiana,New Orleans city,"New Orleans city, Louisiana",2012,369250,5515.0,3404.0,34361,733.0
Louisiana,Shreveport city,"Shreveport city, Louisiana",2012,201878,2412.0,906.0,40065,559.0
Maryland,Baltimore city,"Baltimore city, Maryland",2012,621342,8910.0,16220.0,39241,736.0
Maryland,Columbia CDP,"Columbia CDP, Maryland",2012,104129,3264.0,488.0,101267,1381.0
Maryland,Ellicott City CDP,"Ellicott City CDP, Maryland",2012,71933,,322.0,116246,1346.0
Maryland,Frederick city,"Frederick city, Maryland",2012,66390,2672.0,453.0,62378,1024.0
Maryland,Germantown CDP,"Germantown CDP, Maryland",2012,91541,1308.0,684.0,81525,1414.0
Maryland,Glen Burnie CDP,"Glen Burnie CDP, Maryland",2012,70285,,2131.0,57589,939.0
Maryland,Silver Spring CDP,"Silver Spring CDP, Maryland",2012,73958,1499.0,477.0,71797,1339.0
Maryland,Waldorf CDP,"Waldorf CDP, Maryland",2012,72890,,298.0,87360,1213.0
Massachusetts,Boston city,"Boston city, Massachusetts",2012,637516,10674.0,9387.0,51642,1122.0
Massachusetts,Brockton city,"Brockton city, Massachusetts",2012,94092,329.0,3392.0,49242,912.0
Massachusetts,Cambridge city,"Cambridge city, Massachusetts",2012,106456,3880.0,767.0,76264,1527.0
Massachusetts,Fall River city,"Fall River city, Massachusetts",2012,88943,,1915.0,31143,582.0
Massachusetts,Framingham CDP,"Framingham CDP, Massachusetts",2012,70076,1078.0,812.0,68373,1041.0
Massachusetts,Lawrence city,"Lawrence city, Massachusetts",2012,77321,725.0,1905.0,30509,841.0
Massachusetts,Lowell city,"Lowell city, Massachusetts",2012,108528,1451.0,2329.0,45271,857.0
Massachusetts,Lynn city,"Lynn city, Massachusetts",2012,91247,1450.0,2179.0,41286,822.0
Massachusetts,New Bedford city,"New Bedford city, Massachusetts",2012,94929,702.0,3413.0,35555,646.0
Massachusetts,Newton city,"Newton city, Massachusetts",2012,86304,3477.0,474.0,125642,1409.0
Massachusetts,Quincy city,"Quincy city, Massachusetts",2012,93031,1304.0,1421.0,58051,1092.0
Massachusetts,Somerville city,"Somerville city, Massachusetts",2012,77112,1480.0,956.0,62133,1233.0
Massachusetts,Springfield city,"Springfield city, Massachusetts",2012,153557,2636.0,7237.0,31356,687.0
Massachusetts,Worcester city,"Worcester city, Massachusetts",2012,182680,2631.0,4823.0,43492,797.0
Michigan,Ann Arbor city,"Ann Arbor city, Michigan",2012,116128,3420.0,1044.0,50648,937.0
Michigan,Dearborn city,"Dearborn city, Michigan",2012,96470,,1844.0,44021,700.0
Michigan,Detroit city,"Detroit city, Michigan",2012,701524,6209.0,20088.0,23600,539.0
Michigan,Farmington Hills city,"Farmington Hills city, Michigan",2012,80752,,396.0,63781,828.0
Michigan,Flint city,"Flint city, Michigan",2012,100515,1280.0,3303.0,27149,460.0
Michigan,Grand Rapids city,"Grand Rapids city, Michigan",2012,190426,4174.0,9842.0,38643,623.0
Michigan,Kalamazoo city,"Kalamazoo city, Michigan",2012,75092,,992.0,30214,581.0
Michigan,Lansing city,"Lansing city, Michigan",2012,113488,1463.0,2165.0,33514,590.0
Michigan,Livonia city,"Livonia city, Michigan",2012,95576,,607.0,67934,798.0
Michigan,Rochester Hills city,"Rochester Hills city, Michigan",2012,72288,,756.0,81635,848.0
Michigan,Southfield city,"Southfield city, Michigan",2012,72502,,1594.0,45494,772.0
Michigan,Sterling Heights city,"Sterling Heights city, Michigan",2012,130414,,1073.0,57955,739.0
Michigan,Troy city,"Troy city, Michigan",2012,82211,,791.0,81800,893.0
Michigan,Warren city,"Warren city, Michigan",2012,134155,,1905.0,41006,688.0
Michigan,Westland city,"Westland city, Michigan",2012,82868,,1151.0,43551,684.0
Michigan,Wyoming city,"Wyoming city, Michigan",2012,73374,,1601.0,44793,627.0
Minnesota,Bloomington city,"Bloomington city, Minnesota",2012,86031,,1361.0,58465,831.0
Minnesota,Brooklyn Park city,"Brooklyn Park city, Minnesota",2012,77762,,2398.0,61687,756.0
Minnesota,Duluth city,"Duluth city, Minnesota",2012,86197,1827.0,2000.0,43799,660.0
Minnesota,Minneapolis city,"Minneapolis city, Minnesota",2012,392871,11288.0,12248.0,47604,752.0
Minnesota,Plymouth city,"Plymouth city, Minnesota",2012,72928,,329.0,86419,1026.0
Minnesota,Rochester city,"Rochester city, Minnesota",2012,108994,1937.0,1627.0,61741,677.0
Minnesota,St. Cloud city,"St. Cloud city, Minnesota",2012,64949,1390.0,1261.0,43911,619.0
Minnesota,St. Paul city,"St. Paul city, Minnesota",2012,290776,5848.0,8579.0,48235,736.0
Mississippi,Gulfport city,"Gulfport city, Mississippi",2012,70101,,681.0,38313,649.0
Mississippi,Jackson city,"Jackson city, Mississippi",2012,175376,1387.0,4752.0,30219,555.0
Missouri,Columbia city,"Columbia city, Missouri",2012,113230,,639.0,40118,638.0
Missouri,Independence city,"Independence city, Missouri",2012,117264,,985.0,44049,587.0
Missouri,Kansas City city,"Kansas City city, Missouri",2012,464346,9266.0,6089.0,41877,602.0
Missouri,Lee's Summit city,"Lee's Summit city, Missouri",2012,92770,,694.0,74553,809.0
Missouri,O'Fallon city,"O'Fallon city, Missouri",2012,81983,,390.0,76566,835.0
Missouri,Springfield city,"Springfield city, Missouri",2012,162193,1512.0,2166.0,32156,514.0
Missouri,St. Charles city,"St. Charles city, Missouri",2012,66454,,284.0,52330,671.0
Missouri,St. Joseph city,"St. Joseph city, Missouri",2012,76523,,731.0,38478,539.0
Missouri,St. Louis city,"St. Louis city, Missouri",2012,318172,4191.0,5800.0,31997,547.0
Montana,Billings city,"Billings city, Montana",2012,106964,1612.0,1103.0,46914,657.0
Montana,Missoula city,"Missoula city, Montana",2012,68386,2147.0,481.0,42134,662.0
Nebraska,Lincoln city,"Lincoln city, Nebraska",2012,265389,5052.0,2808.0,48070,581.0
Nebraska,Omaha city,"Omaha city, Nebraska",2012,421564,7313.0,4630.0,45159,644.0
Nevada,Enterprise CDP,"Enterprise CDP, Nevada",2012,123493,,624.0,65113,1108.0
Nevada,Henderson city,"Henderson city, Nevada",2012,265688,5683.0,2324.0,61404,970.0
Nevada,Las Vegas city,"Las Vegas city, Nevada",2012,596440,7546.0,7861.0,47415,795.0
Nevada,North Las Vegas city,"North Las Vegas city, Nevada",2012,223489,1466.0,2549.0,49586,917.0
Nevada,Paradise CDP,"Paradise CDP, Nevada",2012,230184,2420.0,3533.0,42404,719.0
Nevada,Reno city,"Reno city, Nevada",2012,231004,3100.0,3339.0,43218,717.0
Nevada,Sparks city,"Sparks city, Nevada",2012,92177,,438.0,48819,813.0
Nevada,Spring Valley CDP,"Spring Valley CDP, Nevada",2012,177162,2614.0,1920.0,48218,866.0
Nevada,Sunrise Manor CDP,"Sunrise Manor CDP, Nevada",2012,190583,1213.0,2233.0,37279,685.0
New Hampshire,Manchester city,"Manchester city, New Hampshire",2012,110197,,1917.0,54644,866.0
New Hampshire,Nashua city,"Nashua city, New Hampshire",2012,86932,,725.0,64359,979.0
New Jersey,Camden city,"Camden city, New Jersey",2012,77235,,2829.0,25681,647.0
New Jersey,Clifton city,"Clifton city, New Jersey",2012,84722,616.0,688.0,64662,1106.0
New Jersey,East Orange city,"East Orange city, New Jersey",2012,64275,238.0,1281.0,36068,852.0
New Jersey,Elizabeth city,"Elizabeth city, New Jersey",2012,126459,2916.0,1815.0,39937,903.0
New Jersey,Jersey City city,"Jersey City city, New Jersey",2012,254444,4352.0,4302.0,56794,1051.0
New Jersey,Newark city,"Newark city, New Jersey",2012,277718,1620.0,13125.0,31293,822.0
New Jersey,Passaic city,"Passaic city, New Jersey",2012,70215,393.0,1466.0,35068,877.0
New Jersey,Paterson city,"Paterson city, New Jersey",2012,145236,859.0,3751.0,32416,916.0
New Jersey,Toms River CDP,"Toms River CDP, New Jersey",2012,88984,,1145.0,61929,1035.0
New Jersey,Trenton city,"Trenton city, New Jersey",2012,84492,95.0,3613.0,31311,756.0
New Jersey,Union City city,"Union City city, New Jersey",2012,67751,475.0,939.0,39890,946.0
New Mexico,Albuquerque city,"Albuquerque city, New Mexico",2012,555419,9840.0,4905.0,45373,675.0
New Mexico,Las Cruces city,"Las Cruces city, New Mexico",2012,101053,,763.0,40768,598.0
New Mexico,Rio Rancho city,"Rio Rancho city, New Mexico",2012,90805,,1172.0,60512,902.0
New Mexico,Santa Fe city,"Santa Fe city, New Mexico",2012,69211,,779.0,47348,781.0
New York,Albany city,"Albany city, New York",2012,97905,,1886.0,42830,696.0
New York,Buffalo city,"Buffalo city, New York",2012,259386,2065.0,7198.0,30422,528.0
New York,Cheektowaga CDP,"Cheektowaga CDP, New York",2012,75599,,913.0,46222,614.0
New York,Mount Vernon city,"Mount Vernon city, New York",2012,67902,674.0,1179.0,45434,1006.0
New York,New Rochelle city,"New Rochelle city, New York",2012,78390,2375.0,280.0,66656,1134.0
New York,New York city,"New York city, New York",2012,8336697,152368.0,127950.0,50895,1094.0
New York,Rochester city,"Rochester city, New York",2012,210521,1780.0,9596.0,30769,620.0
New York,Schenectady city,"Schenectady city, New York",2012,66072,,1948.0,35508,642.0
New York,Syracuse city,"Syracuse city, New York",2012,144161,1693.0,4314.0,28807,582.0
New York,Yonkers city,"Yonkers city, New York",2012,198457,2146.0,3296.0,55298,1062.0
North Carolina,Asheville city,"Asheville city, North Carolina",2012,85721,,960.0,43423,731.0
North Carolina,Cary town,"Cary town, North Carolina",2012,145830,,653.0,86151,855.0
North Carolina,Charlotte city,"Charlotte city, North Carolina",2012,775208,23677.0,5789.0,50950,737.0
North Carolina,Concord city,"Concord city, North Carolina",2012,81976,,637.0,51723,631.0
North Carolina,Durham city,"Durham city, North Carolina",2012,239320,4881.0,1265.0,49332,715.0
North Carolina,Fayetteville city,"Fayetteville city, North Carolina",2012,202105,1575.0,1852.0,44322,695.0
North Carolina,Gastonia city,"Gastonia city, North Carolina",2012,72735,,328.0,42743,570.0
North Carolina,Greensboro city,"Greensboro city, North Carolina",2012,277095,4294.0,3976.0,39336,625.0
North Carolina,Greenville city,"Greenville city, North Carolina",2012,87248,,191.0,30566,542.0
North Carolina,High Point city,"High Point city, North Carolina",2012,108443,,694.0,43535,518.0
North Carolina,Jacksonville city,"Jacksonville city, North Carolina",2012,69221,,449.0,41396,867.0
North Carolina,Raleigh city,"Raleigh city, North Carolina",2012,423743,11271.0,2019.0,53653,754.0
North Carolina,Wilmington city,"Wilmington city, North Carolina",2012,109927,3085.0,716.0,46225,711.0
North Carolina,Winston-Salem city,"Winston-Salem city, North Carolina",2012,234354,3325.0,1330.0,37592,553.0
North Dakota,Fargo city,"Fargo city, North Dakota",2012,109467,1896.0,646.0,45360,594.0
Ohio,Akron city,"Akron city, Ohio",2012,198551,1229.0,8140.0,32645,539.0
Ohio,Canton city,"Canton city, Ohio",2012,72684,,4817.0,31528,464.0
Ohio,Cincinnati city,"Cincinnati city, Ohio",2012,296552,5070.0,5765.0,30188,524.0
Ohio,Cleveland city,"Cleveland city, Ohio",2012,390923,3597.0,11232.0,24257,521.0
Ohio,Columbus city,"Columbus city, Ohio",2012,809890,11497.0,13840.0,43844,637.0
Ohio,Dayton city,"Dayton city, Ohio",2012,141354,1529.0,4591.0,27033,464.0
Ohio,Lorain city,"Lorain city, Ohio",2012,63710,,1101.0,33940,511.0
Ohio,Parma city,"Parma city, Ohio",2012,80596,,1174.0,47541,639.0
Ohio,Toledo city,"Toledo city, Ohio",2012,284022,2322.0,6111.0,31655,488.0
Ohio,Youngstown city,"Youngstown city, Ohio",2012,65387,,1507.0,23009,429.0
Oklahoma,Broken Arrow city,"Broken Arrow city, Oklahoma",2012,103534,1960.0,1153.0,61917,752.0
Oklahoma,Edmond city,"Edmond city, Oklahoma",2012,84871,,525.0,70199,771.0
Oklahoma,Lawton city,"Lawton city, Oklahoma",2012,98373,,2469.0,43683,600.0
Oklahoma,Norman city,"Norman city, Oklahoma",2012,115563,2817.0,1310.0,49210,632.0
Oklahoma,Oklahoma City city,"Oklahoma City city, Oklahoma",2012,599309,9316.0,7942.0,43352,584.0
Oklahoma,Tulsa city,"Tulsa city, Oklahoma",2012,394098,5767.0,5488.0,40440,574.0
Oregon,Beaverton city,"Beaverton city, Oregon",2012,92677,2170.0,1951.0,51801,848.0
Oregon,Bend city,"Bend city, Oregon",2012,79118,,733.0,52796,758.0
Oregon,Eugene city,"Eugene city, Oregon",2012,157984,4769.0,1984.0,39150,722.0
Oregon,Gresham city,"Gresham city, Oregon",2012,108958,1690.0,2969.0,45747,738.0
Oregon,Hillsboro city,"Hillsboro city, Oregon",2012,95340,1678.0,967.0,62474,901.0
Oregon,Medford city,"Medford city, Oregon",2012,76459,,1674.0,43898,716.0
Oregon,Portland city,"Portland city, Oregon",2012,603650,24308.0,12365.0,52158,798.0
Oregon,Salem city,"Salem city, Oregon",2012,157425,2204.0,3185.0,46479,650.0
Pennsylvania,Allentown city,"Allentown city, Pennsylvania",2012,118974,1885.0,2140.0,36158,735.0
Pennsylvania,Bethlehem city,"Bethlehem city, Pennsylvania",2012,75729,,1227.0,41014,741.0
Pennsylvania,Erie city,"Erie city, Pennsylvania",2012,101040,935.0,3362.0,33271,497.0
Pennsylvania,Philadelphia city,"Philadelphia city, Pennsylvania",2012,1547607,19404.0,55452.0,35386,716.0
Pennsylvania,Pittsburgh city,"Pittsburgh city, Pennsylvania",2012,306212,4467.0,5881.0,39884,649.0
Pennsylvania,Reading city,"Reading city, Pennsylvania",2012,88096,1433.0,3067.0,25656,580.0
Pennsylvania,Scranton city,"Scranton city, Pennsylvania",2012,75813,701.0,1397.0,35980,545.0
Rhode Island,Cranston city,"Cranston city, Rhode Island",2012,80539,,852.0,58992,855.0
Rhode Island,Pawtucket city,"Pawtucket city, Rhode Island",2012,71174,,888.0,43504,694.0
Rhode Island,Providence city,"Providence city, Rhode Island",2012,178438,3954.0,3025.0,33989,710.0
Rhode Island,Warwick city,"Warwick city, Rhode Island",2012,81873,,1080.0,61453,954.0
South Carolina,Charleston city,"Charleston city, South Carolina",2012,125941,2488.0,676.0,49266,818.0
South Carolina,Columbia city,"Columbia city, South Carolina",2012,131303,2432.0,494.0,41837,641.0
South Carolina,Mount Pleasant town,"Mount Pleasant town, South Carolina",2012,71883,,71.0,68356,1142.0
South Carolina,North Charleston city,"North Charleston city, South Carolina",2012,102262,,381.0,38258,675.0
South Carolina,Rock Hill city,"Rock Hill city, South Carolina",2012,68087,,413.0,39296,597.0
South Dakota,Rapid City city,"Rapid City city, South Dakota",2012,69849,,932.0,44626,684.0
South Dakota,Sioux Falls city,"Sioux Falls city, South Dakota",2012,159992,2464.0,1823.0,48261,647.0
Tennessee,Chattanooga city,"Chattanooga city, Tennessee",2012,171282,2638.0,2386.0,40116,595.0
Tennessee,Clarksville city,"Clarksville city, Tennessee",2012,142517,1062.0,1381.0,44560,659.0
Tennessee,Franklin city,"Franklin city, Tennessee",2012,66278,,25.0,83365,929.0
Tennessee,Jackson city,"Jackson city, Tennessee",2012,67263,,1404.0,35217,536.0
Tennessee,Knoxville city,"Knoxville city, Tennessee",2012,182196,3321.0,5289.0,32191,612.0
Tennessee,Memphis city,"Memphis city, Tennessee",2012,655141,5058.0,8602.0,33563,594.0
Tennessee,Murfreesboro city,"Murfreesboro city, Tennessee",2012,114044,,953.0,51496,720.0
Tennessee,Nashville-Davidson metropolitan government (balance),"Nashville-Davidson metropolitan government (balance), Tennessee",2012,623255,13430.0,12316.0,43399,682.0
Texas,Abilene city,"Abilene city, Texas",2012,118881,1285.0,1120.0,41197,589.0
Texas,Allen city,"Allen city, Texas",2012,89631,,196.0,107064,940.0
Texas,Amarillo city,"Amarillo city, Texas",2012,195571,2487.0,932.0,46028,600.0
Texas,Arlington city,"Arlington city, Texas",2012,375598,8643.0,2820.0,51285,677.0
Texas,Atascocita CDP,"Atascocita CDP, Texas",2012,67714,,134.0,73668,1068.0
Texas,Austin city,"Austin city, Texas",2012,842595,28438.0,5357.0,52453,834.0
Texas,Baytown city,"Baytown city, Texas",2012,72044,,507.0,46673,623.0
Texas,Beaumont city,"Beaumont city, Texas",2012,118241,,389.0,35859,548.0
Texas,Brownsville city,"Brownsville city, Texas",2012,180077,1654.0,1290.0,29619,460.0
Texas,Bryan city,"Bryan city, Texas",2012,78073,,157.0,41677,601.0
Texas,Carrollton city,"Carrollton city, Texas",2012,125395,,717.0,66329,807.0
Texas,College Station city,"College Station city, Texas",2012,97794,946.0,595.0,32339,692.0
Texas,Corpus Christi city,"Corpus Christi city, Texas",2012,312192,2397.0,1693.0,49336,687.0
Texas,Dallas city,"Dallas city, Texas",2012,1241108,24862.0,7428.0,41354,680.0
Texas,Denton city,"Denton city, Texas",2012,121123,2258.0,709.0,47367,727.0
Texas,Edinburg city,"Edinburg city, Texas",2012,81033,,1344.0,44656,529.0
Texas,El Paso city,"El Paso city, Texas",2012,672534,6777.0,7216.0,40974,637.0
Texas,Flower Mound town,"Flower Mound town, Texas",2012,67808,,300.0,113683,1135.0
Texas,Fort Worth city,"Fort Worth city, Texas",2012,782027,10740.0,9094.0,50750,687.0
Texas,Frisco city,"Frisco city, Texas",2012,128171,,635.0,111687,1072.0
Texas,Garland city,"Garland city, Texas",2012,233623,3834.0,996.0,49652,725.0
Texas,Grand Prairie city,"Grand Prairie city, Texas",2012,181791,2044.0,887.0,55908,725.0
Texas,Harlingen city,"Harlingen city, Texas",2012,65688,,511.0,30345,541.0
Texas,Houston city,"Houston city, Texas",2012,2161686,32540.0,15178.0,42847,687.0
Texas,Irving city,"Irving city, Texas",2012,225427,3442.0,636.0,50987,746.0
Texas,Killeen city,"Killeen city, Texas",2012,134662,,935.0,43074,644.0
Texas,Laredo city,"Laredo city, Texas",2012,244143,2455.0,1478.0,36970,535.0
Texas,League City city,"League City city, Texas",2012,88679,,142.0,81046,1034.0
Texas,Lewisville city,"Lewisville city, Texas",2012,99763,,759.0,52643,768.0
Texas,Longview city,"Longview city, Texas",2012,80831,,365.0,40067,620.0
Texas,Lubbock city,"Lubbock city, Texas",2012,236060,3540.0,2137.0,39911,630.0
Texas,McAllen city,"McAllen city, Texas",2012,134729,,303.0,46072,567.0
Texas,McKinney city,"McKinney city, Texas",2012,143216,,390.0,79171,950.0
Texas,Mesquite city,"Mesquite city, Texas",2012,143484,,1452.0,47408,737.0
Texas,Midland city,"Midland city, Texas",2012,119384,,481.0,61602,780.0
Texas,Mission city,"Mission city, Texas",2012,80449,,286.0,36208,466.0
Texas,Missouri City city,"Missouri City city, Texas",2012,67968,,625.0,84511,984.0
Texas,North Richland Hills city,"North Richland Hills city, Texas",2012,65289,,173.0,62139,738.0
Texas,Odessa city,"Odessa city, Texas",2012,106483,,623.0,51948,644.0
Texas,Pasadena city,"Pasadena city, Texas",2012,152257,,802.0,44930,633.0
Texas,Pearland city,"Pearland city, Texas",2012,96665,,0.0,85393,956.0
Texas,Pharr city,"Pharr city, Texas",2012,73126,,296.0,29900,531.0
Texas,Plano city,"Plano city, Texas",2012,270816,10601.0,813.0,81475,954.0
Texas,Richardson city,"Richardson city, Texas",2012,103268,,328.0,71082,880.0
Texas,Round Rock city,"Round Rock city, Texas",2012,105933,,376.0,70896,851.0
Texas,San Angelo city,"San Angelo city, Texas",2012,99085,,321.0,43980,553.0
Texas,San Antonio city,"San Antonio city, Texas",2012,1383194,20993.0,10607.0,45524,667.0
Texas,Sugar Land city,"Sugar Land city, Texas",2012,82479,,191.0,113465,1271.0
Texas,Temple city,"Temple city, Texas",2012,69147,,542.0,50437,602.0
Texas,The Woodlands CDP,"The Woodlands CDP, Texas",2012,103533,,205.0,105151,1042.0
Texas,Tyler city,"Tyler city, Texas",2012,99321,2201.0,701.0,41210,645.0
Texas,Waco city,"Waco city, Texas",2012,127003,953.0,765.0,31841,586.0
Texas,Wichita Falls city,"Wichita Falls city, Texas",2012,104557,,568.0,45847,591.0
Utah,Layton city,"Layton city, Utah",2012,68684,,1122.0,66439,715.0
Utah,Millcreek CDP,"Millcreek CDP, Utah",2012,66939,,457.0,56345,786.0
Utah,Ogden city,"Ogden city, Utah",2012,83799,1053.0,805.0,39412,601.0
Utah,Orem city,"Orem city, Utah",2012,90754,1926.0,571.0,52747,693.0
Utah,Provo city,"Provo city, Utah",2012,115925,2710.0,545.0,36972,666.0
Utah,Salt Lake City city,"Salt Lake City city, Utah",2012,189311,3585.0,1609.0,42827,686.0
Utah,Sandy city,"Sandy city, Utah",2012,89348,,555.0,71932,1057.0
Utah,St. George city,"St. George city, Utah",2012,75560,,1301.0,40299,724.0
Utah,West Jordan city,"West Jordan city, Utah",2012,108390,,373.0,65936,852.0
Utah,West Valley City city,"West Valley City city, Utah",2012,132431,1446.0,1172.0,48518,746.0
Virginia,Alexandria city,"Alexandria city, Virginia",2012,146294,4094.0,975.0,81160,1372.0
Virginia,Arlington CDP,"Arlington CDP, Virginia",2012,221045,7415.0,786.0,100474,1654.0
Virginia,Centreville CDP,"Centreville CDP, Virginia",2012,67202,,261.0,105851,1504.0
Virginia,Chesapeake city,"Chesapeake city, Virginia",2012,228417,3086.0,2166.0,65562,907.0
Virginia,Dale City CDP,"Dale City CDP, Virginia",2012,73534,693.0,481.0,85492,1302.0
Virginia,Hampton city,"Hampton city, Virginia",2012,136836,2526.0,2341.0,47472,792.0
Virginia,Lynchburg city,"Lynchburg city, Virginia",2012,77113,,312.0,36912,552.0
Virginia,Newport News city,"Newport News city, Virginia",2012,180726,2527.0,1790.0,47476,793.0
Virginia,Norfolk city,"Norfolk city, Virginia",2012,245782,9632.0,2523.0,42644,783.0
Virginia,Portsmouth city,"Portsmouth city, Virginia",2012,96470,,1650.0,42487,792.0
Virginia,Richmond city,"Richmond city, Virginia",2012,210309,4396.0,2451.0,38185,696.0
Virginia,Roanoke city,"Roanoke city, Virginia",2012,97469,,1093.0,37890,573.0
Virginia,Suffolk city,"Suffolk city, Virginia",2012,85181,,1753.0,65394,736.0
Virginia,Virginia Beach city,"Virginia Beach city, Virginia",2012,447021,11013.0,2857.0,61626,1043.0
Washington,Auburn city,"Auburn city, Washington",2012,73165,1100.0,1500.0,49996,835.0
Washington,Bellevue city,"Bellevue city, Washington",2012,126447,4604.0,1125.0,91449,1249.0
Washington,Bellingham city,"Bellingham city, Washington",2012,82234,,844.0,41718,771.0
Washington,Everett city,"Everett city, Washington",2012,104643,,2501.0,44832,812.0
Washington,Federal Way city,"Federal Way city, Washington",2012,91933,1289.0,1367.0,49976,881.0
Washington,Kennewick city,"Kennewick city, Washington",2012,75984,,718.0,50841,673.0
Washington,Kent city,"Kent city, Washington",2012,123005,2646.0,1940.0,53404,830.0
Washington,Pasco city,"Pasco city, Washington",2012,64029,,1342.0,55073,615.0
Washington,Renton city,"Renton city, Washington",2012,95422,,1712.0,56978,927.0
Washington,Seattle city,"Seattle city, Washington",2012,634541,25771.0,9700.0,64473,971.0
Washington,Spokane Valley city,"Spokane Valley city, Washington",2012,90638,1947.0,2603.0,46983,681.0
Washington,Spokane city,"Spokane city, Washington",2012,209504,3996.0,4862.0,40925,617.0
Washington,Tacoma city,"Tacoma city, Washington",2012,201999,3552.0,3942.0,51258,805.0
Washington,Vancouver city,"Vancouver city, Washington",2012,165502,3340.0,3798.0,45718,774.0
Washington,Yakima city,"Yakima city, Washington",2012,93123,,2060.0,40693,640.0
Wisconsin,Appleton city,"Appleton city, Wisconsin",2012,71898,,717.0,51319,539.0
Wisconsin,Eau Claire city,"Eau Claire city, Wisconsin",2012,67186,,77.0,39376,610.0
Wisconsin,Green Bay city,"Green Bay city, Wisconsin",2012,104869,862.0,960.0,38579,563.0
Wisconsin,Kenosha city,"Kenosha city, Wisconsin",2012,100139,,639.0,50455,677.0
Wisconsin,Madison city,"Madison city, Wisconsin",2012,240315,4984.0,1983.0,51180,786.0
Wisconsin,Milwaukee city,"Milwaukee city, Wisconsin",2012,598920,5983.0,10137.0,34042,623.0
Wisconsin,Oshkosh city,"Oshkosh city, Wisconsin",2012,66647,,710.0,45587,553.0
Wisconsin,Racine city,"Racine city, Wisconsin",2012,78293,,3103.0,38034,589.0
Wisconsin,Waukesha city,"Waukesha city, Wisconsin",2012,70914,,678.0,54615,759.0
Alabama,Birmingham city,"Birmingham city, Alabama",2013,211933,1805.0,3040.0,31152,517.0
Alabama,Dothan city,"Dothan city, Alabama",2013,67296,,420.0,41082,522.0
Alabama,Hoover city,"Hoover city, Alabama",2013,84128,,195.0,74782,801.0
Alabama,Huntsville city,"Huntsville city, Alabama",2013,186416,2266.0,1449.0,48199,580.0
Alabama,Mobile city,"Mobile city, Alabama",2013,194879,,1656.0,36150,584.0
Alabama,Montgomery city,"Montgomery city, Alabama",2013,201335,1645.0,1653.0,43103,598.0
Alabama,Tuscaloosa city,"Tuscaloosa city, Alabama",2013,95334,,2738.0,39236,573.0
Alaska,Anchorage municipality,"Anchorage municipality, Alaska",2013,300950,6326.0,6635.0,79045,1094.0
Arizona,Avondale city,"Avondale city, Arizona",2013,78817,,480.0,51206,868.0
Arizona,Casas Adobes CDP,"Casas Adobes CDP, Arizona",2013,69653,,367.0,53357,862.0
Arizona,Chandler city,"Chandler city, Arizona",2013,249139,6818.0,1405.0,71545,947.0
Arizona,Flagstaff city,"Flagstaff city, Arizona",2013,68661,1136.0,507.0,52854,995.0
Arizona,Gilbert town,"Gilbert town, Arizona",2013,229989,6755.0,1005.0,81589,1043.0
Arizona,Glendale city,"Glendale city, Arizona",2013,234618,5065.0,2324.0,41037,702.0
Arizona,Goodyear city,"Goodyear city, Arizona",2013,72862,,351.0,72219,927.0
Arizona,Mesa city,"Mesa city, Arizona",2013,457595,8567.0,4923.0,47561,713.0
Arizona,Peoria city,"Peoria city, Arizona",2013,162617,,501.0,59377,890.0
Arizona,Phoenix city,"Phoenix city, Arizona",2013,1513350,30548.0,13392.0,46601,723.0
Arizona,San Tan Valley CDP,"San Tan Valley CDP, Arizona",2013,93346,,473.0,57005,903.0
Arizona,Scottsdale city,"Scottsdale city, Arizona",2013,226909,13921.0,919.0,69690,979.0
Arizona,Surprise city,"Surprise city, Arizona",2013,123569,,549.0,55857,911.0
Arizona,Tempe city,"Tempe city, Arizona",2013,168231,4681.0,2009.0,48565,812.0
Arizona,Tucson city,"Tucson city, Arizona",2013,526141,6442.0,6254.0,35720,642.0
Arizona,Yuma city,"Yuma city, Arizona",2013,91915,,482.0,44545,707.0
Arkansas,Fayetteville city,"Fayetteville city, Arkansas",2013,78967,,522.0,37369,575.0
Arkansas,Fort Smith city,"Fort Smith city, Arkansas",2013,87654,,853.0,34274,503.0
Arkansas,Jonesboro city,"Jonesboro city, Arkansas",2013,71547,,562.0,39483,528.0
Arkansas,Little Rock city,"Little Rock city, Arkansas",2013,197357,2323.0,2306.0,44546,627.0
Arkansas,North Little Rock city,"North Little Rock city, Arkansas",2013,66086,,238.0,42811,574.0
Arkansas,Springdale city,"Springdale city, Arkansas",2013,73795,,681.0,42050,516.0
California,Alameda city,"Alameda city, California",2013,76413,3024.0,709.0,75212,1308.0
California,Alhambra city,"Alhambra city, California",2013,84566,1058.0,764.0,51532,1121.0
California,Anaheim city,"Anaheim city, California",2013,345015,5298.0,2748.0,57550,1226.0
California,Antioch city,"Antioch city, California",2013,107098,1944.0,2018.0,59356,1188.0
California,Apple Valley town,"Apple Valley town, California",2013,70923,,2032.0,48734,814.0
California,Arden-Arcade CDP,"Arden-Arcade CDP, California",2013,92438,,2717.0,46340,759.0
California,Bakersfield city,"Bakersfield city, California",2013,363630,4387.0,6275.0,54763,813.0
California,Baldwin Park city,"Baldwin Park city, California",2013,76633,,277.0,49755,1068.0
California,Bellflower city,"Bellflower city, California",2013,77594,,945.0,55772,1094.0
California,Berkeley city,"Berkeley city, California",2013,116774,6290.0,900.0,61960,1267.0
California,Buena Park city,"Buena Park city, California",2013,82885,702.0,941.0,76761,1338.0
California,Burbank city,"Burbank city, California",2013,104717,,1202.0,59314,1280.0
California,Camarillo city,"Camarillo city, California",2013,66076,,566.0,89641,1611.0
California,Carlsbad city,"Carlsbad city, California",2013,110977,,481.0,82681,1621.0
California,Carmichael CDP,"Carmichael CDP, California",2013,66747,,1378.0,53858,847.0
California,Carson city,"Carson city, California",2013,92597,,1522.0,72280,1250.0
California,Chico city,"Chico city, California",2013,88075,1894.0,1307.0,44491,783.0
California,Chino Hills city,"Chino Hills city, California",2013,76575,,136.0,94826,1654.0
California,Chino city,"Chino city, California",2013,81001,,778.0,71457,1316.0
California,Chula Vista city,"Chula Vista city, California",2013,256765,3824.0,2306.0,60882,1141.0
California,Citrus Heights city,"Citrus Heights city, California",2013,85288,,2392.0,47955,879.0
California,Clovis city,"Clovis city, California",2013,99758,,1463.0,65095,922.0
California,Compton city,"Compton city, California",2013,97872,559.0,2086.0,42613,969.0
California,Concord city,"Concord city, California",2013,125892,1647.0,1803.0,66086,1171.0
California,Corona city,"Corona city, California",2013,159507,3844.0,945.0,66094,1180.0
California,Costa Mesa city,"Costa Mesa city, California",2013,112184,2834.0,732.0,65149,1492.0
California,Daly City city,"Daly City city, California",2013,104747,988.0,441.0,77505,1483.0
California,Davis city,"Davis city, California",2013,66197,,337.0,61525,1206.0
California,Downey city,"Downey city, California",2013,113240,,1323.0,64386,1131.0
California,East Los Angeles CDP,"East Los Angeles CDP, California",2013,137967,1397.0,1912.0,40177,910.0
California,El Cajon city,"El Cajon city, California",2013,102207,,2866.0,39965,999.0
California,El Monte city,"El Monte city, California",2013,115685,1313.0,2310.0,31852,981.0
California,Elk Grove city,"Elk Grove city, California",2013,161029,3326.0,1808.0,70713,1267.0
California,Escondido city,"Escondido city, California",2013,148728,2109.0,735.0,49233,1132.0
California,Fairfield city,"Fairfield city, California",2013,109302,945.0,1350.0,61823,1170.0
California,Folsom city,"Folsom city, California",2013,73099,,365.0,97196,1292.0
California,Fontana city,"Fontana city, California",2013,203008,1901.0,3160.0,64679,988.0
California,Fremont city,"Fremont city, California",2013,224904,2933.0,2446.0,104838,1587.0
California,Fresno city,"Fresno city, California",2013,509965,7245.0,17729.0,40179,745.0
California,Fullerton city,"Fullerton city, California",2013,138979,2991.0,1001.0,65105,1221.0
California,Garden Grove city,"Garden Grove city, California",2013,175115,890.0,1392.0,58631,1229.0
California,Glendale city,"Glendale city, California",2013,196000,4531.0,3944.0,50172,1187.0
California,Hawthorne city,"Hawthorne city, California",2013,86204,1069.0,1366.0,43681,954.0
California,Hayward city,"Hayward city, California",2013,151582,1735.0,3051.0,59269,1250.0
California,Hemet city,"Hemet city, California",2013,81734,,2421.0,35024,799.0
California,Hesperia city,"Hesperia city, California",2013,92159,,653.0,42990,878.0
California,Huntington Beach city,"Huntington Beach city, California",2013,197577,5715.0,1095.0,82948,1470.0
California,Indio city,"Indio city, California",2013,83546,,1379.0,51202,851.0
California,Inglewood city,"Inglewood city, California",2013,111544,3104.0,2148.0,41254,974.0
California,Irvine city,"Irvine city, California",2013,236724,7088.0,1021.0,87830,1795.0
California,Jurupa Valley city,"Jurupa Valley city, California",2013,98036,,1676.0,53982,963.0
California,Lake Forest city,"Lake Forest city, California",2013,79300,,277.0,83544,1590.0
California,Lakewood city,"Lakewood city, California",2013,81136,,975.0,75171,1432.0
California,Lancaster city,"Lancaster city, California",2013,159521,1800.0,2037.0,45616,952.0
California,Livermore city,"Livermore city, California",2013,85169,,1033.0,91790,1342.0
California,Long Beach city,"Long Beach city, California",2013,469384,10144.0,9349.0,52116,1023.0
California,Los Angeles city,"Los Angeles city, California",2013,3884340,97778.0,57176.0,48466,1084.0
California,Lynwood city,"Lynwood city, California",2013,71387,,1557.0,38817,942.0
California,Manteca city,"Manteca city, California",2013,71949,,1285.0,65215,941.0
California,Menifee city,"Menifee city, California",2013,83459,,443.0,55264,1274.0
California,Merced city,"Merced city, California",2013,81089,,2469.0,35482,718.0
California,Milpitas city,"Milpitas city, California",2013,69796,,595.0,90077,1640.0
California,Mission Viejo city,"Mission Viejo city, California",2013,96350,,716.0,96639,1863.0
California,Modesto city,"Modesto city, California",2013,204925,2142.0,3948.0,46329,795.0
California,Moreno Valley city,"Moreno Valley city, California",2013,201187,2357.0,2581.0,52625,1091.0
California,Mountain View city,"Mountain View city, California",2013,77839,951.0,391.0,109802,1719.0
California,Murrieta city,"Murrieta city, California",2013,107457,,750.0,72385,1388.0
California,Napa city,"Napa city, California",2013,79059,,380.0,65517,1251.0
California,Newport Beach city,"Newport Beach city, California",2013,87265,,224.0,104523,1952.0
California,Norwalk city,"Norwalk city, California",2013,106588,,1097.0,58973,1235.0
California,Oakland city,"Oakland city, California",2013,406228,12374.0,8984.0,54394,1039.0
California,Oceanside city,"Oceanside city, California",2013,172795,3380.0,1419.0,48375,1232.0
California,Ontario city,"Ontario city, California",2013,167496,,2269.0,51230,1101.0
California,Orange city,"Orange city, California",2013,139983,2348.0,784.0,76630,1416.0
California,Oxnard city,"Oxnard city, California",2013,203014,2293.0,1628.0,60693,1214.0
California,Palmdale city,"Palmdale city, California",2013,157146,3176.0,3324.0,55153,962.0
California,Palo Alto city,"Palo Alto city, California",2013,66638,2719.0,134.0,121074,1990.0
California,Pasadena city,"Pasadena city, California",2013,139727,4700.0,2351.0,68172,1269.0
California,Perris city,"Perris city, California",2013,72334,,848.0,50035,1115.0
California,Pittsburg city,"Pittsburg city, California",2013,66703,,1123.0,61182,1125.0
California,Pleasanton city,"Pleasanton city, California",2013,74112,,94.0,121622,1735.0
California,Pomona city,"Pomona city, California",2013,151349,1825.0,1229.0,51379,1043.0
California,Rancho Cordova city,"Rancho Cordova city, California",2013,67919,,1426.0,49872,836.0
California,Rancho Cucamonga city,"Rancho Cucamonga city, California",2013,171359,4880.0,1210.0,82489,1387.0
California,Redding city,"Redding city, California",2013,91124,,727.0,40376,759.0
California,Redlands city,"Redlands city, California",2013,70000,,576.0,61972,992.0
California,Redondo Beach city,"Redondo Beach city, California",2013,67816,,441.0,95587,1666.0
California,Redwood City city,"Redwood City city, California",2013,80875,1611.0,273.0,86358,1533.0
California,Rialto city,"Rialto city, California",2013,101889,,1561.0,49269,924.0
California,Richmond city,"Richmond city, California",2013,107580,1253.0,1168.0,54638,1091.0
California,Riverside city,"Riverside city, California",2013,316613,5992.0,3913.0,54300,1019.0
California,Roseville city,"Roseville city, California",2013,127039,3254.0,1637.0,75153,1246.0
California,Sacramento city,"Sacramento city, California",2013,479671,11528.0,12496.0,48034,888.0
California,Salinas city,"Salinas city, California",2013,155649,2171.0,957.0,46901,1049.0
California,San Bernardino city,"San Bernardino city, California",2013,213700,3475.0,5142.0,37440,792.0
California,San Buenaventura (Ventura) city,"San Buenaventura (Ventura) city, California",2013,108811,3139.0,968.0,64363,1310.0
California,San Clemente city,"San Clemente city, California",2013,65021,,616.0,91304,1662.0
California,San Diego city,"San Diego city, California",2013,1355885,41021.0,13534.0,63456,1254.0
California,San Francisco city,"San Francisco city, California",2013,837442,31901.0,9931.0,77485,1440.0
California,San Jose city,"San Jose city, California",2013,998514,18212.0,8391.0,80977,1446.0
California,San Leandro city,"San Leandro city, California",2013,87967,1324.0,531.0,63803,1099.0
California,San Marcos city,"San Marcos city, California",2013,89375,,163.0,56377,1159.0
California,San Mateo city,"San Mateo city, California",2013,101132,2228.0,330.0,83791,1624.0
California,San Ramon city,"San Ramon city, California",2013,74514,,117.0,131309,1781.0
California,Santa Ana city,"Santa Ana city, California",2013,334241,2208.0,3754.0,47914,1220.0
California,Santa Barbara city,"Santa Barbara city, California",2013,90431,,413.0,64434,1401.0
California,Santa Clara city,"Santa Clara city, California",2013,120250,1875.0,727.0,95415,1669.0
California,Santa Clarita city,"Santa Clarita city, California",2013,179582,5189.0,1214.0,81802,1398.0
California,Santa Maria city,"Santa Maria city, California",2013,102205,1027.0,832.0,44547,1072.0
California,Santa Monica city,"Santa Monica city, California",2013,92484,,846.0,67060,1550.0
California,Santa Rosa city,"Santa Rosa city, California",2013,171996,3535.0,2356.0,57539,1169.0
California,Simi Valley city,"Simi Valley city, California",2013,126177,3765.0,368.0,84673,1484.0
California,South Gate city,"South Gate city, California",2013,95664,,1376.0,47100,937.0
California,South San Francisco city,"South San Francisco city, California",2013,66174,833.0,130.0,81361,1464.0
California,South Whittier CDP,"South Whittier CDP, California",2013,65365,,784.0,61705,1132.0
California,Stockton city,"Stockton city, California",2013,298115,2866.0,9274.0,42114,782.0
California,Sunnyvale city,"Sunnyvale city, California",2013,147559,3565.0,904.0,98623,1710.0
California,Temecula city,"Temecula city, California",2013,106783,,522.0,78165,1403.0
California,Thousand Oaks city,"Thousand Oaks city, California",2013,128739,,386.0,101417,1742.0
California,Torrance city,"Torrance city, California",2013,147485,3550.0,527.0,76597,1348.0
California,Tracy city,"Tracy city, California",2013,84683,1146.0,865.0,75763,1221.0
California,Turlock city,"Turlock city, California",2013,70358,,1889.0,51780,786.0
California,Tustin city,"Tustin city, California",2013,78326,,630.0,66396,1402.0
California,Union City city,"Union City city, California",2013,72540,601.0,891.0,73563,1476.0
California,Upland city,"Upland city, California",2013,75420,637.0,1201.0,56782,1079.0
California,Vacaville city,"Vacaville city, California",2013,94272,,880.0,72925,1252.0
California,Vallejo city,"Vallejo city, California",2013,118855,1448.0,1306.0,56532,1091.0
California,Victorville city,"Victorville city, California",2013,121080,,3967.0,42765,880.0
California,Visalia city,"Visalia city, California",2013,127758,1178.0,4016.0,47231,760.0
California,Vista city,"Vista city, California",2013,96919,,611.0,45322,1137.0
California,Walnut Creek city,"Walnut Creek city, California",2013,66890,,286.0,75759,1473.0
California,West Covina city,"West Covina city, California",2013,107741,1007.0,591.0,63941,1300.0
California,Westminster city,"Westminster city, California",2013,91750,,590.0,49656,1336.0
California,Whittier city,"Whittier city, California",2013,86618,,887.0,61795,1075.0
California,Yorba Linda city,"Yorba Linda city, California",2013,67042,,464.0,101668,1630.0
California,Yuba City city,"Yuba City city, California",2013,65410,,1682.0,46256,831.0
Colorado,Arvada city,"Arvada city, Colorado",2013,112028,,697.0,69581,893.0
Colorado,Aurora city,"Aurora city, Colorado",2013,345814,6818.0,3168.0,49142,848.0
Colorado,Boulder city,"Boulder city, Colorado",2013,103163,6160.0,672.0,57428,1148.0
Colorado,Centennial city,"Centennial city, Colorado",2013,106101,6185.0,285.0,90200,1150.0
Colorado,Colorado Springs city,"Colorado Springs city, Colorado",2013,439858,11782.0,4718.0,53550,778.0
Colorado,Denver city,"Denver city, Colorado",2013,649495,23881.0,6643.0,51089,831.0
Colorado,Fort Collins city,"Fort Collins city, Colorado",2013,152056,6037.0,825.0,56464,929.0
Colorado,Greeley city,"Greeley city, Colorado",2013,96549,2469.0,805.0,50484,638.0
Colorado,Highlands Ranch CDP,"Highlands Ranch CDP, Colorado",2013,106264,6125.0,342.0,108218,1338.0
Colorado,Lakewood city,"Lakewood city, Colorado",2013,147220,4150.0,1437.0,55792,885.0
Colorado,Longmont city,"Longmont city, Colorado",2013,90075,2768.0,782.0,65096,894.0
Colorado,Loveland city,"Loveland city, Colorado",2013,71331,,979.0,51580,830.0
Colorado,Pueblo city,"Pueblo city, Colorado",2013,108247,1102.0,1976.0,33784,574.0
Colorado,Thornton city,"Thornton city, Colorado",2013,127352,2749.0,760.0,63507,975.0
Colorado,Westminster city,"Westminster city, Colorado",2013,110940,,426.0,63520,926.0
Connecticut,Bridgeport city,"Bridgeport city, Connecticut",2013,147216,1407.0,3683.0,42687,915.0
Connecticut,Danbury city,"Danbury city, Connecticut",2013,83690,1164.0,533.0,62404,1043.0
Connecticut,Hartford city,"Hartford city, Connecticut",2013,125035,1674.0,3714.0,27417,736.0
Connecticut,New Britain city,"New Britain city, Connecticut",2013,72941,467.0,1333.0,42778,758.0
Connecticut,New Haven city,"New Haven city, Connecticut",2013,130654,1762.0,3333.0,36196,909.0
Connecticut,Norwalk city,"Norwalk city, Connecticut",2013,87775,1669.0,718.0,80382,1301.0
Connecticut,Stamford city,"Stamford city, Connecticut",2013,126455,4144.0,564.0,72706,1378.0
Connecticut,Waterbury city,"Waterbury city, Connecticut",2013,109687,,3441.0,36736,694.0
Delaware,Wilmington city,"Wilmington city, Delaware",2013,71520,,1336.0,37861,796.0
District of Columbia,Washington city,"Washington city, District of Columbia",2013,646449,14474.0,11339.0,67572,1222.0
Florida,Alafaya CDP,"Alafaya CDP, Florida",2013,76821,,285.0,62056,1048.0
Florida,Boca Raton city,"Boca Raton city, Florida",2013,89409,,402.0,71050,1236.0
Florida,Boynton Beach city,"Boynton Beach city, Florida",2013,71103,,643.0,46995,1115.0
Florida,Brandon CDP,"Brandon CDP, Florida",2013,115318,,1299.0,56502,922.0
Florida,Cape Coral city,"Cape Coral city, Florida",2013,165849,,1524.0,47767,882.0
Florida,Clearwater city,"Clearwater city, Florida",2013,109705,2648.0,1736.0,44768,739.0
Florida,Coral Springs city,"Coral Springs city, Florida",2013,126595,,662.0,61129,1034.0
Florida,Davie town,"Davie town, Florida",2013,96818,,574.0,59344,1021.0
Florida,Deerfield Beach city,"Deerfield Beach city, Florida",2013,78045,,295.0,42090,970.0
Florida,Deltona city,"Deltona city, Florida",2013,86300,,729.0,44909,902.0
Florida,Fort Lauderdale city,"Fort Lauderdale city, Florida",2013,172374,6098.0,1204.0,49263,945.0
Florida,Fort Myers city,"Fort Myers city, Florida",2013,68184,,560.0,31570,649.0
Florida,Gainesville city,"Gainesville city, Florida",2013,127493,2852.0,1213.0,31600,660.0
Florida,Hialeah city,"Hialeah city, Florida",2013,233394,4307.0,1739.0,27371,870.0
Florida,Hollywood city,"Hollywood city, Florida",2013,146522,3018.0,1344.0,44582,927.0
Florida,Jacksonville city,"Jacksonville city, Florida",2013,842588,16792.0,8886.0,47424,769.0
Florida,Kendall CDP,"Kendall CDP, Florida",2013,71373,,581.0,61639,1163.0
Florida,Kissimmee city,"Kissimmee city, Florida",2013,65186,,643.0,35040,786.0
Florida,Lakeland city,"Lakeland city, Florida",2013,100697,,874.0,40126,693.0
Florida,Largo city,"Largo city, Florida",2013,78415,,1250.0,38550,755.0
Florida,Lauderhill city,"Lauderhill city, Florida",2013,69793,,1004.0,34280,888.0
Florida,Lehigh Acres CDP,"Lehigh Acres CDP, Florida",2013,118806,,1459.0,37691,717.0
Florida,Melbourne city,"Melbourne city, Florida",2013,77490,,612.0,35830,705.0
Florida,Miami Beach city,"Miami Beach city, Florida",2013,91019,4224.0,619.0,44153,1003.0
Florida,Miami Gardens city,"Miami Gardens city, Florida",2013,111381,,1106.0,39064,935.0
Florida,Miami city,"Miami city, Florida",2013,417670,6717.0,2222.0,31070,856.0
Florida,Miramar city,"Miramar city, Florida",2013,130281,,621.0,55846,1273.0
Florida,Orlando city,"Orlando city, Florida",2013,255479,5800.0,2397.0,41345,833.0
Florida,Palm Bay city,"Palm Bay city, Florida",2013,104894,,1479.0,41056,714.0
Florida,Palm Coast city,"Palm Coast city, Florida",2013,79378,,294.0,47498,885.0
Florida,Pembroke Pines city,"Pembroke Pines city, Florida",2013,162333,,1200.0,63357,1318.0
Florida,Pine Hills CDP,"Pine Hills CDP, Florida",2013,67295,,397.0,35583,764.0
Florida,Plantation city,"Plantation city, Florida",2013,90280,,496.0,68973,1319.0
Florida,Pompano Beach city,"Pompano Beach city, Florida",2013,104406,,962.0,40191,965.0
Florida,Port St. Lucie city,"Port St. Lucie city, Florida",2013,170999,,1179.0,48562,1033.0
Florida,Riverview CDP,"Riverview CDP, Florida",2013,75934,,357.0,66552,1098.0
Florida,Spring Hill CDP,"Spring Hill CDP, Florida",2013,101349,,1555.0,39500,771.0
Florida,St. Petersburg city,"St. Petersburg city, Florida",2013,249702,6368.0,3003.0,43894,795.0
Florida,Sunrise city,"Sunrise city, Florida",2013,90133,,529.0,44627,1082.0
Florida,Tallahassee city,"Tallahassee city, Florida",2013,186408,3236.0,1234.0,39564,692.0
Florida,Tampa city,"Tampa city, Florida",2013,352981,7697.0,7779.0,42649,803.0
Florida,Town 'n' Country CDP,"Town 'n' Country CDP, Florida",2013,77829,,2037.0,53250,900.0
Florida,West Palm Beach city,"West Palm Beach city, Florida",2013,102433,,1427.0,43070,943.0
Florida,Weston city,"Weston city, Florida",2013,68386,,221.0,91844,1739.0
Georgia,Albany city,"Albany city, Georgia",2013,76151,,399.0,28921,465.0
Georgia,Athens-Clarke County unified government (balance),"Athens-Clarke County unified government (balance), Georgia",2013,120212,,694.0,31406,642.0
Georgia,Atlanta city,"Atlanta city, Georgia",2013,447848,16274.0,5582.0,46485,784.0
Georgia,Augusta-Richmond County consolidated government (balance),"Augusta-Richmond County consolidated government (balance), Georgia",2013,196711,1228.0,1545.0,35558,612.0
Georgia,Columbus city,"Columbus city, Georgia",2013,202824,6326.0,601.0,40499,652.0
Georgia,Johns Creek city,"Johns Creek city, Georgia",2013,82761,,251.0,102251,1154.0
Georgia,Macon city,"Macon city, Georgia",2013,90107,,718.0,24623,503.0
Georgia,Roswell city,"Roswell city, Georgia",2013,94029,,230.0,72317,819.0
Georgia,Sandy Springs city,"Sandy Springs city, Georgia",2013,99769,4147.0,887.0,59196,824.0
Georgia,Savannah city,"Savannah city, Georgia",2013,142772,2284.0,797.0,36198,701.0
Georgia,Warner Robins city,"Warner Robins city, Georgia",2013,72321,,211.0,43953,672.0
Hawaii,Urban Honolulu CDP,"Urban Honolulu CDP, Hawaii",2013,347907,5774.0,5028.0,61559,1141.0
Idaho,Boise City city,"Boise City city, Idaho",2013,214235,6260.0,2455.0,47847,686.0
Idaho,Meridian city,"Meridian city, Idaho",2013,83594,,656.0,63305,839.0
Idaho,Nampa city,"Nampa city, Idaho",2013,86514,,1546.0,39655,640.0
Illinois,Arlington Heights village,"Arlington Heights village, Illinois",2013,76069,,350.0,79940,1160.0
Illinois,Aurora city,"Aurora city, Illinois",2013,202665,3116.0,497.0,60809,902.0
Illinois,Bloomington city,"Bloomington city, Illinois",2013,78911,,487.0,60652,663.0
Illinois,Bolingbrook village,"Bolingbrook village, Illinois",2013,74969,,273.0,76103,883.0
Illinois,Champaign city,"Champaign city, Illinois",2013,83421,1872.0,329.0,38683,713.0
Illinois,Chicago city,"Chicago city, Illinois",2013,2718789,54449.0,42001.0,47099,836.0
Illinois,Cicero town,"Cicero town, Illinois",2013,84107,468.0,1491.0,37232,693.0
Illinois,Decatur city,"Decatur city, Illinois",2013,72842,,959.0,38974,520.0
Illinois,Elgin city,"Elgin city, Illinois",2013,108694,1404.0,365.0,59703,850.0
Illinois,Evanston city,"Evanston city, Illinois",2013,75579,2450.0,341.0,68321,1116.0
Illinois,Joliet city,"Joliet city, Illinois",2013,148411,1630.0,1013.0,59019,765.0
Illinois,Naperville city,"Naperville city, Illinois",2013,144736,5300.0,348.0,105882,1190.0
Illinois,Palatine village,"Palatine village, Illinois",2013,69304,,1083.0,70940,990.0
Illinois,Peoria city,"Peoria city, Illinois",2013,116575,1130.0,1809.0,42189,583.0
Illinois,Rockford city,"Rockford city, Illinois",2013,152618,1036.0,2644.0,40215,593.0
Illinois,Schaumburg village,"Schaumburg village, Illinois",2013,75850,,523.0,76344,1101.0
Illinois,Skokie village,"Skokie village, Illinois",2013,65183,1398.0,899.0,58437,941.0
Illinois,Springfield city,"Springfield city, Illinois",2013,116858,,2082.0,48864,586.0
Illinois,Waukegan city,"Waukegan city, Illinois",2013,90252,,1306.0,46015,760.0
Indiana,Bloomington city,"Bloomington city, Indiana",2013,80693,,425.0,27687,692.0
Indiana,Carmel city,"Carmel city, Indiana",2013,84542,,150.0,100358,961.0
Indiana,Evansville city,"Evansville city, Indiana",2013,117439,1325.0,1450.0,32414,524.0
Indiana,Fishers town,"Fishers town, Indiana",2013,85588,,173.0,95590,946.0
Indiana,Fort Wayne city,"Fort Wayne city, Indiana",2013,251340,3260.0,3110.0,39878,528.0
Indiana,Gary city,"Gary city, Indiana",2013,75375,,1875.0,26286,573.0
Indiana,Hammond city,"Hammond city, Indiana",2013,78958,,1125.0,38587,668.0
Indiana,Indianapolis city (balance),"Indianapolis city (balance), Indiana",2013,838425,11612.0,7615.0,41361,634.0
Indiana,Lafayette city,"Lafayette city, Indiana",2013,69720,,862.0,40285,627.0
Indiana,Muncie city,"Muncie city, Indiana",2013,70107,,1339.0,26292,553.0
Indiana,South Bend city,"South Bend city, Indiana",2013,101975,976.0,1340.0,34446,554.0
Iowa,Cedar Rapids city,"Cedar Rapids city, Iowa",2013,128422,,1795.0,49809,569.0
Iowa,Davenport city,"Davenport city, Iowa",2013,102165,,1701.0,45034,575.0
Iowa,Des Moines city,"Des Moines city, Iowa",2013,207293,2452.0,3578.0,45110,646.0
Iowa,Iowa City city,"Iowa City city, Iowa",2013,71598,1619.0,269.0,39467,736.0
Iowa,Sioux City city,"Sioux City city, Iowa",2013,81325,,818.0,44073,538.0
Iowa,Waterloo city,"Waterloo city, Iowa",2013,68366,,2631.0,38902,561.0
Kansas,Kansas City city,"Kansas City city, Kansas",2013,148112,1502.0,1747.0,37789,556.0
Kansas,Lawrence city,"Lawrence city, Kansas",2013,92730,,697.0,50150,666.0
Kansas,Olathe city,"Olathe city, Kansas",2013,131903,,464.0,75304,683.0
Kansas,Overland Park city,"Overland Park city, Kansas",2013,181273,,642.0,69759,828.0
Kansas,Topeka city,"Topeka city, Kansas",2013,127702,,2630.0,41327,526.0
Kansas,Wichita city,"Wichita city, Kansas",2013,386558,5803.0,7455.0,43538,543.0
Kentucky,Lexington-Fayette urban county,"Lexington-Fayette urban county, Kentucky",2013,308428,7547.0,2847.0,47535,656.0
Kentucky,Louisville/Jefferson County metro government (balance),"Louisville/Jefferson County metro government (balance), Kentucky",2013,609908,6705.0,7597.0,44893,589.0
Louisiana,Baton Rouge city,"Baton Rouge city, Louisiana",2013,229405,3279.0,1381.0,38321,599.0
Louisiana,Bossier City city,"Bossier City city, Louisiana",2013,66334,,332.0,45675,688.0
Louisiana,Kenner city,"Kenner city, Louisiana",2013,66975,,316.0,50372,754.0
Louisiana,Lafayette city,"Lafayette city, Louisiana",2013,124282,,339.0,47784,678.0
Louisiana,Lake Charles city,"Lake Charles city, Louisiana",2013,74032,,397.0,36708,592.0
Louisiana,Metairie CDP,"Metairie CDP, Louisiana",2013,143630,2238.0,408.0,52545,768.0
Louisiana,New Orleans city,"New Orleans city, Louisiana",2013,378715,7228.0,3515.0,36631,764.0
Louisiana,Shreveport city,"Shreveport city, Louisiana",2013,200191,1614.0,1207.0,35772,569.0
Maryland,Baltimore city,"Baltimore city, Maryland",2013,622104,6679.0,13594.0,42266,774.0
Maryland,Bethesda CDP,"Bethesda CDP, Maryland",2013,66364,3480.0,410.0,149932,1863.0
Maryland,Columbia CDP,"Columbia CDP, Maryland",2013,102907,2788.0,407.0,100902,1398.0
Maryland,Ellicott City CDP,"Ellicott City CDP, Maryland",2013,69535,,147.0,116106,1431.0
Maryland,Frederick city,"Frederick city, Maryland",2013,66910,1952.0,848.0,62285,1058.0
Maryland,Gaithersburg city,"Gaithersburg city, Maryland",2013,65689,,605.0,79420,1326.0
Maryland,Germantown CDP,"Germantown CDP, Maryland",2013,94958,1879.0,1255.0,83840,1418.0
Maryland,Glen Burnie CDP,"Glen Burnie CDP, Maryland",2013,66760,,1795.0,57322,1043.0
Maryland,Silver Spring CDP,"Silver Spring CDP, Maryland",2013,76563,1787.0,126.0,70412,1384.0
Maryland,Waldorf CDP,"Waldorf CDP, Maryland",2013,69685,,297.0,84919,1238.0
Massachusetts,Boston city,"Boston city, Massachusetts",2013,644710,11771.0,10960.0,53583,1154.0
Massachusetts,Brockton city,"Brockton city, Massachusetts",2013,94101,603.0,2824.0,51274,926.0
Massachusetts,Cambridge city,"Cambridge city, Massachusetts",2013,107276,3163.0,1069.0,75137,1558.0
Massachusetts,Fall River city,"Fall River city, Massachusetts",2013,88686,,2265.0,32209,609.0
Massachusetts,Framingham CDP,"Framingham CDP, Massachusetts",2013,70448,1357.0,1075.0,65451,1030.0
Massachusetts,Lawrence city,"Lawrence city, Massachusetts",2013,77665,771.0,1436.0,36187,850.0
Massachusetts,Lowell city,"Lowell city, Massachusetts",2013,108868,1627.0,2003.0,42270,920.0
Massachusetts,Lynn city,"Lynn city, Massachusetts",2013,91595,2138.0,2214.0,47155,905.0
Massachusetts,New Bedford city,"New Bedford city, Massachusetts",2013,95079,,2317.0,33098,634.0
Massachusetts,Newton city,"Newton city, Massachusetts",2013,87977,3550.0,382.0,116612,1578.0
Massachusetts,Quincy city,"Quincy city, Massachusetts",2013,93490,899.0,1530.0,61142,1149.0
Massachusetts,Somerville city,"Somerville city, Massachusetts",2013,78814,1683.0,431.0,70729,1363.0
Massachusetts,Springfield city,"Springfield city, Massachusetts",2013,153694,1762.0,4882.0,34734,723.0
Massachusetts,Worcester city,"Worcester city, Massachusetts",2013,182538,3281.0,3548.0,45011,803.0
Michigan,Ann Arbor city,"Ann Arbor city, Michigan",2013,117034,3894.0,866.0,60147,979.0
Michigan,Dearborn city,"Dearborn city, Michigan",2013,95888,,1509.0,46415,724.0
Michigan,Detroit city,"Detroit city, Michigan",2013,688740,7906.0,18734.0,24820,548.0
Michigan,Farmington Hills city,"Farmington Hills city, Michigan",2013,81293,,690.0,71043,904.0
Michigan,Flint city,"Flint city, Michigan",2013,99758,,3546.0,23131,470.0
Michigan,Grand Rapids city,"Grand Rapids city, Michigan",2013,192285,4758.0,7312.0,41669,650.0
Michigan,Kalamazoo city,"Kalamazoo city, Michigan",2013,75542,,1030.0,33766,617.0
Michigan,Lansing city,"Lansing city, Michigan",2013,114113,1606.0,2016.0,33356,592.0
Michigan,Livonia city,"Livonia city, Michigan",2013,95212,,285.0,68329,861.0
Michigan,Rochester Hills city,"Rochester Hills city, Michigan",2013,72957,,521.0,80169,901.0
Michigan,Southfield city,"Southfield city, Michigan",2013,73012,,641.0,49369,797.0
Michigan,Sterling Heights city,"Sterling Heights city, Michigan",2013,131204,,2273.0,57732,710.0
Michigan,Troy city,"Troy city, Michigan",2013,82822,,486.0,82557,911.0
Michigan,Warren city,"Warren city, Michigan",2013,134875,,1849.0,41953,661.0
Michigan,Westland city,"Westland city, Michigan",2013,82586,,614.0,41414,681.0
Michigan,Wyoming city,"Wyoming city, Michigan",2013,74114,,1111.0,47731,623.0
Minnesota,Bloomington city,"Bloomington city, Minnesota",2013,86321,1428.0,1032.0,66688,925.0
Minnesota,Brooklyn Park city,"Brooklyn Park city, Minnesota",2013,78373,,2165.0,67537,783.0
Minnesota,Duluth city,"Duluth city, Minnesota",2013,86125,992.0,2745.0,42176,625.0
Minnesota,Eagan city,"Eagan city, Minnesota",2013,65453,,726.0,75929,1015.0
Minnesota,Maple Grove city,"Maple Grove city, Minnesota",2013,65406,,753.0,92138,1355.0
Minnesota,Minneapolis city,"Minneapolis city, Minnesota",2013,400079,11371.0,11733.0,50563,783.0
Minnesota,Plymouth city,"Plymouth city, Minnesota",2013,73987,,470.0,72634,1052.0
Minnesota,Rochester city,"Rochester city, Minnesota",2013,110731,1805.0,1665.0,62152,706.0
Minnesota,St. Cloud city,"St. Cloud city, Minnesota",2013,67754,,1021.0,45091,624.0
Minnesota,St. Paul city,"St. Paul city, Minnesota",2013,294873,8181.0,6861.0,49469,744.0
Minnesota,Woodbury city,"Woodbury city, Minnesota",2013,65659,,265.0,96099,1185.0
Mississippi,Gulfport city,"Gulfport city, Mississippi",2013,71022,,822.0,38119,683.0
Mississippi,Jackson city,"Jackson city, Mississippi",2013,172585,1684.0,3426.0,29811,572.0
Missouri,Columbia city,"Columbia city, Missouri",2013,115287,1891.0,914.0,42898,619.0
Missouri,Independence city,"Independence city, Missouri",2013,117246,,1451.0,42298,575.0
Missouri,Kansas City city,"Kansas City city, Missouri",2013,467082,8912.0,5776.0,45551,625.0
Missouri,Lee's Summit city,"Lee's Summit city, Missouri",2013,93669,,356.0,77014,774.0
Missouri,O'Fallon city,"O'Fallon city, Missouri",2013,82802,,357.0,77352,879.0
Missouri,Springfield city,"Springfield city, Missouri",2013,164133,2034.0,2550.0,30445,533.0
Missouri,St. Charles city,"St. Charles city, Missouri",2013,67566,,462.0,53739,689.0
Missouri,St. Joseph city,"St. Joseph city, Missouri",2013,77845,,876.0,41532,559.0
Missouri,St. Louis city,"St. Louis city, Missouri",2013,318416,4747.0,4281.0,34488,560.0
Montana,Billings city,"Billings city, Montana",2013,109062,2817.0,1219.0,49247,674.0
Montana,Missoula city,"Missoula city, Montana",2013,69116,,591.0,44232,698.0
Nebraska,Lincoln city,"Lincoln city, Nebraska",2013,268743,4226.0,3832.0,49419,615.0
Nebraska,Omaha city,"Omaha city, Nebraska",2013,434353,8227.0,3850.0,47512,637.0
Nevada,Enterprise CDP,"Enterprise CDP, Nevada",2013,121164,,668.0,68981,1100.0
Nevada,Henderson city,"Henderson city, Nevada",2013,270798,5851.0,2416.0,60819,951.0
Nevada,Las Vegas city,"Las Vegas city, Nevada",2013,603525,7456.0,8168.0,49289,825.0
Nevada,North Las Vegas city,"North Las Vegas city, Nevada",2013,226872,1758.0,2324.0,50133,897.0
Nevada,Paradise CDP,"Paradise CDP, Nevada",2013,225861,2169.0,3341.0,45201,744.0
Nevada,Reno city,"Reno city, Nevada",2013,233306,4118.0,3190.0,48740,714.0
Nevada,Sparks city,"Sparks city, Nevada",2013,93281,,1192.0,52804,774.0
Nevada,Spring Valley CDP,"Spring Valley CDP, Nevada",2013,188025,3255.0,1614.0,49111,861.0
Nevada,Sunrise Manor CDP,"Sunrise Manor CDP, Nevada",2013,181454,1013.0,2545.0,40659,690.0
New Hampshire,Manchester city,"Manchester city, New Hampshire",2013,110369,,2073.0,51248,874.0
New Hampshire,Nashua city,"Nashua city, New Hampshire",2013,87138,,1020.0,62808,993.0
New Jersey,Bayonne city,"Bayonne city, New Jersey",2013,65024,724.0,1077.0,51826,1007.0
New Jersey,Camden city,"Camden city, New Jersey",2013,76903,,4323.0,22043,720.0
New Jersey,Clifton city,"Clifton city, New Jersey",2013,85379,587.0,491.0,77225,1112.0
New Jersey,East Orange city,"East Orange city, New Jersey",2013,64543,,1482.0,36871,878.0
New Jersey,Elizabeth city,"Elizabeth city, New Jersey",2013,127552,2041.0,1836.0,42386,925.0
New Jersey,Jersey City city,"Jersey City city, New Jersey",2013,257345,3459.0,4498.0,54700,1038.0
New Jersey,Newark city,"Newark city, New Jersey",2013,278436,2164.0,13406.0,32973,824.0
New Jersey,Passaic city,"Passaic city, New Jersey",2013,70876,456.0,1640.0,37332,919.0
New Jersey,Paterson city,"Paterson city, New Jersey",2013,145952,917.0,4256.0,30733,942.0
New Jersey,Toms River CDP,"Toms River CDP, New Jersey",2013,89957,,486.0,72964,1096.0
New Jersey,Trenton city,"Trenton city, New Jersey",2013,84344,277.0,1898.0,36803,787.0
New Jersey,Union City city,"Union City city, New Jersey",2013,68248,742.0,1146.0,40653,994.0
New Mexico,Albuquerque city,"Albuquerque city, New Mexico",2013,556489,9990.0,5174.0,48357,710.0
New Mexico,Las Cruces city,"Las Cruces city, New Mexico",2013,101317,,1321.0,39495,596.0
New Mexico,Rio Rancho city,"Rio Rancho city, New Mexico",2013,91928,,716.0,56844,869.0
New Mexico,Santa Fe city,"Santa Fe city, New Mexico",2013,69969,,342.0,49445,856.0
New York,Albany city,"Albany city, New York",2013,98441,,3360.0,37097,762.0
New York,Buffalo city,"Buffalo city, New York",2013,258945,2161.0,6358.0,32392,532.0
New York,Cheektowaga CDP,"Cheektowaga CDP, New York",2013,74338,,884.0,46990,658.0
New York,Mount Vernon city,"Mount Vernon city, New York",2013,68218,1395.0,1794.0,49395,1066.0
New York,New Rochelle city,"New Rochelle city, New York",2013,79453,1847.0,1296.0,66692,1148.0
New York,New York city,"New York city, New York",2013,8405837,157525.0,122481.0,52223,1125.0
New York,Rochester city,"Rochester city, New York",2013,210345,2003.0,10474.0,30158,638.0
New York,Schenectady city,"Schenectady city, New York",2013,65915,,2517.0,36673,657.0
New York,Syracuse city,"Syracuse city, New York",2013,144675,2181.0,5074.0,31683,597.0
New York,Yonkers city,"Yonkers city, New York",2013,199764,2619.0,4295.0,65589,1089.0
North Carolina,Asheville city,"Asheville city, North Carolina",2013,87251,,2047.0,42558,778.0
North Carolina,Cary town,"Cary town, North Carolina",2013,151560,5281.0,506.0,89405,908.0
North Carolina,Charlotte city,"Charlotte city, North Carolina",2013,792849,22431.0,6166.0,51034,763.0
North Carolina,Concord city,"Concord city, North Carolina",2013,83507,,320.0,55551,629.0
North Carolina,Durham city,"Durham city, North Carolina",2013,245466,6440.0,1657.0,50522,728.0
North Carolina,Fayetteville city,"Fayetteville city, North Carolina",2013,204401,3496.0,1503.0,44924,679.0
North Carolina,Gastonia city,"Gastonia city, North Carolina",2013,73205,,412.0,40374,553.0
North Carolina,Greensboro city,"Greensboro city, North Carolina",2013,279651,6537.0,3510.0,41150,633.0
North Carolina,Greenville city,"Greenville city, North Carolina",2013,89142,,566.0,35779,590.0
North Carolina,High Point city,"High Point city, North Carolina",2013,107229,,870.0,42462,585.0
North Carolina,Jacksonville city,"Jacksonville city, North Carolina",2013,69075,,465.0,40699,845.0
North Carolina,Raleigh city,"Raleigh city, North Carolina",2013,431897,12183.0,1961.0,55170,774.0
North Carolina,Wilmington city,"Wilmington city, North Carolina",2013,112072,4000.0,1108.0,42834,698.0
North Carolina,Winston-Salem city,"Winston-Salem city, North Carolina",2013,236457,3959.0,1374.0,37322,565.0
North Dakota,Bismarck city,"Bismarck city, North Dakota",2013,66063,,391.0,56545,693.0
North Dakota,Fargo city,"Fargo city, North Dakota",2013,112510,1306.0,1303.0,44845,640.0
Ohio,Akron city,"Akron city, Ohio",2013,198095,2166.0,7030.0,34300,549.0
Ohio,Canton city,"Canton city, Ohio",2013,72551,,5445.0,25817,465.0
Ohio,Cincinnati city,"Cincinnati city, Ohio",2013,297498,5495.0,6806.0,34605,537.0
Ohio,Cleveland city,"Cleveland city, Ohio",2013,390106,4037.0,12573.0,26096,506.0
Ohio,Columbus city,"Columbus city, Ohio",2013,822762,14571.0,12545.0,44426,654.0
Ohio,Dayton city,"Dayton city, Ohio",2013,143355,,4430.0,28965,467.0
Ohio,Lorain city,"Lorain city, Ohio",2013,63706,,946.0,32494,516.0
Ohio,Parma city,"Parma city, Ohio",2013,80427,,1082.0,50205,674.0
Ohio,Toledo city,"Toledo city, Ohio",2013,282313,2739.0,5676.0,31907,497.0
Ohio,Youngstown city,"Youngstown city, Ohio",2013,65174,,2113.0,24767,434.0
Oklahoma,Broken Arrow city,"Broken Arrow city, Oklahoma",2013,105013,,538.0,65973,774.0
Oklahoma,Edmond city,"Edmond city, Oklahoma",2013,87002,,405.0,76464,679.0
Oklahoma,Lawton city,"Lawton city, Oklahoma",2013,97142,,811.0,37197,598.0
Oklahoma,Norman city,"Norman city, Oklahoma",2013,118200,,1270.0,48508,621.0
Oklahoma,Oklahoma City city,"Oklahoma City city, Oklahoma",2013,610617,8847.0,7697.0,46232,595.0
Oklahoma,Tulsa city,"Tulsa city, Oklahoma",2013,398724,6802.0,5956.0,41495,588.0
Oregon,Beaverton city,"Beaverton city, Oregon",2013,93525,1597.0,809.0,56130,868.0
Oregon,Bend city,"Bend city, Oregon",2013,81236,,629.0,48014,778.0
Oregon,Eugene city,"Eugene city, Oregon",2013,159161,4823.0,1999.0,45573,769.0
Oregon,Gresham city,"Gresham city, Oregon",2013,109410,1912.0,2040.0,46401,781.0
Oregon,Hillsboro city,"Hillsboro city, Oregon",2013,97371,1776.0,1317.0,61073,926.0
Oregon,Medford city,"Medford city, Oregon",2013,77680,,1330.0,39798,745.0
Oregon,Portland city,"Portland city, Oregon",2013,611134,22160.0,10288.0,55571,846.0
Oregon,Salem city,"Salem city, Oregon",2013,160618,2559.0,3757.0,43436,641.0
Pennsylvania,Allentown city,"Allentown city, Pennsylvania",2013,118577,2068.0,3036.0,36655,761.0
Pennsylvania,Bethlehem city,"Bethlehem city, Pennsylvania",2013,74241,,2092.0,45263,809.0
Pennsylvania,Erie city,"Erie city, Pennsylvania",2013,100676,955.0,2225.0,32508,514.0
Pennsylvania,Philadelphia city,"Philadelphia city, Pennsylvania",2013,1553165,18244.0,43721.0,36836,746.0
Pennsylvania,Pittsburgh city,"Pittsburgh city, Pennsylvania",2013,305838,5832.0,5648.0,42004,654.0
Pennsylvania,Reading city,"Reading city, Pennsylvania",2013,87894,864.0,2188.0,25567,606.0
Pennsylvania,Scranton city,"Scranton city, Pennsylvania",2013,75814,916.0,1509.0,38810,603.0
Rhode Island,Cranston city,"Cranston city, Rhode Island",2013,80575,,550.0,61441,861.0
Rhode Island,Pawtucket city,"Pawtucket city, Rhode Island",2013,71178,,672.0,40624,708.0
Rhode Island,Providence city,"Providence city, Rhode Island",2013,177995,3208.0,4458.0,36378,738.0
Rhode Island,Warwick city,"Warwick city, Rhode Island",2013,81983,,519.0,68548,922.0
South Carolina,Charleston city,"Charleston city, South Carolina",2013,130428,3873.0,799.0,54970,830.0
South Carolina,Columbia city,"Columbia city, South Carolina",2013,133377,1433.0,546.0,41095,667.0
South Carolina,Mount Pleasant town,"Mount Pleasant town, South Carolina",2013,74876,,0.0,84057,1109.0
South Carolina,North Charleston city,"North Charleston city, South Carolina",2013,101838,661.0,521.0,40667,646.0
South Carolina,Rock Hill city,"Rock Hill city, South Carolina",2013,69104,,275.0,39778,559.0
South Dakota,Rapid City city,"Rapid City city, South Dakota",2013,70810,,1042.0,44960,642.0
South Dakota,Sioux Falls city,"Sioux Falls city, South Dakota",2013,163629,1893.0,1678.0,51158,608.0
Tennessee,Chattanooga city,"Chattanooga city, Tennessee",2013,173375,3237.0,4328.0,39475,585.0
Tennessee,Clarksville city,"Clarksville city, Tennessee",2013,142355,1860.0,1612.0,47631,725.0
Tennessee,Franklin city,"Franklin city, Tennessee",2013,68872,,286.0,82300,954.0
Tennessee,Jackson city,"Jackson city, Tennessee",2013,67685,,1106.0,36610,489.0
Tennessee,Johnson City city,"Johnson City city, Tennessee",2013,65796,,324.0,41416,535.0
Tennessee,Knoxville city,"Knoxville city, Tennessee",2013,183261,2322.0,2961.0,35254,608.0
Tennessee,Memphis city,"Memphis city, Tennessee",2013,653450,5751.0,7659.0,36722,618.0
Tennessee,Murfreesboro city,"Murfreesboro city, Tennessee",2013,117039,,751.0,52498,739.0
Tennessee,Nashville-Davidson metropolitan government (balance),"Nashville-Davidson metropolitan government (balance), Tennessee",2013,634465,15815.0,13702.0,46803,706.0
Texas,Abilene city,"Abilene city, Texas",2013,119036,,784.0,43059,567.0
Texas,Allen city,"Allen city, Texas",2013,92025,,233.0,91204,1038.0
Texas,Amarillo city,"Amarillo city, Texas",2013,196691,2063.0,1190.0,45818,611.0
Texas,Arlington city,"Arlington city, Texas",2013,379565,7838.0,2207.0,51400,686.0
Texas,Atascocita CDP,"Atascocita CDP, Texas",2013,65166,,479.0,80127,1089.0
Texas,Austin city,"Austin city, Texas",2013,885415,34091.0,6305.0,56351,863.0
Texas,Baytown city,"Baytown city, Texas",2013,76327,,340.0,43488,675.0
Texas,Beaumont city,"Beaumont city, Texas",2013,117808,,334.0,40322,596.0
Texas,Brownsville city,"Brownsville city, Texas",2013,181850,,876.0,33821,530.0
Texas,Bryan city,"Bryan city, Texas",2013,78718,,329.0,38522,650.0
Texas,Carrollton city,"Carrollton city, Texas",2013,126695,,191.0,64188,864.0
Texas,College Station city,"College Station city, Texas",2013,100036,,342.0,31940,734.0
Texas,Corpus Christi city,"Corpus Christi city, Texas",2013,316389,3524.0,1515.0,49686,705.0
Texas,Dallas city,"Dallas city, Texas",2013,1257676,26276.0,9153.0,41978,707.0
Texas,Denton city,"Denton city, Texas",2013,123105,2261.0,254.0,43976,765.0
Texas,Edinburg city,"Edinburg city, Texas",2013,80830,,488.0,41938,566.0
Texas,El Paso city,"El Paso city, Texas",2013,674438,8596.0,7603.0,41129,660.0
Texas,Flower Mound town,"Flower Mound town, Texas",2013,68397,,258.0,116898,1595.0
Texas,Fort Worth city,"Fort Worth city, Texas",2013,794189,13476.0,5114.0,52430,706.0
Texas,Frisco city,"Frisco city, Texas",2013,136783,,119.0,109956,1081.0
Texas,Garland city,"Garland city, Texas",2013,234694,4452.0,1603.0,45848,736.0
Texas,Grand Prairie city,"Grand Prairie city, Texas",2013,183324,,1102.0,55290,732.0
Texas,Harlingen city,"Harlingen city, Texas",2013,65677,,244.0,38908,506.0
Texas,Houston city,"Houston city, Texas",2013,2197374,39670.0,14577.0,45353,709.0
Texas,Irving city,"Irving city, Texas",2013,228652,3538.0,3092.0,51722,755.0
Texas,Killeen city,"Killeen city, Texas",2013,137160,,738.0,48066,682.0
Texas,Laredo city,"Laredo city, Texas",2013,249085,2458.0,1277.0,40599,577.0
Texas,League City city,"League City city, Texas",2013,92163,,230.0,84497,966.0
Texas,Lewisville city,"Lewisville city, Texas",2013,101154,,255.0,57457,826.0
Texas,Longview city,"Longview city, Texas",2013,81683,,572.0,38352,631.0
Texas,Lubbock city,"Lubbock city, Texas",2013,239544,2162.0,1696.0,45728,676.0
Texas,McAllen city,"McAllen city, Texas",2013,136631,,1006.0,38223,592.0
Texas,McKinney city,"McKinney city, Texas",2013,148544,,405.0,78988,937.0
Texas,Mesquite city,"Mesquite city, Texas",2013,143341,2078.0,571.0,46423,792.0
Texas,Midland city,"Midland city, Texas",2013,123935,,249.0,69530,926.0
Texas,Mission city,"Mission city, Texas",2013,81047,,607.0,41639,496.0
Texas,Missouri City city,"Missouri City city, Texas",2013,69521,,389.0,89380,1039.0
Texas,North Richland Hills city,"North Richland Hills city, Texas",2013,67319,,389.0,60987,752.0
Texas,Odessa city,"Odessa city, Texas",2013,110406,,593.0,58702,821.0
Texas,Pasadena city,"Pasadena city, Texas",2013,152734,,575.0,46157,668.0
Texas,Pearland city,"Pearland city, Texas",2013,102491,,223.0,95464,888.0
Texas,Pharr city,"Pharr city, Texas",2013,73785,,951.0,41556,518.0
Texas,Plano city,"Plano city, Texas",2013,273519,12350.0,730.0,80448,970.0
Texas,Richardson city,"Richardson city, Texas",2013,104477,,456.0,71500,941.0
Texas,Round Rock city,"Round Rock city, Texas",2013,109835,,170.0,65731,831.0
Texas,San Angelo city,"San Angelo city, Texas",2013,100111,,577.0,44516,631.0
Texas,San Antonio city,"San Antonio city, Texas",2013,1409000,20691.0,8845.0,45399,690.0
Texas,Sugar Land city,"Sugar Land city, Texas",2013,83851,,108.0,98985,1298.0
Texas,Temple city,"Temple city, Texas",2013,70182,,856.0,46590,595.0
Texas,The Woodlands CDP,"The Woodlands CDP, Texas",2013,100843,,137.0,114609,1292.0
Texas,Tyler city,"Tyler city, Texas",2013,100217,,493.0,44467,683.0
Texas,Victoria city,"Victoria city, Texas",2013,65097,,327.0,50592,650.0
Texas,Waco city,"Waco city, Texas",2013,129031,,655.0,32149,593.0
Texas,Wichita Falls city,"Wichita Falls city, Texas",2013,104900,,784.0,42129,587.0
Utah,Layton city,"Layton city, Utah",2013,70798,,711.0,65700,737.0
Utah,Ogden city,"Ogden city, Utah",2013,84239,1245.0,827.0,39357,609.0
Utah,Orem city,"Orem city, Utah",2013,91650,2141.0,1094.0,51944,777.0
Utah,Provo city,"Provo city, Utah",2013,116289,2848.0,331.0,38877,651.0
Utah,Salt Lake City city,"Salt Lake City city, Utah",2013,191160,4025.0,1080.0,50827,739.0
Utah,Sandy city,"Sandy city, Utah",2013,90215,2109.0,319.0,77719,1045.0
Utah,St. George city,"St. George city, Utah",2013,76824,,554.0,53524,779.0
Utah,West Jordan city,"West Jordan city, Utah",2013,110064,2955.0,726.0,66264,1045.0
Utah,West Valley City city,"West Valley City city, Utah",2013,133597,1864.0,898.0,51027,790.0
Virginia,Alexandria city,"Alexandria city, Virginia",2013,148892,4461.0,764.0,86775,1491.0
Virginia,Arlington CDP,"Arlington CDP, Virginia",2013,224906,9087.0,940.0,102501,1758.0
Virginia,Centreville CDP,"Centreville CDP, Virginia",2013,72622,,65.0,102361,1586.0
Virginia,Chesapeake city,"Chesapeake city, Virginia",2013,230571,3153.0,1748.0,67252,1002.0
Virginia,Dale City CDP,"Dale City CDP, Virginia",2013,66259,,96.0,86636,1239.0
Virginia,Hampton city,"Hampton city, Virginia",2013,136699,,1318.0,43785,811.0
Virginia,Lynchburg city,"Lynchburg city, Virginia",2013,78014,,805.0,40477,568.0
Virginia,Newport News city,"Newport News city, Virginia",2013,182020,1413.0,2476.0,49184,745.0
Virginia,Norfolk city,"Norfolk city, Virginia",2013,246139,4232.0,2491.0,44030,796.0
Virginia,Portsmouth city,"Portsmouth city, Virginia",2013,96205,,920.0,43904,766.0
Virginia,Richmond city,"Richmond city, Virginia",2013,214114,3868.0,3074.0,39193,724.0
Virginia,Roanoke city,"Roanoke city, Virginia",2013,98465,,995.0,36651,561.0
Virginia,Suffolk city,"Suffolk city, Virginia",2013,85728,,2231.0,60637,735.0
Virginia,Virginia Beach city,"Virginia Beach city, Virginia",2013,448479,11124.0,3027.0,62855,1060.0
Washington,Auburn city,"Auburn city, Washington",2013,73882,664.0,1491.0,55105,841.0
Washington,Bellevue city,"Bellevue city, Washington",2013,133990,3426.0,1519.0,92942,1350.0
Washington,Bellingham city,"Bellingham city, Washington",2013,82635,2869.0,1627.0,39301,808.0
Washington,Everett city,"Everett city, Washington",2013,105355,3274.0,2505.0,50874,871.0
Washington,Federal Way city,"Federal Way city, Washington",2013,92717,,1752.0,55775,897.0
Washington,Kennewick city,"Kennewick city, Washington",2013,76760,,1645.0,51582,726.0
Washington,Kent city,"Kent city, Washington",2013,124410,1587.0,2041.0,52606,861.0
Washington,Kirkland city,"Kirkland city, Washington",2013,84434,,1001.0,93655,1212.0
Washington,Pasco city,"Pasco city, Washington",2013,70345,,516.0,55844,706.0
Washington,Renton city,"Renton city, Washington",2013,96987,1535.0,1165.0,57707,1020.0
Washington,Seattle city,"Seattle city, Washington",2013,652429,25127.0,9734.0,70172,1087.0
Washington,Spokane Valley city,"Spokane Valley city, Washington",2013,91111,,1973.0,46871,657.0
Washington,Spokane city,"Spokane city, Washington",2013,210722,4570.0,5791.0,39385,628.0
Washington,Tacoma city,"Tacoma city, Washington",2013,203451,2702.0,4362.0,50807,815.0
Washington,Vancouver city,"Vancouver city, Washington",2013,167410,4867.0,2920.0,47379,794.0
Washington,Yakima city,"Yakima city, Washington",2013,93260,1128.0,1688.0,36116,626.0
Wisconsin,Appleton city,"Appleton city, Wisconsin",2013,74124,,744.0,52088,556.0
Wisconsin,Eau Claire city,"Eau Claire city, Wisconsin",2013,67155,,524.0,42548,599.0
Wisconsin,Green Bay city,"Green Bay city, Wisconsin",2013,104773,1618.0,1349.0,42519,556.0
Wisconsin,Kenosha city,"Kenosha city, Wisconsin",2013,99887,,900.0,42274,717.0
Wisconsin,Madison city,"Madison city, Wisconsin",2013,243337,4980.0,1307.0,49546,812.0
Wisconsin,Milwaukee city,"Milwaukee city, Wisconsin",2013,599168,7322.0,10140.0,35186,655.0
Wisconsin,Oshkosh city,"Oshkosh city, Wisconsin",2013,66771,,730.0,37218,545.0
Wisconsin,Racine city,"Racine city, Wisconsin",2013,78204,,2734.0,41886,569.0
Wisconsin,Waukesha city,"Waukesha city, Wisconsin",2013,71026,,757.0,61757,733.0
Alabama,Birmingham city,"Birmingham city, Alabama",2014,212653,1720.0,2134.0,30043,530.0
Alabama,Dothan city,"Dothan city, Alabama",2014,69400,717.0,378.0,39737,499.0
Alabama,Hoover city,"Hoover city, Alabama",2014,84352,,166.0,72728,836.0
Alabama,Huntsville city,"Huntsville city, Alabama",2014,187592,2759.0,1197.0,49476,559.0
Alabama,Mobile city,"Mobile city, Alabama",2014,194670,2250.0,1363.0,37082,602.0
Alabama,Montgomery city,"Montgomery city, Alabama",2014,200486,3173.0,1420.0,41889,620.0
Alabama,Tuscaloosa city,"Tuscaloosa city, Alabama",2014,96116,,1455.0,38247,626.0
Alaska,Anchorage municipality,"Anchorage municipality, Alaska",2014,301010,5066.0,3946.0,76337,1155.0
Arizona,Avondale city,"Avondale city, Arizona",2014,79621,,526.0,55664,854.0
Arizona,Casas Adobes CDP,"Casas Adobes CDP, Arizona",2014,72867,,297.0,59882,830.0
Arizona,Chandler city,"Chandler city, Arizona",2014,254275,8856.0,1041.0,73062,967.0
Arizona,Flagstaff city,"Flagstaff city, Arizona",2014,68786,923.0,429.0,48407,916.0
Arizona,Gilbert town,"Gilbert town, Arizona",2014,239282,7393.0,1010.0,84153,1084.0
Arizona,Glendale city,"Glendale city, Arizona",2014,237529,6838.0,2340.0,46453,731.0
Arizona,Goodyear city,"Goodyear city, Arizona",2014,75676,,386.0,69883,981.0
Arizona,Mesa city,"Mesa city, Arizona",2014,464682,10621.0,3149.0,47675,748.0
Arizona,Peoria city,"Peoria city, Arizona",2014,166955,,1042.0,66371,922.0
Arizona,Phoenix city,"Phoenix city, Arizona",2014,1537045,40021.0,11068.0,47929,734.0
Arizona,San Tan Valley CDP,"San Tan Valley CDP, Arizona",2014,94390,,751.0,65590,874.0
Arizona,Scottsdale city,"Scottsdale city, Arizona",2014,230502,13373.0,967.0,73387,1013.0
Arizona,Surprise city,"Surprise city, Arizona",2014,126278,,1383.0,58923,967.0
Arizona,Tempe city,"Tempe city, Arizona",2014,172836,2395.0,991.0,47118,875.0
Arizona,Tucson city,"Tucson city, Arizona",2014,527948,7059.0,6095.0,36541,646.0
Arizona,Yuma city,"Yuma city, Arizona",2014,93399,,453.0,43322,719.0
Arkansas,Fayetteville city,"Fayetteville city, Arkansas",2014,80614,,743.0,38680,584.0
Arkansas,Fort Smith city,"Fort Smith city, Arkansas",2014,87362,,958.0,37635,503.0
Arkansas,Jonesboro city,"Jonesboro city, Arkansas",2014,72214,,139.0,41502,609.0
Arkansas,Little Rock city,"Little Rock city, Arkansas",2014,197701,3357.0,1877.0,45999,623.0
Arkansas,North Little Rock city,"North Little Rock city, Arkansas",2014,66813,,326.0,35758,605.0
Arkansas,Springdale city,"Springdale city, Arkansas",2014,78122,,1130.0,44192,583.0
California,Alameda city,"Alameda city, California",2014,77661,2545.0,597.0,86888,1411.0
California,Alhambra city,"Alhambra city, California",2014,85585,1447.0,596.0,53011,1118.0
California,Anaheim city,"Anaheim city, California",2014,346961,5829.0,3580.0,62198,1250.0
California,Antioch city,"Antioch city, California",2014,108953,2163.0,1574.0,57446,1113.0
California,Apple Valley town,"Apple Valley town, California",2014,71586,,1787.0,49821,825.0
California,Arden-Arcade CDP,"Arden-Arcade CDP, California",2014,99903,1972.0,2086.0,46033,768.0
California,Bakersfield city,"Bakersfield city, California",2014,368748,4895.0,5739.0,58154,835.0
California,Baldwin Park city,"Baldwin Park city, California",2014,77134,,469.0,51270,1190.0
California,Bellflower city,"Bellflower city, California",2014,78246,,774.0,51050,1083.0
California,Berkeley city,"Berkeley city, California",2014,118851,4951.0,690.0,70364,1294.0
California,Buena Park city,"Buena Park city, California",2014,83114,,512.0,57366,1320.0
California,Burbank city,"Burbank city, California",2014,105366,3465.0,729.0,65398,1308.0
California,Camarillo city,"Camarillo city, California",2014,66932,,438.0,85640,1686.0
California,Carlsbad city,"Carlsbad city, California",2014,112310,,186.0,104424,1779.0
California,Carmichael CDP,"Carmichael CDP, California",2014,66493,,1512.0,57856,823.0
California,Carson city,"Carson city, California",2014,93272,612.0,436.0,67435,1340.0
California,Chico city,"Chico city, California",2014,89187,1979.0,822.0,40815,816.0
California,Chino Hills city,"Chino Hills city, California",2014,77005,,228.0,99601,1755.0
California,Chino city,"Chino city, California",2014,84743,,539.0,79218,1324.0
California,Chula Vista city,"Chula Vista city, California",2014,260977,4264.0,1483.0,67911,1331.0
California,Citrus Heights city,"Citrus Heights city, California",2014,86147,,1044.0,50856,904.0
California,Clovis city,"Clovis city, California",2014,102190,,1385.0,60600,895.0
California,Compton city,"Compton city, California",2014,98596,935.0,2772.0,46353,982.0
California,Concord city,"Concord city, California",2014,127511,2487.0,1943.0,69853,1319.0
California,Corona city,"Corona city, California",2014,161498,3866.0,1143.0,69407,1288.0
California,Costa Mesa city,"Costa Mesa city, California",2014,112793,2196.0,1156.0,66820,1481.0
California,Daly City city,"Daly City city, California",2014,106099,1125.0,607.0,80885,1635.0
California,Davis city,"Davis city, California",2014,66733,1662.0,367.0,53678,1160.0
California,Downey city,"Downey city, California",2014,114168,,1728.0,58844,1151.0
California,East Los Angeles CDP,"East Los Angeles CDP, California",2014,117267,817.0,1774.0,38661,901.0
California,El Cajon city,"El Cajon city, California",2014,103075,,3063.0,46556,1028.0
California,El Monte city,"El Monte city, California",2014,116617,1949.0,2367.0,38912,1028.0
California,Elk Grove city,"Elk Grove city, California",2014,163560,5221.0,1581.0,81768,1229.0
California,Escondido city,"Escondido city, California",2014,150252,3790.0,1596.0,52585,1127.0
California,Fairfield city,"Fairfield city, California",2014,111139,1311.0,999.0,70462,1157.0
California,Folsom city,"Folsom city, California",2014,75366,,97.0,100348,1282.0
California,Fontana city,"Fontana city, California",2014,204953,3443.0,2104.0,64399,1069.0
California,Fremont city,"Fremont city, California",2014,228760,4465.0,3452.0,106921,1757.0
California,Fresno city,"Fresno city, California",2014,515985,7459.0,17197.0,39880,753.0
California,Fullerton city,"Fullerton city, California",2014,139663,1789.0,601.0,61159,1305.0
California,Garden Grove city,"Garden Grove city, California",2014,175085,2103.0,980.0,58234,1293.0
California,Glendale city,"Glendale city, California",2014,200161,4861.0,4820.0,51020,1222.0
California,Hawthorne city,"Hawthorne city, California",2014,87591,,1017.0,44362,982.0
California,Hayward city,"Hayward city, California",2014,154633,2340.0,2028.0,66757,1292.0
California,Hemet city,"Hemet city, California",2014,83040,,2591.0,31942,757.0
California,Hesperia city,"Hesperia city, California",2014,92744,,1876.0,46952,826.0
California,Huntington Beach city,"Huntington Beach city, California",2014,200814,4497.0,1304.0,84915,1575.0
California,Indio city,"Indio city, California",2014,85639,,706.0,47280,918.0
California,Inglewood city,"Inglewood city, California",2014,111901,,2134.0,42592,1026.0
California,Irvine city,"Irvine city, California",2014,248521,8925.0,2197.0,90743,1829.0
California,Jurupa Valley city,"Jurupa Valley city, California",2014,98843,,1313.0,57972,1038.0
California,Laguna Niguel city,"Laguna Niguel city, California",2014,65435,,294.0,96732,1826.0
California,Lake Forest city,"Lake Forest city, California",2014,80125,,513.0,96655,1668.0
California,Lakewood city,"Lakewood city, California",2014,81641,,455.0,81106,1489.0
California,Lancaster city,"Lancaster city, California",2014,161036,1224.0,2334.0,45130,950.0
California,Livermore city,"Livermore city, California",2014,86856,2346.0,748.0,87815,1451.0
California,Long Beach city,"Long Beach city, California",2014,473605,9598.0,7971.0,54511,1062.0
California,Los Angeles city,"Los Angeles city, California",2014,3928827,107369.0,55024.0,50544,1108.0
California,Lynwood city,"Lynwood city, California",2014,71846,679.0,1006.0,40672,982.0
California,Manteca city,"Manteca city, California",2014,73477,,447.0,64419,996.0
California,Menifee city,"Menifee city, California",2014,85201,,580.0,58179,1140.0
California,Merced city,"Merced city, California",2014,81739,,2888.0,39450,732.0
California,Milpitas city,"Milpitas city, California",2014,73679,922.0,556.0,102917,1898.0
California,Mission Viejo city,"Mission Viejo city, California",2014,97231,,411.0,103607,1856.0
California,Modesto city,"Modesto city, California",2014,209308,3372.0,4003.0,52186,831.0
California,Moreno Valley city,"Moreno Valley city, California",2014,202978,2623.0,3490.0,54054,1130.0
California,Mountain View city,"Mountain View city, California",2014,79374,1712.0,99.0,100318,1787.0
California,Murrieta city,"Murrieta city, California",2014,108371,,1155.0,76766,1411.0
California,Napa city,"Napa city, California",2014,80009,,498.0,68307,1358.0
California,Newport Beach city,"Newport Beach city, California",2014,87242,,508.0,106801,1946.0
California,Norwalk city,"Norwalk city, California",2014,107111,475.0,757.0,63787,1283.0
California,Oakland city,"Oakland city, California",2014,413782,12778.0,7828.0,56188,1081.0
California,Oceanside city,"Oceanside city, California",2014,174552,4444.0,1700.0,57186,1318.0
California,Ontario city,"Ontario city, California",2014,169085,3139.0,2887.0,52225,1178.0
California,Orange city,"Orange city, California",2014,139826,2189.0,525.0,75803,1513.0
California,Oxnard city,"Oxnard city, California",2014,205434,2777.0,1423.0,59515,1224.0
California,Palmdale city,"Palmdale city, California",2014,158274,1700.0,2371.0,57035,1040.0
California,Palo Alto city,"Palo Alto city, California",2014,66968,2242.0,254.0,151370,2001.0
California,Pasadena city,"Pasadena city, California",2014,140860,5992.0,2206.0,70873,1315.0
California,Perris city,"Perris city, California",2014,73751,,1207.0,49425,1022.0
California,Pittsburg city,"Pittsburg city, California",2014,68122,,1042.0,64442,1247.0
California,Pleasanton city,"Pleasanton city, California",2014,77676,1939.0,336.0,122652,1721.0
California,Pomona city,"Pomona city, California",2014,153381,2446.0,2477.0,46813,1048.0
California,Rancho Cordova city,"Rancho Cordova city, California",2014,69727,,1587.0,60001,849.0
California,Rancho Cucamonga city,"Rancho Cucamonga city, California",2014,174302,3512.0,1138.0,71742,1390.0
California,Redding city,"Redding city, California",2014,91588,,628.0,45133,760.0
California,Redlands city,"Redlands city, California",2014,70618,,942.0,63444,1047.0
California,Redondo Beach city,"Redondo Beach city, California",2014,68146,,418.0,110451,1770.0
California,Redwood City city,"Redwood City city, California",2014,82868,2963.0,288.0,87255,1701.0
California,Rialto city,"Rialto city, California",2014,102740,,2316.0,50647,905.0
California,Richmond city,"Richmond city, California",2014,108562,2373.0,1680.0,55025,1067.0
California,Riverside city,"Riverside city, California",2014,319519,5893.0,3531.0,58368,1075.0
California,Roseville city,"Roseville city, California",2014,128593,,458.0,80658,1205.0
California,Sacramento city,"Sacramento city, California",2014,485193,8518.0,9891.0,48829,877.0
California,Salinas city,"Salinas city, California",2014,156678,1586.0,1011.0,52305,1040.0
California,San Bernardino city,"San Bernardino city, California",2014,215227,3429.0,5269.0,37659,855.0
California,San Buenaventura (Ventura) city,"San Buenaventura (Ventura) city, California",2014,109478,3468.0,628.0,71852,1370.0
California,San Clemente city,"San Clemente city, California",2014,65342,,236.0,98710,1677.0
California,San Diego city,"San Diego city, California",2014,1381083,52723.0,10466.0,67799,1346.0
California,San Francisco city,"San Francisco city, California",2014,852469,33586.0,8630.0,85070,1538.0
California,San Jose city,"San Jose city, California",2014,1015796,18714.0,8692.0,87210,1588.0
California,San Leandro city,"San Leandro city, California",2014,89347,1891.0,590.0,61935,1231.0
California,San Marcos city,"San Marcos city, California",2014,92910,,606.0,66244,1245.0
California,San Mateo city,"San Mateo city, California",2014,102885,2525.0,819.0,101229,1787.0
California,San Ramon city,"San Ramon city, California",2014,75319,3609.0,200.0,135355,1846.0
California,Santa Ana city,"Santa Ana city, California",2014,334924,1985.0,3467.0,50797,1255.0
California,Santa Barbara city,"Santa Barbara city, California",2014,91208,3774.0,336.0,62340,1490.0
California,Santa Clara city,"Santa Clara city, California",2014,122198,4686.0,514.0,91080,1759.0
California,Santa Clarita city,"Santa Clarita city, California",2014,181559,3993.0,964.0,81577,1590.0
California,Santa Maria city,"Santa Maria city, California",2014,103414,818.0,1506.0,52469,1087.0
California,Santa Monica city,"Santa Monica city, California",2014,92989,5854.0,745.0,82096,1560.0
California,Santa Rosa city,"Santa Rosa city, California",2014,174166,5567.0,1393.0,63280,1223.0
California,Simi Valley city,"Simi Valley city, California",2014,126873,3713.0,924.0,82168,1503.0
California,South Gate city,"South Gate city, California",2014,96299,1363.0,1595.0,43160,942.0
California,South San Francisco city,"South San Francisco city, California",2014,67011,593.0,289.0,86191,1464.0
California,Stockton city,"Stockton city, California",2014,302405,2903.0,7209.0,40993,816.0
California,Sunnyvale city,"Sunnyvale city, California",2014,149984,3292.0,1272.0,104681,1825.0
California,Temecula city,"Temecula city, California",2014,109446,,339.0,80753,1374.0
California,Thousand Oaks city,"Thousand Oaks city, California",2014,129344,,680.0,97291,1716.0
California,Torrance city,"Torrance city, California",2014,148483,3613.0,517.0,80198,1503.0
California,Tracy city,"Tracy city, California",2014,85835,1086.0,726.0,77798,1314.0
California,Turlock city,"Turlock city, California",2014,71246,,1572.0,50138,814.0
California,Tustin city,"Tustin city, California",2014,80617,,819.0,67344,1403.0
California,Union City city,"Union City city, California",2014,73608,1155.0,712.0,83861,1571.0
California,Upland city,"Upland city, California",2014,76039,,1146.0,54681,1142.0
California,Vacaville city,"Vacaville city, California",2014,95863,,708.0,70847,1253.0
California,Vallejo city,"Vallejo city, California",2014,120210,2727.0,2408.0,57623,1071.0
California,Victorville city,"Victorville city, California",2014,121911,,3718.0,43589,964.0
California,Visalia city,"Visalia city, California",2014,129280,1848.0,3019.0,49556,758.0
California,Vista city,"Vista city, California",2014,98086,1738.0,1233.0,52486,1240.0
California,Walnut Creek city,"Walnut Creek city, California",2014,67664,,512.0,76311,1591.0
California,West Covina city,"West Covina city, California",2014,108445,1459.0,876.0,66333,1268.0
California,Westminster city,"Westminster city, California",2014,92062,1451.0,946.0,54622,1248.0
California,Whittier city,"Whittier city, California",2014,87348,2062.0,893.0,65489,1147.0
California,Yorba Linda city,"Yorba Linda city, California",2014,67824,,264.0,117368,1573.0
California,Yuba City city,"Yuba City city, California",2014,65775,,399.0,53335,846.0
Colorado,Arvada city,"Arvada city, Colorado",2014,113775,,571.0,72031,968.0
Colorado,Aurora city,"Aurora city, Colorado",2014,353381,5942.0,2958.0,54702,909.0
Colorado,Boulder city,"Boulder city, Colorado",2014,105101,6453.0,385.0,62797,1157.0
Colorado,Centennial city,"Centennial city, Colorado",2014,107193,4896.0,223.0,91354,1163.0
Colorado,Colorado Springs city,"Colorado Springs city, Colorado",2014,445820,10645.0,5615.0,53915,794.0
Colorado,Denver city,"Denver city, Colorado",2014,663862,21675.0,7257.0,54941,907.0
Colorado,Fort Collins city,"Fort Collins city, Colorado",2014,156473,4466.0,1277.0,53181,984.0
Colorado,Greeley city,"Greeley city, Colorado",2014,98593,1002.0,984.0,48873,770.0
Colorado,Highlands Ranch CDP,"Highlands Ranch CDP, Colorado",2014,100192,6485.0,161.0,112929,1581.0
Colorado,Lakewood city,"Lakewood city, Colorado",2014,149650,5139.0,1518.0,54063,913.0
Colorado,Longmont city,"Longmont city, Colorado",2014,90189,,492.0,60640,939.0
Colorado,Loveland city,"Loveland city, Colorado",2014,72647,,525.0,51504,838.0
Colorado,Pueblo city,"Pueblo city, Colorado",2014,108439,,2106.0,34653,570.0
Colorado,Thornton city,"Thornton city, Colorado",2014,130309,,715.0,67169,1072.0
Colorado,Westminster city,"Westminster city, Colorado",2014,112099,,1033.0,66752,1022.0
Connecticut,Bridgeport city,"Bridgeport city, Connecticut",2014,147608,2591.0,2394.0,41846,905.0
Connecticut,Danbury city,"Danbury city, Connecticut",2014,83795,1596.0,576.0,69394,1078.0
Connecticut,Hartford city,"Hartford city, Connecticut",2014,124721,1282.0,8191.0,28826,738.0
Connecticut,New Britain city,"New Britain city, Connecticut",2014,72889,,1582.0,40082,711.0
Connecticut,New Haven city,"New Haven city, Connecticut",2014,130285,2491.0,2034.0,37534,930.0
Connecticut,Norwalk city,"Norwalk city, Connecticut",2014,88144,2389.0,608.0,75285,1171.0
Connecticut,Stamford city,"Stamford city, Connecticut",2014,128283,3493.0,417.0,88686,1557.0
Connecticut,Waterbury city,"Waterbury city, Connecticut",2014,109311,,2604.0,37246,740.0
Delaware,Wilmington city,"Wilmington city, Delaware",2014,71808,,964.0,40998,742.0
District of Columbia,Washington city,"Washington city, District of Columbia",2014,658893,17012.0,10131.0,71648,1267.0
Florida,Alafaya CDP,"Alafaya CDP, Florida",2014,84594.0,,573.0,58199,1105.0
Florida,Boca Raton city,"Boca Raton city, Florida",2014,91321.0,,182.0,77437,1332.0
Florida,Boynton Beach city,"Boynton Beach city, Florida",2014,73121.0,,770.0,44529,1118.0
Florida,Brandon CDP,"Brandon CDP, Florida",2014,105125.0,,1136.0,55686,955.0
Florida,Cape Coral city,"Cape Coral city, Florida",2014,169855.0,,932.0,50931,850.0
Florida,Clearwater city,"Clearwater city, Florida",2014,110709.0,2976.0,871.0,44617,810.0
Florida,Coral Springs city,"Coral Springs city, Florida",2014,127963.0,,234.0,74321,1165.0
Florida,Davie town,"Davie town, Florida",2014,98905.0,,378.0,57465,1092.0
Florida,Deerfield Beach city,"Deerfield Beach city, Florida",2014,78898.0,,389.0,36493,1066.0
Florida,Delray Beach city,"Delray Beach city, Florida",2014,65054.0,,265.0,48174,1051.0
Florida,Deltona city,"Deltona city, Florida",2014,86907.0,,1171.0,37703,865.0
Florida,Fort Lauderdale city,"Fort Lauderdale city, Florida",2014,176018.0,5250.0,1832.0,46829,924.0
Florida,Fort Myers city,"Fort Myers city, Florida",2014,70916.0,,318.0,41563,672.0
Florida,Gainesville city,"Gainesville city, Florida",2014,128474.0,1938.0,321.0,33312,674.0
Florida,Hialeah city,"Hialeah city, Florida",2014,235566.0,9409.0,1718.0,29165,897.0
Florida,Hollywood city,"Hollywood city, Florida",2014,148040.0,3818.0,2135.0,45268,974.0
Florida,Homestead city,"Homestead city, Florida",2014,65514.0,,528.0,36646,952.0
Florida,Jacksonville city,"Jacksonville city, Florida",2014,853376.0,17246.0,9606.0,44591,765.0
Florida,Kendall CDP,"Kendall CDP, Florida",2014,79143.0,,298.0,60679,1196.0
Florida,Kissimmee city,"Kissimmee city, Florida",2014,66729.0,,326.0,35246,792.0
Florida,Lakeland city,"Lakeland city, Florida",2014,102335.0,,921.0,38195,724.0
Florida,Largo city,"Largo city, Florida",2014,79028.0,,1118.0,37363,746.0
Florida,Lauderhill city,"Lauderhill city, Florida",2014,70636.0,,293.0,40810,875.0
Florida,Lehigh Acres CDP,"Lehigh Acres CDP, Florida",2014,111416.0,,660.0,41190,718.0
Florida,Melbourne city,"Melbourne city, Florida",2014,78486.0,,1006.0,41816,733.0
Florida,Miami Beach city,"Miami Beach city, Florida",2014,91721.0,4142.0,480.0,47756,1059.0
Florida,Miami Gardens city,"Miami Gardens city, Florida",2014,112270.0,,1033.0,38150,909.0
Florida,Miami city,"Miami city, Florida",2014,430341.0,7820.0,3027.0,31917,874.0
Florida,Miramar city,"Miramar city, Florida",2014,134991.0,,1209.0,67921,1227.0
Florida,Orlando city,"Orlando city, Florida",2014,262396.0,6909.0,2867.0,41081,844.0
Florida,Palm Bay city,"Palm Bay city, Florida",2014,105845.0,,1140.0,43043,825.0
Florida,Palm Coast city,"Palm Coast city, Florida",2014,82388.0,,844.0,51003,861.0
Florida,Pembroke Pines city,"Pembroke Pines city, Florida",2014,164625.0,,606.0,61495,1293.0
Florida,Pine Hills CDP,"Pine Hills CDP, Florida",2014,76021.0,,756.0,36219,749.0
Florida,Plantation city,"Plantation city, Florida",2014,91454.0,,382.0,65152,1275.0
Florida,Pompano Beach city,"Pompano Beach city, Florida",2014,106115.0,1758.0,477.0,42061,931.0
Florida,Port St. Lucie city,"Port St. Lucie city, Florida",2014,174093.0,,1018.0,47129,986.0
Florida,Riverview CDP,"Riverview CDP, Florida",2014,81226.0,,591.0,54502,975.0
Florida,Spring Hill CDP,"Spring Hill CDP, Florida",2014,98950.0,,1071.0,41777,755.0
Florida,St. Petersburg city,"St. Petersburg city, Florida",2014,253682.0,5480.0,2390.0,46048,798.0
Florida,Sunrise city,"Sunrise city, Florida",2014,91256.0,,473.0,51190,1194.0
Florida,Tallahassee city,"Tallahassee city, Florida",2014,188106.0,2543.0,1236.0,38085,746.0
Florida,Tampa city,"Tampa city, Florida",2014,358684.0,10340.0,7930.0,45709,819.0
Florida,The Villages CDP,"The Villages CDP, Florida",2014,,,0.0,53261,1368.0
Florida,Town 'n' Country CDP,"Town 'n' Country CDP, Florida",2014,87874.0,,2828.0,52253,887.0
Florida,West Palm Beach city,"West Palm Beach city, Florida",2014,104017.0,,676.0,41792,936.0
Florida,Weston city,"Weston city, Florida",2014,69091.0,,321.0,84993,1751.0
Georgia,Albany city,"Albany city, Georgia",2014,73016,,659.0,29613,477.0
Georgia,Athens-Clarke County unified government (balance),"Athens-Clarke County unified government (balance), Georgia",2014,119841,1580.0,712.0,29912,651.0
Georgia,Atlanta city,"Atlanta city, Georgia",2014,456012,15150.0,4500.0,46777,789.0
Georgia,Augusta-Richmond County consolidated government (balance),"Augusta-Richmond County consolidated government (balance), Georgia",2014,197465,,1555.0,35830,584.0
Georgia,Columbus city,"Columbus city, Georgia",2014,200887,3031.0,1102.0,42176,634.0
Georgia,Johns Creek city,"Johns Creek city, Georgia",2014,83108,,249.0,99930,1205.0
Georgia,Macon-Bibb County,"Macon-Bibb County, Georgia",2014,153633,1753.0,894.0,35427,561.0
Georgia,Roswell city,"Roswell city, Georgia",2014,94073,,126.0,80125,893.0
Georgia,Sandy Springs city,"Sandy Springs city, Georgia",2014,101914,,230.0,64049,893.0
Georgia,Savannah city,"Savannah city, Georgia",2014,144355,1932.0,408.0,38168,688.0
Georgia,Warner Robins city,"Warner Robins city, Georgia",2014,73060,,446.0,44023,651.0
Hawaii,Urban Honolulu CDP,"Urban Honolulu CDP, Hawaii",2014,350403,5576.0,4551.0,61827,1229.0
Idaho,Boise City city,"Boise City city, Idaho",2014,216280,4091.0,2448.0,51750,718.0
Idaho,Meridian city,"Meridian city, Idaho",2014,87739,,893.0,59080,788.0
Idaho,Nampa city,"Nampa city, Idaho",2014,88208,,1042.0,41297,656.0
Illinois,Arlington Heights village,"Arlington Heights village, Illinois",2014,74445,,522.0,78988,1174.0
Illinois,Aurora city,"Aurora city, Illinois",2014,200708,4252.0,1121.0,68304,939.0
Illinois,Bloomington city,"Bloomington city, Illinois",2014,78743,626.0,1087.0,59614,643.0
Illinois,Bolingbrook village,"Bolingbrook village, Illinois",2014,73414,,203.0,73333,1151.0
Illinois,Champaign city,"Champaign city, Illinois",2014,84520,2601.0,424.0,46817,733.0
Illinois,Chicago city,"Chicago city, Illinois",2014,2722407,55005.0,34107.0,48734,848.0
Illinois,Cicero town,"Cicero town, Illinois",2014,84359,313.0,1076.0,42135,728.0
Illinois,Decatur city,"Decatur city, Illinois",2014,73081,,713.0,40071,475.0
Illinois,Elgin city,"Elgin city, Illinois",2014,116548,1643.0,663.0,60810,883.0
Illinois,Evanston city,"Evanston city, Illinois",2014,75657,3152.0,527.0,73671,1170.0
Illinois,Joliet city,"Joliet city, Illinois",2014,146578,1863.0,961.0,60894,793.0
Illinois,Naperville city,"Naperville city, Illinois",2014,145396,6567.0,444.0,104419,1215.0
Illinois,Palatine village,"Palatine village, Illinois",2014,69357,,162.0,70328,981.0
Illinois,Peoria city,"Peoria city, Illinois",2014,117288,1069.0,2019.0,49840,593.0
Illinois,Rockford city,"Rockford city, Illinois",2014,148996,2811.0,2114.0,37172,591.0
Illinois,Schaumburg village,"Schaumburg village, Illinois",2014,75287,,307.0,71946,1204.0
Illinois,Skokie village,"Skokie village, Illinois",2014,65128,1616.0,569.0,76867,974.0
Illinois,Springfield city,"Springfield city, Illinois",2014,116649,1630.0,1568.0,48896,568.0
Illinois,Waukegan city,"Waukegan city, Illinois",2014,88998,1422.0,1443.0,46211,802.0
Indiana,Bloomington city,"Bloomington city, Indiana",2014,83423,,399.0,31341,712.0
Indiana,Carmel city,"Carmel city, Indiana",2014,87015,,136.0,109375,972.0
Indiana,Evansville city,"Evansville city, Indiana",2014,121299,,1548.0,35325,537.0
Indiana,Fishers town,"Fishers town, Indiana",2014,84967,,197.0,91262,931.0
Indiana,Fort Wayne city,"Fort Wayne city, Indiana",2014,256023,4771.0,2739.0,43257,532.0
Indiana,Gary city,"Gary city, Indiana",2014,71180,,1445.0,26367,553.0
Indiana,Hammond city,"Hammond city, Indiana",2014,78383,,936.0,43283,692.0
Indiana,Indianapolis city (balance),"Indianapolis city (balance), Indiana",2014,851353,12442.0,7214.0,42370,635.0
Indiana,Lafayette city,"Lafayette city, Indiana",2014,67012,,758.0,39655,617.0
Indiana,Muncie city,"Muncie city, Indiana",2014,70580,,525.0,32990,540.0
Indiana,South Bend city,"South Bend city, Indiana",2014,103019,1232.0,781.0,35372,544.0
Iowa,Cedar Rapids city,"Cedar Rapids city, Iowa",2014,129183,1417.0,1922.0,60845,558.0
Iowa,Davenport city,"Davenport city, Iowa",2014,102431,2428.0,1154.0,48505,625.0
Iowa,Des Moines city,"Des Moines city, Iowa",2014,209064,3367.0,3663.0,47888,675.0
Iowa,Iowa City city,"Iowa City city, Iowa",2014,73424,,471.0,43736,819.0
Iowa,Sioux City city,"Sioux City city, Iowa",2014,81392,,1095.0,42665,535.0
Iowa,Waterloo city,"Waterloo city, Iowa",2014,68365,,814.0,45516,579.0
Kansas,Kansas City city,"Kansas City city, Kansas",2014,148323,1577.0,1915.0,35724,561.0
Kansas,Lawrence city,"Lawrence city, Kansas",2014,91282,,1079.0,42989,685.0
Kansas,Olathe city,"Olathe city, Kansas",2014,133059,,516.0,77008,780.0
Kansas,Overland Park city,"Overland Park city, Kansas",2014,184524,,611.0,73441,854.0
Kansas,Topeka city,"Topeka city, Kansas",2014,127223,812.0,832.0,45291,583.0
Kansas,Wichita city,"Wichita city, Kansas",2014,388413,4484.0,3622.0,45477,548.0
Kentucky,Lexington-Fayette urban county,"Lexington-Fayette urban county, Kentucky",2014,310797,5837.0,1910.0,47968,627.0
Kentucky,Louisville/Jefferson County metro government (balance),"Louisville/Jefferson County metro government (balance), Kentucky",2014,612775,9807.0,8566.0,45503,589.0
Louisiana,Baton Rouge city,"Baton Rouge city, Louisiana",2014,228909,2846.0,746.0,38085,663.0
Louisiana,Bossier City city,"Bossier City city, Louisiana",2014,67453,,487.0,49195,741.0
Louisiana,Kenner city,"Kenner city, Louisiana",2014,67058,,506.0,52219,827.0
Louisiana,Lafayette city,"Lafayette city, Louisiana",2014,126068,,279.0,47521,666.0
Louisiana,Lake Charles city,"Lake Charles city, Louisiana",2014,74875,,860.0,35017,616.0
Louisiana,Metairie CDP,"Metairie CDP, Louisiana",2014,144239,,690.0,50749,766.0
Louisiana,New Orleans city,"New Orleans city, Louisiana",2014,384320,6968.0,3169.0,35504,749.0
Louisiana,Shreveport city,"Shreveport city, Louisiana",2014,197979,,1603.0,36968,644.0
Maryland,Baltimore city,"Baltimore city, Maryland",2014,622793,8023.0,14126.0,42665,812.0
Maryland,Bethesda CDP,"Bethesda CDP, Maryland",2014,62097,3393.0,84.0,149623,1749.0
Maryland,Columbia CDP,"Columbia CDP, Maryland",2014,97728,1951.0,584.0,99719,1454.0
Maryland,Ellicott City CDP,"Ellicott City CDP, Maryland",2014,72295,,582.0,114801,1537.0
Maryland,Frederick city,"Frederick city, Maryland",2014,68404,,663.0,69476,1147.0
Maryland,Gaithersburg city,"Gaithersburg city, Maryland",2014,66807,1664.0,835.0,79988,1434.0
Maryland,Germantown CDP,"Germantown CDP, Maryland",2014,85021,2338.0,1085.0,82527,1373.0
Maryland,Glen Burnie CDP,"Glen Burnie CDP, Maryland",2014,69906,,626.0,62440,1048.0
Maryland,Rockville city,"Rockville city, Maryland",2014,65941,1658.0,557.0,90606,1711.0
Maryland,Silver Spring CDP,"Silver Spring CDP, Maryland",2014,77726,1748.0,260.0,72412,1417.0
Maryland,Waldorf CDP,"Waldorf CDP, Maryland",2014,72048,,491.0,80069,1411.0
Massachusetts,Boston city,"Boston city, Massachusetts",2014,656051,11374.0,9385.0,56902,1201.0
Massachusetts,Brockton city,"Brockton city, Massachusetts",2014,94780,817.0,2018.0,44084,897.0
Massachusetts,Cambridge city,"Cambridge city, Massachusetts",2014,109699,4745.0,1214.0,84249,1636.0
Massachusetts,Fall River city,"Fall River city, Massachusetts",2014,88705,,1581.0,35037,600.0
Massachusetts,Framingham CDP,"Framingham CDP, Massachusetts",2014,70744,,1150.0,64213,1119.0
Massachusetts,Lawrence city,"Lawrence city, Massachusetts",2014,78192,1468.0,2165.0,38186,849.0
Massachusetts,Lowell city,"Lowell city, Massachusetts",2014,109931,2117.0,2887.0,43620,899.0
Massachusetts,Lynn city,"Lynn city, Massachusetts",2014,92137,2404.0,1948.0,52481,839.0
Massachusetts,New Bedford city,"New Bedford city, Massachusetts",2014,94855,1149.0,2493.0,39387,615.0
Massachusetts,Newton city,"Newton city, Massachusetts",2014,88298,4212.0,387.0,102796,1533.0
Massachusetts,Quincy city,"Quincy city, Massachusetts",2014,93391,441.0,926.0,68409,1208.0
Massachusetts,Somerville city,"Somerville city, Massachusetts",2014,78903,2636.0,442.0,74048,1383.0
Massachusetts,Springfield city,"Springfield city, Massachusetts",2014,153994,,4238.0,33425,722.0
Massachusetts,Worcester city,"Worcester city, Massachusetts",2014,183033,3227.0,3197.0,46449,832.0
Michigan,Ann Arbor city,"Ann Arbor city, Michigan",2014,117759,4139.0,673.0,60337,999.0
Michigan,Dearborn city,"Dearborn city, Michigan",2014,95546,,1669.0,44543,744.0
Michigan,Detroit city,"Detroit city, Michigan",2014,680281,6799.0,13745.0,25769,557.0
Michigan,Farmington Hills city,"Farmington Hills city, Michigan",2014,81440,,500.0,70757,881.0
Michigan,Flint city,"Flint city, Michigan",2014,98990,,6541.0,26179,475.0
Michigan,Grand Rapids city,"Grand Rapids city, Michigan",2014,193793,3329.0,3549.0,39056,661.0
Michigan,Kalamazoo city,"Kalamazoo city, Michigan",2014,75909,,1395.0,31734,615.0
Michigan,Lansing city,"Lansing city, Michigan",2014,113659,1345.0,2550.0,36567,626.0
Michigan,Livonia city,"Livonia city, Michigan",2014,94959,,562.0,68668,845.0
Michigan,Rochester Hills city,"Rochester Hills city, Michigan",2014,73120,,526.0,90064,1131.0
Michigan,Southfield city,"Southfield city, Michigan",2014,73001,,852.0,49010,856.0
Michigan,Sterling Heights city,"Sterling Heights city, Michigan",2014,131729,,1184.0,59011,798.0
Michigan,Troy city,"Troy city, Michigan",2014,83120,,240.0,83921,954.0
Michigan,Warren city,"Warren city, Michigan",2014,135099,,1805.0,43060,719.0
Michigan,Westland city,"Westland city, Michigan",2014,82318,,496.0,42166,658.0
Michigan,Wyoming city,"Wyoming city, Michigan",2014,74820,,938.0,47751,644.0
Minnesota,Bloomington city,"Bloomington city, Minnesota",2014,86319,,1364.0,64115,902.0
Minnesota,Brooklyn Park city,"Brooklyn Park city, Minnesota",2014,78741,,2465.0,60179,809.0
Minnesota,Duluth city,"Duluth city, Minnesota",2014,86242,,1875.0,42616,708.0
Minnesota,Eagan city,"Eagan city, Minnesota",2014,66087,,661.0,78884,953.0
Minnesota,Maple Grove city,"Maple Grove city, Minnesota",2014,66949,,633.0,89339,1229.0
Minnesota,Minneapolis city,"Minneapolis city, Minnesota",2014,407181,10613.0,13419.0,50791,813.0
Minnesota,Plymouth city,"Plymouth city, Minnesota",2014,75065,,453.0,81377,1066.0
Minnesota,Rochester city,"Rochester city, Minnesota",2014,111398,1699.0,1407.0,64726,779.0
Minnesota,St. Cloud city,"St. Cloud city, Minnesota",2014,64221,,1607.0,46638,620.0
Minnesota,St. Paul city,"St. Paul city, Minnesota",2014,297644,9168.0,9300.0,48855,747.0
Minnesota,Woodbury city,"Woodbury city, Minnesota",2014,66799,,108.0,94155,1266.0
Mississippi,Gulfport city,"Gulfport city, Mississippi",2014,71747,,753.0,30737,605.0
Mississippi,Jackson city,"Jackson city, Mississippi",2014,171146,,3805.0,34039,578.0
Missouri,Columbia city,"Columbia city, Missouri",2014,116892,3502.0,222.0,46624,670.0
Missouri,Independence city,"Independence city, Missouri",2014,117503,,1400.0,44769,581.0
Missouri,Kansas City city,"Kansas City city, Missouri",2014,470816,11423.0,5491.0,44173,633.0
Missouri,Lee's Summit city,"Lee's Summit city, Missouri",2014,94627,,349.0,78187,790.0
Missouri,O'Fallon city,"O'Fallon city, Missouri",2014,83999,,190.0,80472,843.0
Missouri,Springfield city,"Springfield city, Missouri",2014,165399,2637.0,1831.0,32030,554.0
Missouri,St. Charles city,"St. Charles city, Missouri",2014,68087,,456.0,57809,745.0
Missouri,St. Joseph city,"St. Joseph city, Missouri",2014,76529,,1055.0,44607,515.0
Missouri,St. Louis city,"St. Louis city, Missouri",2014,317419,4932.0,4609.0,35959,568.0
Montana,Billings city,"Billings city, Montana",2014,108870,1814.0,972.0,50202,676.0
Montana,Missoula city,"Missoula city, Montana",2014,69824,2097.0,562.0,40255,680.0
Nebraska,Lincoln city,"Lincoln city, Nebraska",2014,273002,4176.0,4925.0,50241,637.0
Nebraska,Omaha city,"Omaha city, Nebraska",2014,446618,5401.0,3378.0,48410,673.0
Nevada,Enterprise CDP,"Enterprise CDP, Nevada",2014,126438,2723.0,683.0,64134,1088.0
Nevada,Henderson city,"Henderson city, Nevada",2014,277458,5092.0,1701.0,62592,942.0
Nevada,Las Vegas city,"Las Vegas city, Nevada",2014,613590,8122.0,7130.0,50291,807.0
Nevada,North Las Vegas city,"North Las Vegas city, Nevada",2014,230793,2756.0,4135.0,51992,882.0
Nevada,Paradise CDP,"Paradise CDP, Nevada",2014,237477,2539.0,3046.0,44740,744.0
Nevada,Reno city,"Reno city, Nevada",2014,236995,4095.0,3088.0,45663,748.0
Nevada,Sparks city,"Sparks city, Nevada",2014,94704,,448.0,55607,801.0
Nevada,Spring Valley CDP,"Spring Valley CDP, Nevada",2014,192113,2774.0,1223.0,49605,883.0
Nevada,Sunrise Manor CDP,"Sunrise Manor CDP, Nevada",2014,189229,1351.0,3260.0,36920,697.0
New Hampshire,Manchester city,"Manchester city, New Hampshire",2014,110451,,1961.0,53082,889.0
New Hampshire,Nashua city,"Nashua city, New Hampshire",2014,87258,,628.0,70521,1050.0
New Jersey,Bayonne city,"Bayonne city, New Jersey",2014,65984,1161.0,513.0,51839,1020.0
New Jersey,Camden city,"Camden city, New Jersey",2014,77317,,1366.0,28918,705.0
New Jersey,Clifton city,"Clifton city, New Jersey",2014,85920,1839.0,227.0,67191,1165.0
New Jersey,East Orange city,"East Orange city, New Jersey",2014,65095,379.0,1572.0,36523,902.0
New Jersey,Elizabeth city,"Elizabeth city, New Jersey",2014,128695,1187.0,1526.0,43660,945.0
New Jersey,Jersey City city,"Jersey City city, New Jersey",2014,262146,3804.0,4168.0,60497,1073.0
New Jersey,Newark city,"Newark city, New Jersey",2014,280577,2067.0,10718.0,35947,859.0
New Jersey,Passaic city,"Passaic city, New Jersey",2014,71517,949.0,1160.0,30043,1005.0
New Jersey,Paterson city,"Paterson city, New Jersey",2014,146746,1105.0,3140.0,35689,966.0
New Jersey,Toms River CDP,"Toms River CDP, New Jersey",2014,89490,,485.0,72236,1327.0
New Jersey,Trenton city,"Trenton city, New Jersey",2014,84047,,1768.0,31859,825.0
New Jersey,Union City city,"Union City city, New Jersey",2014,68673,1443.0,597.0,37314,1001.0
New Mexico,Albuquerque city,"Albuquerque city, New Mexico",2014,557172,9308.0,4336.0,46433,704.0
New Mexico,Las Cruces city,"Las Cruces city, New Mexico",2014,101405,,284.0,41442,659.0
New Mexico,Rio Rancho city,"Rio Rancho city, New Mexico",2014,93011,,548.0,60246,834.0
New Mexico,Santa Fe city,"Santa Fe city, New Mexico",2014,70291,2073.0,446.0,49380,872.0
New York,Albany city,"Albany city, New York",2014,98566,1242.0,1501.0,44268,775.0
New York,Brentwood CDP,"Brentwood CDP, New York",2014,68580,,462.0,65032,1165.0
New York,Buffalo city,"Buffalo city, New York",2014,258699,3784.0,6522.0,31919,544.0
New York,Cheektowaga CDP,"Cheektowaga CDP, New York",2014,73556,,950.0,46449,660.0
New York,Mount Vernon city,"Mount Vernon city, New York",2014,68455,588.0,661.0,47414,1136.0
New York,New Rochelle city,"New Rochelle city, New York",2014,79630,1989.0,627.0,72353,1292.0
New York,New York city,"New York city, New York",2014,8491079,151786.0,136574.0,52996,1160.0
New York,Rochester city,"Rochester city, New York",2014,209974,1423.0,10720.0,29527,652.0
New York,Schenectady city,"Schenectady city, New York",2014,65930,,2253.0,42555,667.0
New York,Syracuse city,"Syracuse city, New York",2014,144263,1879.0,5385.0,31270,619.0
New York,Yonkers city,"Yonkers city, New York",2014,200665,1980.0,2963.0,58154,1126.0
North Carolina,Asheville city,"Asheville city, North Carolina",2014,87884,,847.0,45659,795.0
North Carolina,Cary town,"Cary town, North Carolina",2014,155724,,732.0,92000,884.0
North Carolina,Charlotte city,"Charlotte city, North Carolina",2014,809974,21459.0,4693.0,55178,803.0
North Carolina,Concord city,"Concord city, North Carolina",2014,85571,,517.0,51916,628.0
North Carolina,Durham city,"Durham city, North Carolina",2014,251872,4916.0,1645.0,48731,758.0
North Carolina,Fayetteville city,"Fayetteville city, North Carolina",2014,203939,2703.0,1004.0,41455,692.0
North Carolina,Gastonia city,"Gastonia city, North Carolina",2014,73696,,483.0,36672,557.0
North Carolina,Greensboro city,"Greensboro city, North Carolina",2014,282558,5814.0,2467.0,41181,643.0
North Carolina,Greenville city,"Greenville city, North Carolina",2014,89850,,509.0,35396,568.0
North Carolina,High Point city,"High Point city, North Carolina",2014,107957,,722.0,41524,607.0
North Carolina,Jacksonville city,"Jacksonville city, North Carolina",2014,69031,,487.0,38020,744.0
North Carolina,Raleigh city,"Raleigh city, North Carolina",2014,439884,14608.0,2432.0,53475,801.0
North Carolina,Wilmington city,"Wilmington city, North Carolina",2014,113676,5093.0,443.0,43659,709.0
North Carolina,Winston-Salem city,"Winston-Salem city, North Carolina",2014,239273,4305.0,1350.0,40869,584.0
North Dakota,Bismarck city,"Bismarck city, North Dakota",2014,67666,,844.0,60752,713.0
North Dakota,Fargo city,"Fargo city, North Dakota",2014,116572,,2841.0,45929,650.0
Ohio,Akron city,"Akron city, Ohio",2014,197846,1632.0,6560.0,34781,566.0
Ohio,Canton city,"Canton city, Ohio",2014,72274,,4493.0,29497,478.0
Ohio,Cincinnati city,"Cincinnati city, Ohio",2014,298162,5124.0,8288.0,32688,538.0
Ohio,Cleveland city,"Cleveland city, Ohio",2014,389524,4049.0,9218.0,24701,522.0
Ohio,Columbus city,"Columbus city, Ohio",2014,836293,13542.0,12642.0,46481,681.0
Ohio,Dayton city,"Dayton city, Ohio",2014,140995,1155.0,3200.0,26131,479.0
Ohio,Lorain city,"Lorain city, Ohio",2014,63774,,1239.0,36266,543.0
Ohio,Parma city,"Parma city, Ohio",2014,80023,,642.0,49011,668.0
Ohio,Toledo city,"Toledo city, Ohio",2014,281014,2209.0,4734.0,33196,507.0
Ohio,Youngstown city,"Youngstown city, Ohio",2014,65051,,1882.0,22321,458.0
Oklahoma,Broken Arrow city,"Broken Arrow city, Oklahoma",2014,106226,,719.0,71348,808.0
Oklahoma,Edmond city,"Edmond city, Oklahoma",2014,88594,,318.0,71982,819.0
Oklahoma,Lawton city,"Lawton city, Oklahoma",2014,97017,,1304.0,41648,601.0
Oklahoma,Norman city,"Norman city, Oklahoma",2014,118046,,1250.0,52240,637.0
Oklahoma,Oklahoma City city,"Oklahoma City city, Oklahoma",2014,620553,12105.0,8060.0,49119,608.0
Oklahoma,Tulsa city,"Tulsa city, Oklahoma",2014,399274,7492.0,4166.0,42803,600.0
Oregon,Beaverton city,"Beaverton city, Oregon",2014,95113,2457.0,1555.0,58546,970.0
Oregon,Bend city,"Bend city, Oregon",2014,84075,,444.0,56419,868.0
Oregon,Eugene city,"Eugene city, Oregon",2014,160552,4750.0,1820.0,45030,812.0
Oregon,Gresham city,"Gresham city, Oregon",2014,109877,2687.0,2706.0,47531,815.0
Oregon,Hillsboro city,"Hillsboro city, Oregon",2014,99374,1793.0,1287.0,68969,977.0
Oregon,Medford city,"Medford city, Oregon",2014,78560,,1907.0,43487,730.0
Oregon,Portland city,"Portland city, Oregon",2014,619445,24681.0,10014.0,54624,888.0
Oregon,Salem city,"Salem city, Oregon",2014,161648,3783.0,3416.0,49055,676.0
Pennsylvania,Allentown city,"Allentown city, Pennsylvania",2014,119105,2032.0,2115.0,39549,709.0
Pennsylvania,Bethlehem city,"Bethlehem city, Pennsylvania",2014,78759,,3714.0,50091,808.0
Pennsylvania,Erie city,"Erie city, Pennsylvania",2014,99466,1611.0,2186.0,32722,511.0
Pennsylvania,Philadelphia city,"Philadelphia city, Pennsylvania",2014,1560297,18491.0,46005.0,39043,760.0
Pennsylvania,Pittsburgh city,"Pittsburgh city, Pennsylvania",2014,305434,5405.0,4611.0,41074,680.0
Pennsylvania,Reading city,"Reading city, Pennsylvania",2014,87809,406.0,2238.0,27646,591.0
Pennsylvania,Scranton city,"Scranton city, Pennsylvania",2014,75278,,1103.0,36120,602.0
Rhode Island,Cranston city,"Cranston city, Rhode Island",2014,81029,,1035.0,51520,802.0
Rhode Island,Pawtucket city,"Pawtucket city, Rhode Island",2014,71490,,1002.0,41149,729.0
Rhode Island,Providence city,"Providence city, Rhode Island",2014,179142,4879.0,2965.0,37420,749.0
Rhode Island,Warwick city,"Warwick city, Rhode Island",2014,81964,,1172.0,64455,978.0
South Carolina,Charleston city,"Charleston city, South Carolina",2014,130750,3714.0,482.0,56196,899.0
South Carolina,Columbia city,"Columbia city, South Carolina",2014,131758,2588.0,644.0,40356,671.0
South Carolina,Mount Pleasant town,"Mount Pleasant town, South Carolina",2014,77787,,172.0,82358,1190.0
South Carolina,North Charleston city,"North Charleston city, South Carolina",2014,107972,1080.0,502.0,38472,708.0
South Carolina,Rock Hill city,"Rock Hill city, South Carolina",2014,69967,,247.0,38746,665.0
South Dakota,Rapid City city,"Rapid City city, South Dakota",2014,72642,,434.0,43961,697.0
South Dakota,Sioux Falls city,"Sioux Falls city, South Dakota",2014,168604,2018.0,2407.0,54360,638.0
Tennessee,Chattanooga city,"Chattanooga city, Tennessee",2014,173778,3449.0,3875.0,41456,603.0
Tennessee,Clarksville city,"Clarksville city, Tennessee",2014,146814,1164.0,1629.0,48347,691.0
Tennessee,Franklin city,"Franklin city, Tennessee",2014,70613,,264.0,80536,1132.0
Tennessee,Jackson city,"Jackson city, Tennessee",2014,67308,,1171.0,39478,519.0
Tennessee,Johnson City city,"Johnson City city, Tennessee",2014,65820,,410.0,36154,562.0
Tennessee,Knoxville city,"Knoxville city, Tennessee",2014,184292,2838.0,3195.0,31048,585.0
Tennessee,Memphis city,"Memphis city, Tennessee",2014,656876,6327.0,6136.0,34704,624.0
Tennessee,Murfreesboro city,"Murfreesboro city, Tennessee",2014,120960,,1648.0,49455,775.0
Tennessee,Nashville-Davidson metropolitan government (balance),"Nashville-Davidson metropolitan government (balance), Tennessee",2014,644008,16934.0,16904.0,47211,737.0
Texas,Abilene city,"Abilene city, Texas",2014,120176,2422.0,542.0,43198,626.0
Texas,Allen city,"Allen city, Texas",2014,94170,,238.0,102466,1082.0
Texas,Amarillo city,"Amarillo city, Texas",2014,200246,1968.0,688.0,50003,645.0
Texas,Arlington city,"Arlington city, Texas",2014,383202,7302.0,1765.0,52141,719.0
Texas,Atascocita CDP,"Atascocita CDP, Texas",2014,73017,,135.0,87449,1050.0
Texas,Austin city,"Austin city, Texas",2014,912798,35450.0,4306.0,58458,913.0
Texas,Baytown city,"Baytown city, Texas",2014,75670,,681.0,48742,676.0
Texas,Beaumont city,"Beaumont city, Texas",2014,117576,,281.0,40113,587.0
Texas,Brownsville city,"Brownsville city, Texas",2014,183016,2014.0,1272.0,32377,503.0
Texas,Bryan city,"Bryan city, Texas",2014,80916,,582.0,43181,624.0
Texas,Carrollton city,"Carrollton city, Texas",2014,128342,3198.0,673.0,69505,859.0
Texas,College Station city,"College Station city, Texas",2014,103486,925.0,309.0,36362,768.0
Texas,Conroe city,"Conroe city, Texas",2014,65873,,251.0,47309,758.0
Texas,Corpus Christi city,"Corpus Christi city, Texas",2014,320431,2270.0,2215.0,52066,749.0
Texas,Dallas city,"Dallas city, Texas",2014,1281031,25130.0,6755.0,43003,724.0
Texas,Denton city,"Denton city, Texas",2014,128200,1990.0,633.0,47052,764.0
Texas,Edinburg city,"Edinburg city, Texas",2014,83017,,526.0,42015,538.0
Texas,El Paso city,"El Paso city, Texas",2014,679024,8317.0,7643.0,41221,645.0
Texas,Flower Mound town,"Flower Mound town, Texas",2014,69419,,157.0,125378,1241.0
Texas,Fort Worth city,"Fort Worth city, Texas",2014,812553,12278.0,3328.0,52273,718.0
Texas,Frisco city,"Frisco city, Texas",2014,145038,,176.0,115603,1055.0
Texas,Garland city,"Garland city, Texas",2014,235597,2833.0,1405.0,53675,794.0
Texas,Grand Prairie city,"Grand Prairie city, Texas",2014,185415,3159.0,839.0,57455,765.0
Texas,Harlingen city,"Harlingen city, Texas",2014,65914,,758.0,33584,560.0
Texas,Houston city,"Houston city, Texas",2014,2240796,32487.0,11207.0,45460,733.0
Texas,Irving city,"Irving city, Texas",2014,232413,4498.0,4015.0,48042,792.0
Texas,Killeen city,"Killeen city, Texas",2014,138143,,796.0,51274,705.0
Texas,Laredo city,"Laredo city, Texas",2014,253747,2298.0,1381.0,39501,593.0
Texas,League City city,"League City city, Texas",2014,94287,,0.0,98578,1080.0
Texas,Lewisville city,"Lewisville city, Texas",2014,102283,,277.0,55274,865.0
Texas,Longview city,"Longview city, Texas",2014,84313,,512.0,47612,630.0
Texas,Lubbock city,"Lubbock city, Texas",2014,243843,3734.0,754.0,44167,654.0
Texas,McAllen city,"McAllen city, Texas",2014,138584,,717.0,48929,580.0
Texas,McKinney city,"McKinney city, Texas",2014,156753,,490.0,79346,894.0
Texas,Mesquite city,"Mesquite city, Texas",2014,144289,1145.0,767.0,51936,795.0
Texas,Midland city,"Midland city, Texas",2014,128037,,706.0,79904,1089.0
Texas,Mission city,"Mission city, Texas",2014,82429,,113.0,44684,617.0
Texas,Missouri City city,"Missouri City city, Texas",2014,75128,,131.0,90990,1143.0
Texas,New Braunfels city,"New Braunfels city, Texas",2014,65714,,116.0,62628,847.0
Texas,North Richland Hills city,"North Richland Hills city, Texas",2014,68527,,365.0,62149,832.0
Texas,Odessa city,"Odessa city, Texas",2014,116394,,1084.0,63424,948.0
Texas,Pasadena city,"Pasadena city, Texas",2014,153914,,552.0,48894,698.0
Texas,Pearland city,"Pearland city, Texas",2014,104759,,96.0,101211,1068.0
Texas,Pharr city,"Pharr city, Texas",2014,75381,,420.0,37454,581.0
Texas,Plano city,"Plano city, Texas",2014,277910,11280.0,692.0,81571,988.0
Texas,Richardson city,"Richardson city, Texas",2014,108609,4851.0,89.0,71999,985.0
Texas,Round Rock city,"Round Rock city, Texas",2014,112196,,624.0,73098,880.0
Texas,San Angelo city,"San Angelo city, Texas",2014,97207,,198.0,41495,638.0
Texas,San Antonio city,"San Antonio city, Texas",2014,1436723,22275.0,8164.0,45339,725.0
Texas,Sugar Land city,"Sugar Land city, Texas",2014,86775,,167.0,115069,1364.0
Texas,Temple city,"Temple city, Texas",2014,70785,,1544.0,45691,676.0
Texas,The Woodlands CDP,"The Woodlands CDP, Texas",2014,102764,,139.0,101498,1207.0
Texas,Tyler city,"Tyler city, Texas",2014,101436,,269.0,39783,669.0
Texas,Victoria city,"Victoria city, Texas",2014,66098,,212.0,44367,661.0
Texas,Waco city,"Waco city, Texas",2014,130191,2188.0,615.0,32306,602.0
Texas,Wichita Falls city,"Wichita Falls city, Texas",2014,105107,,744.0,41183,593.0
Utah,Layton city,"Layton city, Utah",2014,72223,,228.0,65504,766.0
Utah,Millcreek CDP,"Millcreek CDP, Utah",2014,65203,,748.0,55147,808.0
Utah,Ogden city,"Ogden city, Utah",2014,84325,1643.0,607.0,41891,618.0
Utah,Orem city,"Orem city, Utah",2014,91781,1583.0,425.0,56843,824.0
Utah,Provo city,"Provo city, Utah",2014,114807,2876.0,350.0,42113,665.0
Utah,Salt Lake City city,"Salt Lake City city, Utah",2014,190873,5044.0,1707.0,46711,751.0
Utah,Sandy city,"Sandy city, Utah",2014,91135,2790.0,327.0,83399,1001.0
Utah,St. George city,"St. George city, Utah",2014,78509,,552.0,48306,745.0
Utah,West Jordan city,"West Jordan city, Utah",2014,110917,2732.0,387.0,67453,941.0
Utah,West Valley City city,"West Valley City city, Utah",2014,134492,1390.0,584.0,56037,825.0
Virginia,Alexandria city,"Alexandria city, Virginia",2014,150575,5213.0,843.0,86809,1428.0
Virginia,Arlington CDP,"Arlington CDP, Virginia",2014,226908,10600.0,1169.0,109266,1818.0
Virginia,Centreville CDP,"Centreville CDP, Virginia",2014,77618,,97.0,102331,1522.0
Virginia,Chesapeake city,"Chesapeake city, Virginia",2014,233371,,1398.0,66712,905.0
Virginia,Dale City CDP,"Dale City CDP, Virginia",2014,73809,,469.0,74219,1355.0
Virginia,Hampton city,"Hampton city, Virginia",2014,136879,1861.0,1326.0,47312,847.0
Virginia,Lynchburg city,"Lynchburg city, Virginia",2014,79047,,1069.0,40594,647.0
Virginia,Newport News city,"Newport News city, Virginia",2014,182965,2034.0,1593.0,49602,794.0
Virginia,Norfolk city,"Norfolk city, Virginia",2014,245428,3301.0,2183.0,43186,785.0
Virginia,Portsmouth city,"Portsmouth city, Virginia",2014,96004,,1990.0,44905,788.0
Virginia,Richmond city,"Richmond city, Virginia",2014,217853,3674.0,2363.0,43054,752.0
Virginia,Roanoke city,"Roanoke city, Virginia",2014,99428,563.0,1326.0,41697,617.0
Virginia,Suffolk city,"Suffolk city, Virginia",2014,86806,,2697.0,62079,771.0
Virginia,Virginia Beach city,"Virginia Beach city, Virginia",2014,450980,7494.0,3522.0,68816,1033.0
Washington,Auburn city,"Auburn city, Washington",2014,78769,1606.0,1525.0,61579,883.0
Washington,Bellevue city,"Bellevue city, Washington",2014,136426,,858.0,95146,1442.0
Washington,Bellingham city,"Bellingham city, Washington",2014,83363,2342.0,841.0,41879,823.0
Washington,Everett city,"Everett city, Washington",2014,106741,3489.0,2139.0,49782,899.0
Washington,Federal Way city,"Federal Way city, Washington",2014,93428,,1430.0,52440,926.0
Washington,Kennewick city,"Kennewick city, Washington",2014,77424,,1261.0,50065,737.0
Washington,Kent city,"Kent city, Washington",2014,125547,1478.0,1680.0,62302,885.0
Washington,Kirkland city,"Kirkland city, Washington",2014,85778,,1038.0,94332,1417.0
Washington,Marysville city,"Marysville city, Washington",2014,65088,,952.0,60629,997.0
Washington,Pasco city,"Pasco city, Washington",2014,69807,,616.0,54273,756.0
Washington,Renton city,"Renton city, Washington",2014,98382,2449.0,1065.0,67626,1059.0
Washington,Seattle city,"Seattle city, Washington",2014,668337,27284.0,6933.0,70975,1124.0
Washington,Spokane Valley city,"Spokane Valley city, Washington",2014,91733,,1939.0,45776,733.0
Washington,Spokane city,"Spokane city, Washington",2014,212067,4531.0,5040.0,43694,667.0
Washington,Tacoma city,"Tacoma city, Washington",2014,205153,3020.0,3977.0,51953,810.0
Washington,Vancouver city,"Vancouver city, Washington",2014,169303,3748.0,2885.0,51478,837.0
Washington,Yakima city,"Yakima city, Washington",2014,93355,,2095.0,42091,647.0
Wisconsin,Appleton city,"Appleton city, Wisconsin",2014,72654,,1084.0,54044,581.0
Wisconsin,Eau Claire city,"Eau Claire city, Wisconsin",2014,68207,,974.0,41173,633.0
Wisconsin,Green Bay city,"Green Bay city, Wisconsin",2014,104893,1558.0,1406.0,43738,562.0
Wisconsin,Kenosha city,"Kenosha city, Wisconsin",2014,99898,1055.0,1286.0,50630,716.0
Wisconsin,Madison city,"Madison city, Wisconsin",2014,245674,5419.0,1901.0,55829,844.0
Wisconsin,Milwaukee city,"Milwaukee city, Wisconsin",2014,599653,8136.0,8647.0,35049,657.0
Wisconsin,Oshkosh city,"Oshkosh city, Wisconsin",2014,66631,,1080.0,41189,574.0
Wisconsin,Racine city,"Racine city, Wisconsin",2014,78054,1168.0,2632.0,40378,621.0
Wisconsin,Waukesha city,"Waukesha city, Wisconsin",2014,71482,,466.0,57179,768.0
Alabama,Birmingham city,"Birmingham city, Alabama",2015,214911,1549.0,2306.0,32378,548.0
Alabama,Dothan city,"Dothan city, Alabama",2015,67536,,354.0,44208,529.0
Alabama,Hoover city,"Hoover city, Alabama",2015,84839,,170.0,77365,850.0
Alabama,Huntsville city,"Huntsville city, Alabama",2015,189114,,1684.0,46769,594.0
Alabama,Mobile city,"Mobile city, Alabama",2015,194305,3549.0,930.0,38678,607.0
Alabama,Montgomery city,"Montgomery city, Alabama",2015,200586,,1989.0,41836,640.0
Alabama,Tuscaloosa city,"Tuscaloosa city, Alabama",2015,98338,,1849.0,44125,642.0
Alaska,Anchorage municipality,"Anchorage municipality, Alaska",2015,298695,5748.0,5973.0,78662,1156.0
Arizona,Avondale city,"Avondale city, Arizona",2015,80683,,447.0,54686,914.0
Arizona,Casas Adobes CDP,"Casas Adobes CDP, Arizona",2015,65265,,465.0,54766,870.0
Arizona,Chandler city,"Chandler city, Arizona",2015,260833,9276.0,1390.0,75562,986.0
Arizona,Flagstaff city,"Flagstaff city, Arizona",2015,70317,,317.0,51616,1027.0
Arizona,Gilbert town,"Gilbert town, Arizona",2015,247523,9236.0,655.0,86045,1137.0
Arizona,Glendale city,"Glendale city, Arizona",2015,240114,4357.0,1836.0,45812,740.0
Arizona,Goodyear city,"Goodyear city, Arizona",2015,79003,,325.0,73164,976.0
Arizona,Mesa city,"Mesa city, Arizona",2015,471833,12489.0,3538.0,49177,755.0
Arizona,Peoria city,"Peoria city, Arizona",2015,171242,4376.0,1025.0,66308,928.0
Arizona,Phoenix city,"Phoenix city, Arizona",2015,1563001,38167.0,10171.0,48452,778.0
Arizona,San Tan Valley CDP,"San Tan Valley CDP, Arizona",2015,82797,,477.0,61441,914.0
Arizona,Scottsdale city,"Scottsdale city, Arizona",2015,236844,,725.0,75346,1040.0
Arizona,Surprise city,"Surprise city, Arizona",2015,128442,,1015.0,65688,954.0
Arizona,Tempe city,"Tempe city, Arizona",2015,175826,3662.0,1707.0,51688,876.0
Arizona,Tucson city,"Tucson city, Arizona",2015,531674,7990.0,5267.0,38155,654.0
Arizona,Yuma city,"Yuma city, Arizona",2015,94145,,619.0,43663,649.0
Arkansas,Fayetteville city,"Fayetteville city, Arkansas",2015,82832,,266.0,39546,550.0
Arkansas,Fort Smith city,"Fort Smith city, Arkansas",2015,88195,,876.0,33534,470.0
Arkansas,Jonesboro city,"Jonesboro city, Arkansas",2015,73906,,435.0,38094,597.0
Arkansas,Little Rock city,"Little Rock city, Arkansas",2015,197986,2237.0,1773.0,44251,664.0
Arkansas,North Little Rock city,"North Little Rock city, Arkansas",2015,66506,,651.0,39686,656.0
Arkansas,Springdale city,"Springdale city, Arkansas",2015,80454,,80.0,48953,560.0
California,Alameda city,"Alameda city, California",2015,78614,3623.0,551.0,92225,1466.0
California,Alhambra city,"Alhambra city, California",2015,85572,2063.0,633.0,51641,1141.0
California,Anaheim city,"Anaheim city, California",2015,350738,4985.0,2441.0,63104,1273.0
California,Antioch city,"Antioch city, California",2015,110542,,2561.0,68800,1356.0
California,Apple Valley town,"Apple Valley town, California",2015,72185,,1518.0,44498,764.0
California,Arden-Arcade CDP,"Arden-Arcade CDP, California",2015,96276,1630.0,1604.0,46720,789.0
California,Bakersfield city,"Bakersfield city, California",2015,373627,4961.0,5607.0,61039,835.0
California,Baldwin Park city,"Baldwin Park city, California",2015,77056,,1187.0,47502,1232.0
California,Bellflower city,"Bellflower city, California",2015,78434,664.0,743.0,50692,1145.0
California,Berkeley city,"Berkeley city, California",2015,120971,7477.0,764.0,73462,1423.0
California,Buena Park city,"Buena Park city, California",2015,83264,,1246.0,68656,1380.0
California,Burbank city,"Burbank city, California",2015,105314,,926.0,70816,1396.0
California,Camarillo city,"Camarillo city, California",2015,67623,,560.0,85495,1646.0
California,Carlsbad city,"Carlsbad city, California",2015,113466,,256.0,96346,1868.0
California,Carmichael CDP,"Carmichael CDP, California",2015,63215,,1385.0,51844,847.0
California,Carson city,"Carson city, California",2015,93296,638.0,889.0,77162,1291.0
California,Chico city,"Chico city, California",2015,90336,1949.0,1346.0,45598,881.0
California,Chino Hills city,"Chino Hills city, California",2015,78313,,380.0,102890,1775.0
California,Chino city,"Chino city, California",2015,85599,,230.0,72155,1349.0
California,Chula Vista city,"Chula Vista city, California",2015,265754,6008.0,1937.0,66868,1297.0
California,Citrus Heights city,"Citrus Heights city, California",2015,87053,,1932.0,49808,892.0
California,Clovis city,"Clovis city, California",2015,104172,,1325.0,62863,917.0
California,Compton city,"Compton city, California",2015,98448,,2349.0,45676,1014.0
California,Concord city,"Concord city, California",2015,128668,3459.0,1893.0,72114,1269.0
California,Corona city,"Corona city, California",2015,164242,5824.0,1379.0,71291,1269.0
California,Costa Mesa city,"Costa Mesa city, California",2015,113186,,823.0,72128,1552.0
California,Daly City city,"Daly City city, California",2015,106574,1634.0,967.0,81355,1838.0
California,Davis city,"Davis city, California",2015,67656,2562.0,532.0,58176,1261.0
California,Downey city,"Downey city, California",2015,114211,2909.0,1237.0,69860,1196.0
California,East Los Angeles CDP,"East Los Angeles CDP, California",2015,119666,736.0,1750.0,41220,955.0
California,El Cajon city,"El Cajon city, California",2015,103688,1636.0,3176.0,49227,1128.0
California,El Monte city,"El Monte city, California",2015,116745,,1559.0,41632,1073.0
California,Elk Grove city,"Elk Grove city, California",2015,166890,3935.0,1662.0,84454,1362.0
California,Escondido city,"Escondido city, California",2015,151458,2313.0,1458.0,54284,1146.0
California,Fairfield city,"Fairfield city, California",2015,112972,1852.0,1417.0,70776,1170.0
California,Florence-Graham CDP,"Florence-Graham CDP, California",2015,66359,844.0,1131.0,40310,1005.0
California,Folsom city,"Folsom city, California",2015,76368,,403.0,105278,1359.0
California,Fontana city,"Fontana city, California",2015,207472,5384.0,1728.0,64297,1065.0
California,Fremont city,"Fremont city, California",2015,232191,4448.0,2732.0,112263,1859.0
California,Fresno city,"Fresno city, California",2015,520072,8310.0,14756.0,43494,770.0
California,Fullerton city,"Fullerton city, California",2015,140849,2695.0,938.0,68801,1314.0
California,Garden Grove city,"Garden Grove city, California",2015,175384,2385.0,1201.0,58123,1306.0
California,Glendale city,"Glendale city, California",2015,201025,6471.0,4258.0,58076,1250.0
California,Hawthorne city,"Hawthorne city, California",2015,88444,,1276.0,41933,1044.0
California,Hayward city,"Hayward city, California",2015,158300,2133.0,3376.0,74723,1433.0
California,Hemet city,"Hemet city, California",2015,83873,,2281.0,36334,845.0
California,Hesperia city,"Hesperia city, California",2015,93286,,2687.0,46169,908.0
California,Huntington Beach city,"Huntington Beach city, California",2015,201927,6434.0,1146.0,85778,1650.0
California,Indio city,"Indio city, California",2015,87526,,761.0,52343,885.0
California,Inglewood city,"Inglewood city, California",2015,111656,1504.0,1363.0,42122,1066.0
California,Irvine city,"Irvine city, California",2015,256927,8467.0,1446.0,93781,1967.0
California,Jurupa Valley city,"Jurupa Valley city, California",2015,100314,,1059.0,61042,971.0
California,Laguna Niguel city,"Laguna Niguel city, California",2015,65812,,426.0,86662,1866.0
California,Lake Forest city,"Lake Forest city, California",2015,82497,,490.0,87084,1662.0
California,Lakewood city,"Lakewood city, California",2015,81592,,260.0,82027,1396.0
California,Lancaster city,"Lancaster city, California",2015,161113,2236.0,2399.0,49729,937.0
California,Livermore city,"Livermore city, California",2015,88117,,874.0,110212,1719.0
California,Long Beach city,"Long Beach city, California",2015,474172,11998.0,7422.0,54971,1069.0
California,Los Angeles city,"Los Angeles city, California",2015,3971896,112415.0,52372.0,52024,1161.0
California,Lynwood city,"Lynwood city, California",2015,72005,721.0,1013.0,46241,986.0
California,Manteca city,"Manteca city, California",2015,75450,,1478.0,60716,1066.0
California,Menifee city,"Menifee city, California",2015,87163,,921.0,57204,1091.0
California,Merced city,"Merced city, California",2015,82440,,3436.0,34321,758.0
California,Milpitas city,"Milpitas city, California",2015,77617,,766.0,102200,1958.0
California,Mission Viejo city,"Mission Viejo city, California",2015,97163,,328.0,106104,1878.0
California,Modesto city,"Modesto city, California",2015,211257,3519.0,4566.0,51901,865.0
California,Moreno Valley city,"Moreno Valley city, California",2015,204181,2412.0,2091.0,56025,1114.0
California,Mountain View city,"Mountain View city, California",2015,80438,1609.0,305.0,120102,2033.0
California,Murrieta city,"Murrieta city, California",2015,109816,,1222.0,74594,1445.0
California,Napa city,"Napa city, California",2015,80429,1824.0,509.0,74315,1419.0
California,Newport Beach city,"Newport Beach city, California",2015,87131,,137.0,123351,2008.0
California,Norwalk city,"Norwalk city, California",2015,107145,2271.0,1400.0,58957,1322.0
California,Oakland city,"Oakland city, California",2015,419278,13532.0,7378.0,58807,1157.0
California,Oceanside city,"Oceanside city, California",2015,175714,4463.0,1553.0,60720,1419.0
California,Ontario city,"Ontario city, California",2015,171200,1939.0,4236.0,57361,1195.0
California,Orange city,"Orange city, California",2015,140995,4585.0,687.0,83429,1537.0
California,Oxnard city,"Oxnard city, California",2015,207252,3065.0,1362.0,59830,1322.0
California,Palmdale city,"Palmdale city, California",2015,158350,1807.0,2997.0,52014,1009.0
California,Palo Alto city,"Palo Alto city, California",2015,66848,,237.0,147737,2185.0
California,Pasadena city,"Pasadena city, California",2015,142246,4635.0,975.0,77312,1377.0
California,Perris city,"Perris city, California",2015,74959,,269.0,55074,1144.0
California,Pittsburg city,"Pittsburg city, California",2015,69427,,806.0,61878,1334.0
California,Pleasanton city,"Pleasanton city, California",2015,79519,2354.0,76.0,134801,1991.0
California,Pomona city,"Pomona city, California",2015,153252,2874.0,1596.0,51266,1071.0
California,Rancho Cordova city,"Rancho Cordova city, California",2015,71026,1350.0,1316.0,59552,873.0
California,Rancho Cucamonga city,"Rancho Cucamonga city, California",2015,175232,3492.0,578.0,80720,1472.0
California,Redding city,"Redding city, California",2015,91579,,938.0,45490,786.0
California,Redlands city,"Redlands city, California",2015,71028,,1248.0,66148,1104.0
California,Redondo Beach city,"Redondo Beach city, California",2015,68185,,358.0,101592,1769.0
California,Redwood City city,"Redwood City city, California",2015,85300,2230.0,751.0,97750,1781.0
California,Rialto city,"Rialto city, California",2015,103137,744.0,1821.0,52080,943.0
California,Richmond city,"Richmond city, California",2015,109715,1408.0,1081.0,56374,1167.0
California,Riverside city,"Riverside city, California",2015,322423,6639.0,3553.0,61279,1033.0
California,Roseville city,"Roseville city, California",2015,130282,3737.0,981.0,72312,1225.0
California,Sacramento city,"Sacramento city, California",2015,490715,10588.0,9747.0,52151,966.0
California,Salinas city,"Salinas city, California",2015,157386,1517.0,1434.0,52334,1116.0
California,San Bernardino city,"San Bernardino city, California",2015,216137,2748.0,5623.0,35932,810.0
California,San Buenaventura (Ventura) city,"San Buenaventura (Ventura) city, California",2015,109717,2507.0,1022.0,70627,1367.0
California,San Clemente city,"San Clemente city, California",2015,65532,,239.0,100187,1764.0
California,San Diego city,"San Diego city, California",2015,1394907,50245.0,11717.0,67871,1371.0
California,San Francisco city,"San Francisco city, California",2015,864816,30617.0,9111.0,92094,1609.0
California,San Jose city,"San Jose city, California",2015,1026919,20377.0,7839.0,91451,1691.0
California,San Leandro city,"San Leandro city, California",2015,90711,1231.0,655.0,59070,1278.0
California,San Marcos city,"San Marcos city, California",2015,92934,,580.0,66318,1455.0
California,San Mateo city,"San Mateo city, California",2015,103524,3362.0,253.0,100238,1942.0
California,San Ramon city,"San Ramon city, California",2015,76132,,467.0,125832,2047.0
California,Santa Ana city,"Santa Ana city, California",2015,335423,3227.0,3924.0,54392,1290.0
California,Santa Barbara city,"Santa Barbara city, California",2015,91852,3214.0,517.0,64414,1483.0
California,Santa Clara city,"Santa Clara city, California",2015,126216,2706.0,661.0,108886,2024.0
California,Santa Clarita city,"Santa Clarita city, California",2015,182367,6147.0,527.0,85916,1562.0
California,Santa Maria city,"Santa Maria city, California",2015,105082,1398.0,714.0,52170,1081.0
California,Santa Monica city,"Santa Monica city, California",2015,93219,6850.0,474.0,85062,1612.0
California,Santa Rosa city,"Santa Rosa city, California",2015,174989,4102.0,1981.0,62329,1286.0
California,Simi Valley city,"Simi Valley city, California",2015,126766,3258.0,741.0,93438,1704.0
California,South Gate city,"South Gate city, California",2015,96399,,1092.0,45438,988.0
California,South San Francisco city,"South San Francisco city, California",2015,67271,1237.0,323.0,96822,1592.0
California,Stockton city,"Stockton city, California",2015,305650,3159.0,6224.0,46795,800.0
California,Sunnyvale city,"Sunnyvale city, California",2015,151760,2979.0,458.0,112217,2038.0
California,Temecula city,"Temecula city, California",2015,112026,,821.0,80495,1471.0
California,Thousand Oaks city,"Thousand Oaks city, California",2015,129329,,141.0,108322,1752.0
California,Torrance city,"Torrance city, California",2015,148468,,735.0,79921,1497.0
California,Tracy city,"Tracy city, California",2015,87093,,807.0,80166,1389.0
California,Turlock city,"Turlock city, California",2015,72293,,1068.0,54842,890.0
California,Tustin city,"Tustin city, California",2015,80563,,1344.0,73800,1491.0
California,Union City city,"Union City city, California",2015,74510,1272.0,1136.0,96376,1838.0
California,Upland city,"Upland city, California",2015,76447,,1024.0,63771,1157.0
California,Vacaville city,"Vacaville city, California",2015,96794,,1226.0,76489,1318.0
California,Vallejo city,"Vallejo city, California",2015,121269,1890.0,1707.0,56923,1137.0
California,Victorville city,"Victorville city, California",2015,122236,,2615.0,47693,1017.0
California,Visalia city,"Visalia city, California",2015,130094,,2412.0,52599,800.0
California,Vista city,"Vista city, California",2015,100884,,2212.0,67421,1424.0
California,Walnut Creek city,"Walnut Creek city, California",2015,68906,,522.0,91812,1799.0
California,West Covina city,"West Covina city, California",2015,108489,2170.0,853.0,78140,1362.0
California,Westminster city,"Westminster city, California",2015,92111,1509.0,559.0,55385,1280.0
California,Whittier city,"Whittier city, California",2015,87436,1657.0,612.0,70256,1168.0
California,Yorba Linda city,"Yorba Linda city, California",2015,67966,,216.0,121102,1820.0
California,Yuba City city,"Yuba City city, California",2015,66944,,1101.0,48828,714.0
Colorado,Arvada city,"Arvada city, Colorado",2015,115035,4604.0,721.0,69596,1014.0
Colorado,Aurora city,"Aurora city, Colorado",2015,358870,8316.0,4078.0,58445,988.0
Colorado,Boulder city,"Boulder city, Colorado",2015,107342,7869.0,314.0,58547,1348.0
Colorado,Broomfield city,"Broomfield city, Colorado",2015,65065,,288.0,84921,1343.0
Colorado,Centennial city,"Centennial city, Colorado",2015,109726,5513.0,518.0,96634,1391.0
Colorado,Colorado Springs city,"Colorado Springs city, Colorado",2015,456562,12427.0,5727.0,56079,848.0
Colorado,Denver city,"Denver city, Colorado",2015,682545,25973.0,6732.0,58003,1006.0
Colorado,Fort Collins city,"Fort Collins city, Colorado",2015,161181,4161.0,848.0,61514,1074.0
Colorado,Greeley city,"Greeley city, Colorado",2015,100883,,1298.0,54307,764.0
Colorado,Highlands Ranch CDP,"Highlands Ranch CDP, Colorado",2015,102467,,407.0,111693,1638.0
Colorado,Lakewood city,"Lakewood city, Colorado",2015,152589,4354.0,478.0,60984,1070.0
Colorado,Longmont city,"Longmont city, Colorado",2015,92221,,1250.0,59333,977.0
Colorado,Loveland city,"Loveland city, Colorado",2015,75188,,538.0,61377,942.0
Colorado,Pueblo city,"Pueblo city, Colorado",2015,109419,840.0,2013.0,36267,582.0
Colorado,Thornton city,"Thornton city, Colorado",2015,133459,,524.0,72697,1209.0
Colorado,Westminster city,"Westminster city, Colorado",2015,113117,,545.0,70212,1177.0
Connecticut,Bridgeport city,"Bridgeport city, Connecticut",2015,147619,2163.0,2496.0,42420,921.0
Connecticut,Danbury city,"Danbury city, Connecticut",2015,84662,1377.0,583.0,65517,1157.0
Connecticut,Hartford city,"Hartford city, Connecticut",2015,124014,,8266.0,34240,798.0
Connecticut,New Britain city,"New Britain city, Connecticut",2015,72809,,1486.0,40485,767.0
Connecticut,New Haven city,"New Haven city, Connecticut",2015,130310,2354.0,4179.0,36641,917.0
Connecticut,Norwalk city,"Norwalk city, Connecticut",2015,88483,2245.0,282.0,85052,1405.0
Connecticut,Stamford city,"Stamford city, Connecticut",2015,128877,2822.0,447.0,79865,1470.0
Connecticut,Waterbury city,"Waterbury city, Connecticut",2015,108807,578.0,2334.0,37877,752.0
Delaware,Wilmington city,"Wilmington city, Delaware",2015,71957,,729.0,41035,768.0
District of Columbia,Washington city,"Washington city, District of Columbia",2015,672228,21529.0,9372.0,75628,1326.0
Florida,Alafaya CDP,"Alafaya CDP, Florida",2015,85264.0,,227.0,67797,1096.0
Florida,Boca Raton city,"Boca Raton city, Florida",2015,93226.0,,267.0,71678,1454.0
Florida,Boynton Beach city,"Boynton Beach city, Florida",2015,73972.0,,1192.0,47739,1206.0
Florida,Brandon CDP,"Brandon CDP, Florida",2015,113968.0,,719.0,57942,972.0
Florida,Cape Coral city,"Cape Coral city, Florida",2015,175230.0,,396.0,51464,916.0
Florida,Clearwater city,"Clearwater city, Florida",2015,112979.0,4642.0,829.0,46344,835.0
Florida,Coral Springs city,"Coral Springs city, Florida",2015,129502.0,3361.0,326.0,70422,1220.0
Florida,Davie town,"Davie town, Florida",2015,100894.0,,1155.0,60959,1178.0
Florida,Deerfield Beach city,"Deerfield Beach city, Florida",2015,79769.0,,472.0,46582,997.0
Florida,Delray Beach city,"Delray Beach city, Florida",2015,66261.0,,592.0,51551,1241.0
Florida,Deltona city,"Deltona city, Florida",2015,88474.0,,1021.0,43661,875.0
Florida,Fort Lauderdale city,"Fort Lauderdale city, Florida",2015,178587.0,7162.0,1579.0,51247,1068.0
Florida,Fort Myers city,"Fort Myers city, Florida",2015,74015.0,,394.0,41586,769.0
Florida,Gainesville city,"Gainesville city, Florida",2015,130133.0,2388.0,1015.0,34313,702.0
Florida,Hialeah city,"Hialeah city, Florida",2015,237082.0,7708.0,1973.0,29095,919.0
Florida,Hollywood city,"Hollywood city, Florida",2015,149721.0,3324.0,2196.0,46091,984.0
Florida,Homestead city,"Homestead city, Florida",2015,66500.0,,210.0,41260,981.0
Florida,Jacksonville city,"Jacksonville city, Florida",2015,868031.0,17988.0,10100.0,48239,800.0
Florida,Kendall CDP,"Kendall CDP, Florida",2015,76466.0,,201.0,72663,1281.0
Florida,Kissimmee city,"Kissimmee city, Florida",2015,69152.0,,461.0,40437,818.0
Florida,Lakeland city,"Lakeland city, Florida",2015,104410.0,2182.0,735.0,41007,716.0
Florida,Largo city,"Largo city, Florida",2015,81007.0,,1561.0,39931,779.0
Florida,Lauderhill city,"Lauderhill city, Florida",2015,71574.0,,674.0,37496,975.0
Florida,Lehigh Acres CDP,"Lehigh Acres CDP, Florida",2015,119480.0,,955.0,42296,767.0
Florida,Melbourne city,"Melbourne city, Florida",2015,80136.0,,712.0,43056,799.0
Florida,Miami Beach city,"Miami Beach city, Florida",2015,92311.0,6495.0,235.0,50937,1166.0
Florida,Miami Gardens city,"Miami Gardens city, Florida",2015,113199.0,,2765.0,37672,952.0
Florida,Miami city,"Miami city, Florida",2015,440989.0,7134.0,3134.0,29989,900.0
Florida,Miramar city,"Miramar city, Florida",2015,137115.0,,1795.0,70133,1293.0
Florida,Orlando city,"Orlando city, Florida",2015,270917.0,7115.0,2079.0,44804,878.0
Florida,Palm Bay city,"Palm Bay city, Florida",2015,107895.0,,471.0,45904,802.0
Florida,Palm Coast city,"Palm Coast city, Florida",2015,82121.0,,411.0,49629,945.0
Florida,Pembroke Pines city,"Pembroke Pines city, Florida",2015,166624.0,4698.0,943.0,62404,1309.0
Florida,Pine Hills CDP,"Pine Hills CDP, Florida",2015,76081.0,,465.0,35740,811.0
Florida,Plantation city,"Plantation city, Florida",2015,92555.0,,272.0,63702,1413.0
Florida,Poinciana CDP,"Poinciana CDP, Florida",2015,73943.0,,503.0,45582,945.0
Florida,Pompano Beach city,"Pompano Beach city, Florida",2015,107771.0,2374.0,581.0,43799,990.0
Florida,Port St. Lucie city,"Port St. Lucie city, Florida",2015,179410.0,,1212.0,53222,973.0
Florida,Riverview CDP,"Riverview CDP, Florida",2015,89746.0,,393.0,69797,1120.0
Florida,Spring Hill CDP,"Spring Hill CDP, Florida",2015,103197.0,,600.0,45090,764.0
Florida,St. Petersburg city,"St. Petersburg city, Florida",2015,257088.0,7110.0,3297.0,48858,831.0
Florida,Sunrise city,"Sunrise city, Florida",2015,92706.0,,545.0,55957,1202.0
Florida,Tallahassee city,"Tallahassee city, Florida",2015,189894.0,4195.0,1092.0,40000,761.0
Florida,Tampa city,"Tampa city, Florida",2015,369028.0,9692.0,3301.0,44432,841.0
Florida,The Villages CDP,"The Villages CDP, Florida",2015,,,0.0,57379,
Florida,Town 'n' Country CDP,"Town 'n' Country CDP, Florida",2015,78996.0,,2435.0,48565,903.0
Florida,West Palm Beach city,"West Palm Beach city, Florida",2015,106782.0,2213.0,1110.0,49935,971.0
Florida,Weston city,"Weston city, Florida",2015,69947.0,,118.0,98963,1945.0
Georgia,Albany city,"Albany city, Georgia",2015,71109,,392.0,31897,489.0
Georgia,Athens-Clarke County unified government (balance),"Athens-Clarke County unified government (balance), Georgia",2015,122563,1802.0,386.0,31141,642.0
Georgia,Atlanta city,"Atlanta city, Georgia",2015,463875,18138.0,3979.0,50210,809.0
Georgia,Augusta-Richmond County consolidated government (balance),"Augusta-Richmond County consolidated government (balance), Georgia",2015,196579,1550.0,2200.0,41190,611.0
Georgia,Columbus city,"Columbus city, Georgia",2015,200579,2181.0,852.0,41859,659.0
Georgia,Johns Creek city,"Johns Creek city, Georgia",2015,83339,,241.0,116210,1143.0
Georgia,Macon-Bibb County,"Macon-Bibb County, Georgia",2015,153459,1767.0,1025.0,38704,561.0
Georgia,Roswell city,"Roswell city, Georgia",2015,94496,,136.0,89088,961.0
Georgia,Sandy Springs city,"Sandy Springs city, Georgia",2015,105347,,662.0,71996,1014.0
Georgia,Savannah city,"Savannah city, Georgia",2015,145684,1689.0,896.0,35827,758.0
Georgia,Warner Robins city,"Warner Robins city, Georgia",2015,74002,,323.0,45270,692.0
Hawaii,Urban Honolulu CDP,"Urban Honolulu CDP, Hawaii",2015,352766,6847.0,3888.0,64658,1293.0
Idaho,Boise City city,"Boise City city, Idaho",2015,218280,6338.0,1825.0,55309,745.0
Idaho,Meridian city,"Meridian city, Idaho",2015,90753,,1119.0,54746,867.0
Idaho,Nampa city,"Nampa city, Idaho",2015,89850,,1861.0,40884,686.0
Illinois,Arlington Heights village,"Arlington Heights village, Illinois",2015,76996,,275.0,86298,1068.0
Illinois,Aurora city,"Aurora city, Illinois",2015,203715,5252.0,1072.0,63355,884.0
Illinois,Bloomington city,"Bloomington city, Illinois",2015,78295,,1357.0,64339,663.0
Illinois,Bolingbrook village,"Bolingbrook village, Illinois",2015,72096,,540.0,77929,1150.0
Illinois,Champaign city,"Champaign city, Illinois",2015,86086,1259.0,495.0,48394,796.0
Illinois,Chicago city,"Chicago city, Illinois",2015,2720556,58114.0,40140.0,50702,864.0
Illinois,Cicero town,"Cicero town, Illinois",2015,83867,340.0,813.0,44664,764.0
Illinois,Decatur city,"Decatur city, Illinois",2015,72856,,1257.0,41119,507.0
Illinois,Elgin city,"Elgin city, Illinois",2015,111076,,571.0,57097,872.0
Illinois,Evanston city,"Evanston city, Illinois",2015,75523,3554.0,774.0,70969,1186.0
Illinois,Joliet city,"Joliet city, Illinois",2015,150025,,1552.0,58363,779.0
Illinois,Naperville city,"Naperville city, Illinois",2015,147159,,171.0,105848,1267.0
Illinois,Palatine village,"Palatine village, Illinois",2015,69269,,351.0,75997,1003.0
Illinois,Peoria city,"Peoria city, Illinois",2015,118661,1728.0,2687.0,49121,634.0
Illinois,Rockford city,"Rockford city, Illinois",2015,149346,,2246.0,40720,575.0
Illinois,Schaumburg village,"Schaumburg village, Illinois",2015,75811,765.0,617.0,73537,1233.0
Illinois,Skokie village,"Skokie village, Illinois",2015,64819,1281.0,473.0,67338,1021.0
Illinois,Springfield city,"Springfield city, Illinois",2015,117809,1788.0,979.0,52102,599.0
Illinois,Waukegan city,"Waukegan city, Illinois",2015,88347,1745.0,1146.0,49203,764.0
Indiana,Bloomington city,"Bloomington city, Indiana",2015,83815,,163.0,31115,733.0
Indiana,Carmel city,"Carmel city, Indiana",2015,89029,,183.0,108660,902.0
Indiana,Evansville city,"Evansville city, Indiana",2015,117679,,1456.0,35293,532.0
Indiana,Fishers town,"Fishers town, Indiana",2015,86071,,242.0,109397,983.0
Indiana,Fort Wayne city,"Fort Wayne city, Indiana",2015,258144,4850.0,2563.0,44977,569.0
Indiana,Gary city,"Gary city, Indiana",2015,77354,,781.0,30467,606.0
Indiana,Hammond city,"Hammond city, Indiana",2015,77610,506.0,754.0,41359,696.0
Indiana,Indianapolis city (balance),"Indianapolis city (balance), Indiana",2015,848423,12741.0,5621.0,41278,645.0
Indiana,Lafayette city,"Lafayette city, Indiana",2015,71170,,582.0,41328,623.0
Indiana,Muncie city,"Muncie city, Indiana",2015,69701,,924.0,32334,544.0
Indiana,South Bend city,"South Bend city, Indiana",2015,103757,1542.0,1318.0,36273,568.0
Iowa,Ames city,"Ames city, Iowa",2015,65052,,158.0,42446,773.0
Iowa,Cedar Rapids city,"Cedar Rapids city, Iowa",2015,130405,1407.0,1678.0,51011,581.0
Iowa,Davenport city,"Davenport city, Iowa",2015,102577,2369.0,1221.0,49745,650.0
Iowa,Des Moines city,"Des Moines city, Iowa",2015,210317,2623.0,3047.0,49072,679.0
Iowa,Iowa City city,"Iowa City city, Iowa",2015,74227,,536.0,47593,746.0
Iowa,Sioux City city,"Sioux City city, Iowa",2015,82776,,828.0,47584,568.0
Iowa,Waterloo city,"Waterloo city, Iowa",2015,68457,,1188.0,44153,568.0
Kansas,Kansas City city,"Kansas City city, Kansas",2015,151261,1906.0,1132.0,41255,610.0
Kansas,Lawrence city,"Lawrence city, Kansas",2015,93916,,823.0,46564,691.0
Kansas,Olathe city,"Olathe city, Kansas",2015,134316,,303.0,80242,758.0
Kansas,Overland Park city,"Overland Park city, Kansas",2015,186511,6512.0,324.0,81144,864.0
Kansas,Shawnee city,"Shawnee city, Kansas",2015,65058,,256.0,88636,793.0
Kansas,Topeka city,"Topeka city, Kansas",2015,127257,,1536.0,43860,570.0
Kansas,Wichita city,"Wichita city, Kansas",2015,389955,6355.0,2564.0,46894,567.0
Kentucky,Lexington-Fayette urban county,"Lexington-Fayette urban county, Kentucky",2015,314488,6004.0,1723.0,51948,666.0
Kentucky,Louisville/Jefferson County metro government (balance),"Louisville/Jefferson County metro government (balance), Kentucky",2015,615389,9433.0,7026.0,48100,624.0
Louisiana,Baton Rouge city,"Baton Rouge city, Louisiana",2015,228596,2675.0,609.0,41224,673.0
Louisiana,Bossier City city,"Bossier City city, Louisiana",2015,68097,,508.0,46322,704.0
Louisiana,Kenner city,"Kenner city, Louisiana",2015,67106,,200.0,44647,792.0
Louisiana,Lafayette city,"Lafayette city, Louisiana",2015,127661,1074.0,430.0,47830,685.0
Louisiana,Lake Charles city,"Lake Charles city, Louisiana",2015,76066,,208.0,38256,609.0
Louisiana,Metairie CDP,"Metairie CDP, Louisiana",2015,146458,3964.0,672.0,53715,771.0
Louisiana,New Orleans city,"New Orleans city, Louisiana",2015,389617,7478.0,1702.0,39077,791.0
Louisiana,Shreveport city,"Shreveport city, Louisiana",2015,196994,1267.0,1521.0,38497,602.0
Maryland,Baltimore city,"Baltimore city, Maryland",2015,621849,11253.0,12881.0,44165,808.0
Maryland,Columbia CDP,"Columbia CDP, Maryland",2015,103467,,347.0,102431,1525.0
Maryland,Ellicott City CDP,"Ellicott City CDP, Maryland",2015,70932,,73.0,113378,1340.0
Maryland,Frederick city,"Frederick city, Maryland",2015,69482,1483.0,669.0,62500,1198.0
Maryland,Gaithersburg city,"Gaithersburg city, Maryland",2015,67445,,782.0,85854,1448.0
Maryland,Germantown CDP,"Germantown CDP, Maryland",2015,84122,1295.0,1052.0,85091,1433.0
Maryland,Glen Burnie CDP,"Glen Burnie CDP, Maryland",2015,69859,,808.0,66111,1062.0
Maryland,Rockville city,"Rockville city, Maryland",2015,66998,,358.0,97377,1718.0
Maryland,Silver Spring CDP,"Silver Spring CDP, Maryland",2015,82463,2194.0,432.0,67623,1397.0
Maryland,Waldorf CDP,"Waldorf CDP, Maryland",2015,75512,,400.0,87223,1337.0
Massachusetts,Boston city,"Boston city, Massachusetts",2015,669469,11169.0,7980.0,58263,1277.0
Massachusetts,Brockton city,"Brockton city, Massachusetts",2015,95314,1135.0,1489.0,43206,816.0
Massachusetts,Cambridge city,"Cambridge city, Massachusetts",2015,110402,5788.0,615.0,89847,1809.0
Massachusetts,Fall River city,"Fall River city, Massachusetts",2015,88770,,2293.0,39547,603.0
Massachusetts,Framingham CDP,"Framingham CDP, Massachusetts",2015,71210,1376.0,757.0,70355,1292.0
Massachusetts,Lawrence city,"Lawrence city, Massachusetts",2015,80240,1056.0,2041.0,36969,905.0
Massachusetts,Lowell city,"Lowell city, Massachusetts",2015,110720,1450.0,1494.0,47727,933.0
Massachusetts,Lynn city,"Lynn city, Massachusetts",2015,92459,3354.0,1430.0,49332,991.0
Massachusetts,New Bedford city,"New Bedford city, Massachusetts",2015,94959,461.0,1820.0,36808,656.0
Massachusetts,Newton city,"Newton city, Massachusetts",2015,88809,4653.0,656.0,126649,1682.0
Massachusetts,Quincy city,"Quincy city, Massachusetts",2015,93629,704.0,1520.0,66415,1199.0
Massachusetts,Somerville city,"Somerville city, Massachusetts",2015,80334,1828.0,349.0,86012,1549.0
Massachusetts,Springfield city,"Springfield city, Massachusetts",2015,154336,1352.0,5016.0,38398,677.0
Massachusetts,Worcester city,"Worcester city, Massachusetts",2015,184806,2760.0,3365.0,43572,876.0
Michigan,Ann Arbor city,"Ann Arbor city, Michigan",2015,117070,4523.0,858.0,55669,976.0
Michigan,Dearborn city,"Dearborn city, Michigan",2015,95180,,1143.0,51424,769.0
Michigan,Detroit city,"Detroit city, Michigan",2015,677124,8535.0,14549.0,25980,566.0
Michigan,Farmington Hills city,"Farmington Hills city, Michigan",2015,81332,,413.0,70393,889.0
Michigan,Flint city,"Flint city, Michigan",2015,98297,,1606.0,25342,476.0
Michigan,Grand Rapids city,"Grand Rapids city, Michigan",2015,195099,2832.0,2711.0,41857,694.0
Michigan,Kalamazoo city,"Kalamazoo city, Michigan",2015,76040,,1210.0,36536,600.0
Michigan,Lansing city,"Lansing city, Michigan",2015,114110,,1703.0,37426,633.0
Michigan,Livonia city,"Livonia city, Michigan",2015,94633,,247.0,72061,889.0
Michigan,Rochester Hills city,"Rochester Hills city, Michigan",2015,73432,,422.0,81124,1060.0
Michigan,Southfield city,"Southfield city, Michigan",2015,73177,,675.0,50557,842.0
Michigan,Sterling Heights city,"Sterling Heights city, Michigan",2015,132062,,1376.0,61809,819.0
Michigan,Troy city,"Troy city, Michigan",2015,83276,,872.0,87447,955.0
Michigan,Warren city,"Warren city, Michigan",2015,135356,818.0,1898.0,43379,713.0
Michigan,Westland city,"Westland city, Michigan",2015,81995,,842.0,45538,712.0
Michigan,Wyoming city,"Wyoming city, Michigan",2015,75277,,1041.0,44047,670.0
Minnesota,Bloomington city,"Bloomington city, Minnesota",2015,86436,2321.0,831.0,67845,1001.0
Minnesota,Brooklyn Park city,"Brooklyn Park city, Minnesota",2015,79150,,2660.0,62164,845.0
Minnesota,Duluth city,"Duluth city, Minnesota",2015,86126,1652.0,2029.0,47832,664.0
Minnesota,Eagan city,"Eagan city, Minnesota",2015,66288,,1144.0,78417,971.0
Minnesota,Maple Grove city,"Maple Grove city, Minnesota",2015,68381,,259.0,89498,1175.0
Minnesota,Minneapolis city,"Minneapolis city, Minnesota",2015,410935,12431.0,11444.0,54571,852.0
Minnesota,Plymouth city,"Plymouth city, Minnesota",2015,75928,,495.0,93203,1061.0
Minnesota,Rochester city,"Rochester city, Minnesota",2015,112216,1914.0,1168.0,66340,780.0
Minnesota,St. Cloud city,"St. Cloud city, Minnesota",2015,68253,,1226.0,43647,696.0
Minnesota,St. Paul city,"St. Paul city, Minnesota",2015,300840,7195.0,7541.0,50267,805.0
Minnesota,Woodbury city,"Woodbury city, Minnesota",2015,67850,,163.0,101785,1227.0
Mississippi,Gulfport city,"Gulfport city, Mississippi",2015,71872,,554.0,37268,642.0
Mississippi,Jackson city,"Jackson city, Mississippi",2015,170811,,4197.0,32482,618.0
Missouri,Columbia city,"Columbia city, Missouri",2015,119098,2266.0,889.0,44160,633.0
Missouri,Independence city,"Independence city, Missouri",2015,117255,,958.0,42229,597.0
Missouri,Kansas City city,"Kansas City city, Missouri",2015,475361,11898.0,6113.0,50259,658.0
Missouri,Lee's Summit city,"Lee's Summit city, Missouri",2015,95068,,212.0,75020,806.0
Missouri,O'Fallon city,"O'Fallon city, Missouri",2015,85032,,263.0,74961,850.0
Missouri,Springfield city,"Springfield city, Missouri",2015,166798,2493.0,1861.0,36107,551.0
Missouri,St. Charles city,"St. Charles city, Missouri",2015,68801,,644.0,59006,758.0
Missouri,St. Joseph city,"St. Joseph city, Missouri",2015,76096,,1009.0,46398,589.0
Missouri,St. Louis city,"St. Louis city, Missouri",2015,315685,5709.0,4228.0,38397,580.0
Montana,Billings city,"Billings city, Montana",2015,110270,1939.0,645.0,58375,754.0
Montana,Missoula city,"Missoula city, Montana",2015,71024,,389.0,37444,706.0
Nebraska,Lincoln city,"Lincoln city, Nebraska",2015,277346,3860.0,3117.0,51503,653.0
Nebraska,Omaha city,"Omaha city, Nebraska",2015,443887,8160.0,3357.0,51407,677.0
Nevada,Enterprise CDP,"Enterprise CDP, Nevada",2015,135474,,435.0,70445,1105.0
Nevada,Henderson city,"Henderson city, Nevada",2015,285658,5999.0,2066.0,64035,994.0
Nevada,Las Vegas city,"Las Vegas city, Nevada",2015,623769,9116.0,9336.0,49676,832.0
Nevada,North Las Vegas city,"North Las Vegas city, Nevada",2015,234793,1615.0,2218.0,53952,864.0
Nevada,Paradise CDP,"Paradise CDP, Nevada",2015,236946,2540.0,2806.0,41646,755.0
Nevada,Reno city,"Reno city, Nevada",2015,241443,4364.0,4725.0,50451,772.0
Nevada,Sparks city,"Sparks city, Nevada",2015,96098,1069.0,1409.0,52453,851.0
Nevada,Spring Valley CDP,"Spring Valley CDP, Nevada",2015,193955,5319.0,2118.0,49305,915.0
Nevada,Sunrise Manor CDP,"Sunrise Manor CDP, Nevada",2015,192608,678.0,2676.0,39790,711.0
New Hampshire,Manchester city,"Manchester city, New Hampshire",2015,110223,1481.0,2687.0,54596,939.0
New Hampshire,Nashua city,"Nashua city, New Hampshire",2015,87975,,1193.0,67441,1030.0
New Jersey,Bayonne city,"Bayonne city, New Jersey",2015,66303,709.0,1558.0,53731,997.0
New Jersey,Camden city,"Camden city, New Jersey",2015,76131,,1496.0,25643,711.0
New Jersey,Clifton city,"Clifton city, New Jersey",2015,86341,,347.0,64700,1188.0
New Jersey,East Orange city,"East Orange city, New Jersey",2015,64962,,1133.0,40723,908.0
New Jersey,Elizabeth city,"Elizabeth city, New Jersey",2015,129012,2232.0,1862.0,44016,950.0
New Jersey,Jersey City city,"Jersey City city, New Jersey",2015,264277,5089.0,5779.0,59485,1090.0
New Jersey,Newark city,"Newark city, New Jersey",2015,281913,1258.0,6513.0,30966,856.0
New Jersey,Passaic city,"Passaic city, New Jersey",2015,71082,101.0,290.0,26922,982.0
New Jersey,Paterson city,"Paterson city, New Jersey",2015,147757,1484.0,2796.0,31552,955.0
New Jersey,Toms River CDP,"Toms River CDP, New Jersey",2015,87750,,480.0,75140,1243.0
New Jersey,Trenton city,"Trenton city, New Jersey",2015,84231,502.0,1534.0,35041,759.0
New Jersey,Union City city,"Union City city, New Jersey",2015,69149,1205.0,934.0,45558,1017.0
New Mexico,Albuquerque city,"Albuquerque city, New Mexico",2015,559131,13190.0,6487.0,47096,698.0
New Mexico,Las Cruces city,"Las Cruces city, New Mexico",2015,101644,,1329.0,40994,637.0
New Mexico,Rio Rancho city,"Rio Rancho city, New Mexico",2015,94155,,637.0,64475,1023.0
New Mexico,Santa Fe city,"Santa Fe city, New Mexico",2015,84112,,727.0,53635,870.0
New York,Albany city,"Albany city, New York",2015,98452,1711.0,1451.0,38267,751.0
New York,Brentwood CDP,"Brentwood CDP, New York",2015,63792,,308.0,76941,1263.0
New York,Buffalo city,"Buffalo city, New York",2015,258066,2453.0,7515.0,32509,566.0
New York,Cheektowaga CDP,"Cheektowaga CDP, New York",2015,76075,,770.0,52229,630.0
New York,Mount Vernon city,"Mount Vernon city, New York",2015,68621,1142.0,1005.0,58097,1156.0
New York,New Rochelle city,"New Rochelle city, New York",2015,79838,1851.0,297.0,76496,1334.0
New York,New York city,"New York city, New York",2015,8550405,158497.0,126985.0,55752,1199.0
New York,Rochester city,"Rochester city, New York",2015,209808,2722.0,8393.0,31946,656.0
New York,Schenectady city,"Schenectady city, New York",2015,65299,811.0,1762.0,46461,673.0
New York,Syracuse city,"Syracuse city, New York",2015,144152,1244.0,3916.0,36457,656.0
New York,Yonkers city,"Yonkers city, New York",2015,201118,2508.0,2601.0,56979,1142.0
North Carolina,Asheville city,"Asheville city, North Carolina",2015,88507,,735.0,43061,789.0
North Carolina,Cary town,"Cary town, North Carolina",2015,160514,9173.0,569.0,95374,936.0
North Carolina,Charlotte city,"Charlotte city, North Carolina",2015,827121,24108.0,4827.0,53919,820.0
North Carolina,Concord city,"Concord city, North Carolina",2015,87693,,423.0,52834,683.0
North Carolina,Durham city,"Durham city, North Carolina",2015,257598,8241.0,1119.0,52106,777.0
North Carolina,Fayetteville city,"Fayetteville city, North Carolina",2015,201965,2823.0,1421.0,40408,676.0
North Carolina,Gastonia city,"Gastonia city, North Carolina",2015,74550,,698.0,42713,619.0
North Carolina,Greensboro city,"Greensboro city, North Carolina",2015,285344,7651.0,1464.0,44934,665.0
North Carolina,Greenville city,"Greenville city, North Carolina",2015,90588,,540.0,34305,562.0
North Carolina,High Point city,"High Point city, North Carolina",2015,109828,,1062.0,40263,597.0
North Carolina,Jacksonville city,"Jacksonville city, North Carolina",2015,67363,,134.0,41375,817.0
North Carolina,Raleigh city,"Raleigh city, North Carolina",2015,451949,18364.0,2700.0,56910,846.0
North Carolina,Wilmington city,"Wilmington city, North Carolina",2015,115947,4044.0,1260.0,42232,740.0
North Carolina,Winston-Salem city,"Winston-Salem city, North Carolina",2015,241232,5888.0,1274.0,41287,585.0
North Dakota,Bismarck city,"Bismarck city, North Dakota",2015,70240,,344.0,57596,763.0
North Dakota,Fargo city,"Fargo city, North Dakota",2015,119250,,1715.0,45856,689.0
Ohio,Akron city,"Akron city, Ohio",2015,197553,,9509.0,34639,556.0
Ohio,Canton city,"Canton city, Ohio",2015,71895,,3865.0,30601,462.0
Ohio,Cincinnati city,"Cincinnati city, Ohio",2015,298537,6338.0,9957.0,35001,555.0
Ohio,Cleveland city,"Cleveland city, Ohio",2015,388059,3800.0,9061.0,28831,540.0
Ohio,Columbus city,"Columbus city, Ohio",2015,849067,16065.0,10329.0,47401,706.0
Ohio,Dayton city,"Dayton city, Ohio",2015,140597,1424.0,2453.0,30135,494.0
Ohio,Lorain city,"Lorain city, Ohio",2015,63651,,1062.0,35447,513.0
Ohio,Parma city,"Parma city, Ohio",2015,79943,,658.0,52093,672.0
Ohio,Toledo city,"Toledo city, Ohio",2015,279778,2219.0,4525.0,35289,532.0
Ohio,Youngstown city,"Youngstown city, Ohio",2015,64609,,1723.0,23984,456.0
Oklahoma,Broken Arrow city,"Broken Arrow city, Oklahoma",2015,107595,,944.0,70242,814.0
Oklahoma,Edmond city,"Edmond city, Oklahoma",2015,90090,,350.0,73885,788.0
Oklahoma,Lawton city,"Lawton city, Oklahoma",2015,96659,,925.0,42635,613.0
Oklahoma,Norman city,"Norman city, Oklahoma",2015,120297,2005.0,510.0,54159,700.0
Oklahoma,Oklahoma City city,"Oklahoma City city, Oklahoma",2015,631263,9974.0,9841.0,50739,635.0
Oklahoma,Tulsa city,"Tulsa city, Oklahoma",2015,403091,8383.0,5044.0,43322,625.0
Oregon,Beaverton city,"Beaverton city, Oregon",2015,96577,3205.0,1297.0,56564,950.0
Oregon,Bend city,"Bend city, Oregon",2015,87017,,695.0,52905,882.0
Oregon,Eugene city,"Eugene city, Oregon",2015,163448,3348.0,2993.0,45927,830.0
Oregon,Gresham city,"Gresham city, Oregon",2015,110582,1805.0,3139.0,46457,832.0
Oregon,Hillsboro city,"Hillsboro city, Oregon",2015,102360,2665.0,671.0,72242,1127.0
Oregon,Medford city,"Medford city, Oregon",2015,79795,,968.0,40806,746.0
Oregon,Portland city,"Portland city, Oregon",2015,632187,24053.0,10327.0,60892,926.0
Oregon,Salem city,"Salem city, Oregon",2015,164543,3349.0,5698.0,49037,699.0
Pennsylvania,Allentown city,"Allentown city, Pennsylvania",2015,120207,1203.0,1615.0,37146,752.0
Pennsylvania,Bethlehem city,"Bethlehem city, Pennsylvania",2015,74367,1148.0,3605.0,47289,822.0
Pennsylvania,Erie city,"Erie city, Pennsylvania",2015,99470,1445.0,2081.0,35139,528.0
Pennsylvania,Philadelphia city,"Philadelphia city, Pennsylvania",2015,1567442,21990.0,41783.0,41233,777.0
Pennsylvania,Pittsburgh city,"Pittsburgh city, Pennsylvania",2015,304385,7951.0,5784.0,41293,735.0
Pennsylvania,Reading city,"Reading city, Pennsylvania",2015,87873,483.0,1577.0,26531,576.0
Pennsylvania,Scranton city,"Scranton city, Pennsylvania",2015,77112,,1299.0,36630,609.0
Rhode Island,Cranston city,"Cranston city, Rhode Island",2015,81077,,1314.0,61963,839.0
Rhode Island,Pawtucket city,"Pawtucket city, Rhode Island",2015,71583,,963.0,43886,745.0
Rhode Island,Providence city,"Providence city, Rhode Island",2015,179204,2711.0,4347.0,39015,782.0
Rhode Island,Warwick city,"Warwick city, Rhode Island",2015,81698,,1204.0,74570,981.0
South Carolina,Charleston city,"Charleston city, South Carolina",2015,135524,5138.0,1057.0,61993,957.0
South Carolina,Columbia city,"Columbia city, South Carolina",2015,133393,2407.0,846.0,41435,678.0
South Carolina,Mount Pleasant town,"Mount Pleasant town, South Carolina",2015,81309,,208.0,82826,1237.0
South Carolina,North Charleston city,"North Charleston city, South Carolina",2015,111864,,800.0,40365,748.0
South Carolina,Rock Hill city,"Rock Hill city, South Carolina",2015,71567,,702.0,40885,665.0
South Dakota,Rapid City city,"Rapid City city, South Dakota",2015,73568,,394.0,49702,699.0
South Dakota,Sioux Falls city,"Sioux Falls city, South Dakota",2015,171530,2806.0,1675.0,53802,678.0
Tennessee,Chattanooga city,"Chattanooga city, Tennessee",2015,176597,3656.0,2058.0,40004,621.0
Tennessee,Clarksville city,"Clarksville city, Tennessee",2015,149190,968.0,1031.0,46113,721.0
Tennessee,Franklin city,"Franklin city, Tennessee",2015,72635,,238.0,91786,1151.0
Tennessee,Jackson city,"Jackson city, Tennessee",2015,66980,,383.0,43876,622.0
Tennessee,Johnson City city,"Johnson City city, Tennessee",2015,65369,,630.0,40481,601.0
Tennessee,Knoxville city,"Knoxville city, Tennessee",2015,185312,2487.0,2089.0,37200,625.0
Tennessee,Memphis city,"Memphis city, Tennessee",2015,655760,7652.0,7356.0,36908,628.0
Tennessee,Murfreesboro city,"Murfreesboro city, Tennessee",2015,126121,,1145.0,52266,786.0
Tennessee,Nashville-Davidson metropolitan government (balance),"Nashville-Davidson metropolitan government (balance), Tennessee",2015,654596,14490.0,12220.0,51393,790.0
Texas,Abilene city,"Abilene city, Texas",2015,125876,,768.0,44176,619.0
Texas,Allen city,"Allen city, Texas",2015,98138,,708.0,100167,1135.0
Texas,Amarillo city,"Amarillo city, Texas",2015,199651,1764.0,1344.0,50192,650.0
Texas,Arlington city,"Arlington city, Texas",2015,388122,9246.0,1880.0,53487,799.0
Texas,Atascocita CDP,"Atascocita CDP, Texas",2015,78240,,391.0,87235,1093.0
Texas,Austin city,"Austin city, Texas",2015,931840,40801.0,3616.0,62250,964.0
Texas,Baytown city,"Baytown city, Texas",2015,75485,,316.0,51791,645.0
Texas,Beaumont city,"Beaumont city, Texas",2015,118110,,130.0,47570,672.0
Texas,Brownsville city,"Brownsville city, Texas",2015,183888,2162.0,1721.0,34050,504.0
Texas,Bryan city,"Bryan city, Texas",2015,82106,,362.0,44486,654.0
Texas,Carrollton city,"Carrollton city, Texas",2015,133146,,519.0,67365,954.0
Texas,Cedar Park city,"Cedar Park city, Texas",2015,64837,,85.0,90762,1026.0
Texas,College Station city,"College Station city, Texas",2015,107899,,273.0,37478,744.0
Texas,Conroe city,"Conroe city, Texas",2015,68592,,107.0,50112,776.0
Texas,Corpus Christi city,"Corpus Christi city, Texas",2015,324082,2072.0,1824.0,51255,776.0
Texas,Dallas city,"Dallas city, Texas",2015,1300082,28468.0,5991.0,45918,756.0
Texas,Denton city,"Denton city, Texas",2015,131047,3115.0,655.0,52023,809.0
Texas,Edinburg city,"Edinburg city, Texas",2015,84501,,473.0,41004,572.0
Texas,El Paso city,"El Paso city, Texas",2015,681136,10332.0,6642.0,45069,659.0
Texas,Flower Mound town,"Flower Mound town, Texas",2015,71024,,347.0,120084,1415.0
Texas,Fort Worth city,"Fort Worth city, Texas",2015,836969,11975.0,4394.0,55888,765.0
Texas,Frisco city,"Frisco city, Texas",2015,154388,,151.0,123055,1188.0
Texas,Garland city,"Garland city, Texas",2015,236836,4812.0,1673.0,55725,834.0
Texas,Grand Prairie city,"Grand Prairie city, Texas",2015,187755,,1482.0,60838,825.0
Texas,Harlingen city,"Harlingen city, Texas",2015,65769,,460.0,35810,557.0
Texas,Houston city,"Houston city, Texas",2015,2298628,40944.0,11379.0,48064,783.0
Texas,Irving city,"Irving city, Texas",2015,236617,5228.0,4487.0,56846,832.0
Texas,Killeen city,"Killeen city, Texas",2015,140809,,555.0,44716,727.0
Texas,Laredo city,"Laredo city, Texas",2015,255789,1961.0,1138.0,40660,620.0
Texas,League City city,"League City city, Texas",2015,98350,,90.0,111819,1180.0
Texas,Lewisville city,"Lewisville city, Texas",2015,104808,,142.0,56254,941.0
Texas,Longview city,"Longview city, Texas",2015,81590,,487.0,44969,669.0
Texas,Lubbock city,"Lubbock city, Texas",2015,249051,3049.0,1151.0,45551,695.0
Texas,McAllen city,"McAllen city, Texas",2015,140253,1478.0,320.0,45186,605.0
Texas,McKinney city,"McKinney city, Texas",2015,162887,,484.0,83317,1028.0
Texas,Mesquite city,"Mesquite city, Texas",2015,145124,,705.0,47518,772.0
Texas,Midland city,"Midland city, Texas",2015,132950,,799.0,80700,1069.0
Texas,Mission city,"Mission city, Texas",2015,83307,,135.0,47205,704.0
Texas,Missouri City city,"Missouri City city, Texas",2015,71778,,117.0,92696,1311.0
Texas,New Braunfels city,"New Braunfels city, Texas",2015,69923,,205.0,61330,916.0
Texas,North Richland Hills city,"North Richland Hills city, Texas",2015,69205,,203.0,61498,844.0
Texas,Odessa city,"Odessa city, Texas",2015,118980,,804.0,66585,887.0
Texas,Pasadena city,"Pasadena city, Texas",2015,153786,,471.0,50236,718.0
Texas,Pearland city,"Pearland city, Texas",2015,111665,,111.0,97209,1168.0
Texas,Pharr city,"Pharr city, Texas",2015,76535,,348.0,33269,573.0
Texas,Plano city,"Plano city, Texas",2015,283619,11469.0,1078.0,83769,1070.0
Texas,Richardson city,"Richardson city, Texas",2015,110827,6150.0,461.0,80398,1107.0
Texas,Round Rock city,"Round Rock city, Texas",2015,115839,,520.0,75974,955.0
Texas,San Angelo city,"San Angelo city, Texas",2015,100413,,754.0,46353,693.0
Texas,San Antonio city,"San Antonio city, Texas",2015,1469824,26502.0,8100.0,48869,756.0
Texas,Sugar Land city,"Sugar Land city, Texas",2015,88129,,330.0,111124,1412.0
Texas,Temple city,"Temple city, Texas",2015,72297,,904.0,44749,666.0
Texas,The Woodlands CDP,"The Woodlands CDP, Texas",2015,119144,,326.0,111327,1585.0
Texas,Tyler city,"Tyler city, Texas",2015,103705,,529.0,43222,723.0
Texas,Victoria city,"Victoria city, Texas",2015,67581,,718.0,53779,679.0
Texas,Waco city,"Waco city, Texas",2015,132342,,487.0,36792,651.0
Texas,Wichita Falls city,"Wichita Falls city, Texas",2015,104709,,496.0,44448,582.0
Utah,Layton city,"Layton city, Utah",2015,74142,,1100.0,73242,860.0
Utah,Ogden city,"Ogden city, Utah",2015,85450,1891.0,758.0,42460,630.0
Utah,Orem city,"Orem city, Utah",2015,94457,2362.0,300.0,55581,826.0
Utah,Provo city,"Provo city, Utah",2015,115258,3088.0,543.0,46388,717.0
Utah,Salt Lake City city,"Salt Lake City city, Utah",2015,192660,4179.0,937.0,48761,766.0
Utah,Sandy city,"Sandy city, Utah",2015,93612,3396.0,186.0,81581,1075.0
Utah,South Jordan city,"South Jordan city, Utah",2015,66639,,104.0,99681,1210.0
Utah,St. George city,"St. George city, Utah",2015,80207,,464.0,55094,829.0
Utah,West Jordan city,"West Jordan city, Utah",2015,111942,2438.0,1053.0,68928,997.0
Utah,West Valley City city,"West Valley City city, Utah",2015,136224,,664.0,57111,813.0
Virginia,Alexandria city,"Alexandria city, Virginia",2015,153511,4393.0,471.0,90056,1498.0
Virginia,Arlington CDP,"Arlington CDP, Virginia",2015,229164,8098.0,1461.0,106768,1788.0
Virginia,Centreville CDP,"Centreville CDP, Virginia",2015,71782,,173.0,104056,1597.0
Virginia,Chesapeake city,"Chesapeake city, Virginia",2015,235429,5366.0,1416.0,67491,1038.0
Virginia,Dale City CDP,"Dale City CDP, Virginia",2015,71399,597.0,774.0,82994,1481.0
Virginia,Hampton city,"Hampton city, Virginia",2015,136454,2288.0,1878.0,51867,898.0
Virginia,Lynchburg city,"Lynchburg city, Virginia",2015,79812,,890.0,39374,658.0
Virginia,Newport News city,"Newport News city, Virginia",2015,182385,1900.0,2419.0,48630,803.0
Virginia,Norfolk city,"Norfolk city, Virginia",2015,246393,3638.0,1888.0,45996,812.0
Virginia,Portsmouth city,"Portsmouth city, Virginia",2015,96201,,1041.0,49242,794.0
Virginia,Richmond city,"Richmond city, Virginia",2015,220289,4853.0,2586.0,39906,771.0
Virginia,Roanoke city,"Roanoke city, Virginia",2015,99897,,1933.0,39835,597.0
Virginia,Suffolk city,"Suffolk city, Virginia",2015,88161,,1704.0,61203,800.0
Virginia,Virginia Beach city,"Virginia Beach city, Virginia",2015,452745,7332.0,4095.0,67281,1072.0
Washington,Auburn city,"Auburn city, Washington",2015,76580,,927.0,70602,968.0
Washington,Bellevue city,"Bellevue city, Washington",2015,139814,5836.0,1147.0,98804,1581.0
Washington,Bellingham city,"Bellingham city, Washington",2015,85143,2902.0,1022.0,49245,831.0
Washington,Everett city,"Everett city, Washington",2015,108012,3116.0,1996.0,51755,912.0
Washington,Federal Way city,"Federal Way city, Washington",2015,95188,,1610.0,62174,930.0
Washington,Kennewick city,"Kennewick city, Washington",2015,78903,,1107.0,52202,696.0
Washington,Kent city,"Kent city, Washington",2015,126962,2102.0,1418.0,66790,1023.0
Washington,Kirkland city,"Kirkland city, Washington",2015,87267,2418.0,948.0,102420,1450.0
Washington,Marysville city,"Marysville city, Washington",2015,66773,,841.0,75120,1100.0
Washington,Pasco city,"Pasco city, Washington",2015,68097,,414.0,60054,738.0
Washington,Renton city,"Renton city, Washington",2015,100247,,890.0,68656,1159.0
Washington,Seattle city,"Seattle city, Washington",2015,684443,27712.0,8472.0,80349,1259.0
Washington,Spokane Valley city,"Spokane Valley city, Washington",2015,94908,,1995.0,43296,740.0
Washington,Spokane city,"Spokane city, Washington",2015,213267,3964.0,4873.0,44350,649.0
Washington,Tacoma city,"Tacoma city, Washington",2015,207950,5088.0,4417.0,52437,872.0
Washington,Vancouver city,"Vancouver city, Washington",2015,172853,4815.0,3651.0,51988,919.0
Washington,Yakima city,"Yakima city, Washington",2015,93700,,1555.0,44050,644.0
Wisconsin,Appleton city,"Appleton city, Wisconsin",2015,75255,,721.0,49405,638.0
Wisconsin,Eau Claire city,"Eau Claire city, Wisconsin",2015,67433,,459.0,48631,657.0
Wisconsin,Green Bay city,"Green Bay city, Wisconsin",2015,105221,1559.0,724.0,41811,566.0
Wisconsin,Kenosha city,"Kenosha city, Wisconsin",2015,99856,1371.0,898.0,48235,667.0
Wisconsin,Madison city,"Madison city, Wisconsin",2015,248956,5861.0,1199.0,57690,896.0
Wisconsin,Milwaukee city,"Milwaukee city, Wisconsin",2015,600154,8301.0,9472.0,37495,666.0
Wisconsin,Oshkosh city,"Oshkosh city, Wisconsin",2015,66557,,549.0,44689,615.0
Wisconsin,Racine city,"Racine city, Wisconsin",2015,77737,,4468.0,42472,644.0
Wisconsin,Waukesha city,"Waukesha city, Wisconsin",2015,71976,,557.0,60734,767.0
Alabama,Birmingham city,"Birmingham city, Alabama",2016,213434,1205.0,2539.0,36241,594.0
Alabama,Dothan city,"Dothan city, Alabama",2016,67714,,314.0,42336,537.0
Alabama,Hoover city,"Hoover city, Alabama",2016,84943,,0.0,79004,854.0
Alabama,Huntsville city,"Huntsville city, Alabama",2016,196225,,3101.0,51895,635.0
Alabama,Mobile city,"Mobile city, Alabama",2016,192895,3031.0,768.0,39463,609.0
Alabama,Montgomery city,"Montgomery city, Alabama",2016,200024,3080.0,1231.0,41625,633.0
Alabama,Tuscaloosa city,"Tuscaloosa city, Alabama",2016,99556,,2029.0,39298,649.0
Alaska,Anchorage municipality,"Anchorage municipality, Alaska",2016,298192,6926.0,6021.0,85634,1194.0
Arizona,Avondale city,"Avondale city, Arizona",2016,82875,,367.0,58404,915.0
Arizona,Casas Adobes CDP,"Casas Adobes CDP, Arizona",2016,70589,,294.0,63407,896.0
Arizona,Chandler city,"Chandler city, Arizona",2016,247459,7688.0,1274.0,75369,1069.0
Arizona,Flagstaff city,"Flagstaff city, Arizona",2016,71455,,576.0,59658,1032.0
Arizona,Gilbert town,"Gilbert town, Arizona",2016,237120,10516.0,657.0,91576,1218.0
Arizona,Glendale city,"Glendale city, Arizona",2016,245849,5965.0,2094.0,51022,770.0
Arizona,Goodyear city,"Goodyear city, Arizona",2016,77266,,215.0,73960,1073.0
Arizona,Mesa city,"Mesa city, Arizona",2016,484622,14860.0,2139.0,52393,833.0
Arizona,Peoria city,"Peoria city, Arizona",2016,164198,6232.0,1717.0,68882,990.0
Arizona,Phoenix city,"Phoenix city, Arizona",2016,1615041,43138.0,10751.0,52062,804.0
Arizona,San Tan Valley CDP,"San Tan Valley CDP, Arizona",2016,82911,,128.0,58608,965.0
Arizona,Scottsdale city,"Scottsdale city, Arizona",2016,246646,13249.0,708.0,81381,1138.0
Arizona,Surprise city,"Surprise city, Arizona",2016,132673,,815.0,60521,1053.0
Arizona,Tempe city,"Tempe city, Arizona",2016,182499,4600.0,967.0,56365,968.0
Arizona,Tucson city,"Tucson city, Arizona",2016,530690,10341.0,4322.0,40021,658.0
Arizona,Yuma city,"Yuma city, Arizona",2016,94892,,802.0,42731,667.0
Arkansas,Conway city,"Conway city, Arkansas",2016,65300,,355.0,49183,646.0
Arkansas,Fayetteville city,"Fayetteville city, Arkansas",2016,83823,,169.0,38202,626.0
Arkansas,Fort Smith city,"Fort Smith city, Arkansas",2016,88122,,813.0,38051,507.0
Arkansas,Jonesboro city,"Jonesboro city, Arkansas",2016,74892,,437.0,41434,625.0
Arkansas,Little Rock city,"Little Rock city, Arkansas",2016,198546,3792.0,1027.0,45605,674.0
Arkansas,North Little Rock city,"North Little Rock city, Arkansas",2016,66273,,585.0,40507,629.0
Arkansas,Rogers city,"Rogers city, Arkansas",2016,65016,,179.0,53179,639.0
Arkansas,Springdale city,"Springdale city, Arkansas",2016,81799,,273.0,47523,574.0
California,Alameda city,"Alameda city, California",2016,78907,2998.0,726.0,92377,1600.0
California,Alhambra city,"Alhambra city, California",2016,85465,,871.0,52819,1270.0
California,Anaheim city,"Anaheim city, California",2016,351066,5288.0,2860.0,64464,1367.0
California,Antioch city,"Antioch city, California",2016,110876,,2978.0,81203,1548.0
California,Apple Valley town,"Apple Valley town, California",2016,72542,,1486.0,46682,835.0
California,Arden-Arcade CDP,"Arden-Arcade CDP, California",2016,106061,3131.0,3080.0,41786,813.0
California,Bakersfield city,"Bakersfield city, California",2016,376371,5487.0,7372.0,59233,855.0
California,Baldwin Park city,"Baldwin Park city, California",2016,76465,,557.0,63549,1290.0
California,Bellflower city,"Bellflower city, California",2016,77789,,548.0,49750,1143.0
California,Berkeley city,"Berkeley city, California",2016,121241,7292.0,731.0,78121,1581.0
California,Buena Park city,"Buena Park city, California",2016,83148,,860.0,70224,1420.0
California,Burbank city,"Burbank city, California",2016,104451,2778.0,1345.0,72618,1390.0
California,Camarillo city,"Camarillo city, California",2016,67345,,230.0,79397,1779.0
California,Carlsbad city,"Carlsbad city, California",2016,113957,,156.0,113217,1820.0
California,Carmichael CDP,"Carmichael CDP, California",2016,63064,,555.0,58489,925.0
California,Carson city,"Carson city, California",2016,92821,1072.0,553.0,80616,1368.0
California,Castro Valley CDP,"Castro Valley CDP, California",2016,65153,,681.0,90075,1579.0
California,Chico city,"Chico city, California",2016,91545,2035.0,1696.0,39488,888.0
California,Chino Hills city,"Chino Hills city, California",2016,78821,,54.0,99324,1874.0
California,Chino city,"Chino city, California",2016,87771,,850.0,68666,1325.0
California,Chula Vista city,"Chula Vista city, California",2016,267169,6080.0,2516.0,68699,1327.0
California,Citrus Heights city,"Citrus Heights city, California",2016,87444,2572.0,1204.0,59465,1012.0
California,Clovis city,"Clovis city, California",2016,106587,,1836.0,65976,954.0
California,Compton city,"Compton city, California",2016,97537,,3359.0,49125,1030.0
California,Concord city,"Concord city, California",2016,128728,2709.0,1275.0,76335,1459.0
California,Corona city,"Corona city, California",2016,166774,3791.0,812.0,71584,1387.0
California,Costa Mesa city,"Costa Mesa city, California",2016,112825,4183.0,398.0,81019,1697.0
California,Daly City city,"Daly City city, California",2016,106484,968.0,485.0,89843,1928.0
California,Davis city,"Davis city, California",2016,68107,,102.0,64452,1275.0
California,Downey city,"Downey city, California",2016,113267,1528.0,1056.0,65578,1261.0
California,East Los Angeles CDP,"East Los Angeles CDP, California",2016,127804,,1641.0,42352,995.0
California,El Cajon city,"El Cajon city, California",2016,103769,,4704.0,45577,1097.0
California,El Monte city,"El Monte city, California",2016,115800,2345.0,1667.0,48434,1115.0
California,Elk Grove city,"Elk Grove city, California",2016,169780,4544.0,1675.0,91899,1346.0
California,Escondido city,"Escondido city, California",2016,151594,3123.0,1625.0,60328,1204.0
California,Fairfield city,"Fairfield city, California",2016,114757,,1463.0,69235,1232.0
California,Florence-Graham CDP,"Florence-Graham CDP, California",2016,63582,,925.0,35546,983.0
California,Folsom city,"Folsom city, California",2016,77278,,235.0,102460,1428.0
California,Fontana city,"Fontana city, California",2016,209659,5758.0,1982.0,66073,1045.0
California,Fremont city,"Fremont city, California",2016,233145,5918.0,2893.0,122419,2080.0
California,Fresno city,"Fresno city, California",2016,522021,10366.0,14183.0,44905,774.0
California,Fullerton city,"Fullerton city, California",2016,140734,2627.0,1429.0,72656,1405.0
California,Garden Grove city,"Garden Grove city, California",2016,174877,2309.0,1331.0,63566,1412.0
California,Glendale city,"Glendale city, California",2016,200826,6856.0,3609.0,64611,1357.0
California,Hawthorne city,"Hawthorne city, California",2016,88032,,1835.0,48354,1033.0
California,Hayward city,"Hayward city, California",2016,158969,3105.0,2689.0,75352,1567.0
California,Hemet city,"Hemet city, California",2016,84277,,868.0,37314,869.0
California,Hesperia city,"Hesperia city, California",2016,93714,,1157.0,51255,920.0
California,Huntington Beach city,"Huntington Beach city, California",2016,200631,8668.0,858.0,86112,1699.0
California,Indio city,"Indio city, California",2016,88484,,1102.0,40449,834.0
California,Inglewood city,"Inglewood city, California",2016,110667,2018.0,1452.0,51620,1186.0
California,Irvine city,"Irvine city, California",2016,266117,10865.0,2139.0,97496,2134.0
California,Jurupa Valley city,"Jurupa Valley city, California",2016,103543,,1245.0,61800,1128.0
California,Laguna Niguel city,"Laguna Niguel city, California",2016,65328,,193.0,107101,1875.0
California,Lake Forest city,"Lake Forest city, California",2016,83236,,450.0,100557,1852.0
California,Lakewood city,"Lakewood city, California",2016,81121,,659.0,86068,1418.0
California,Lancaster city,"Lancaster city, California",2016,160107,1766.0,2000.0,46910,984.0
California,Livermore city,"Livermore city, California",2016,89118,4183.0,340.0,111625,1695.0
California,Long Beach city,"Long Beach city, California",2016,470140,10286.0,7219.0,60075,1123.0
California,Los Angeles city,"Los Angeles city, California",2016,3976324,118590.0,53130.0,54432,1202.0
California,Lynwood city,"Lynwood city, California",2016,71184,563.0,653.0,45201,990.0
California,Manteca city,"Manteca city, California",2016,76912,,1023.0,62106,1149.0
California,Menifee city,"Menifee city, California",2016,88510,,616.0,59895,1295.0
California,Merced city,"Merced city, California",2016,82573,,3407.0,41312,752.0
California,Milpitas city,"Milpitas city, California",2016,77534,,348.0,116056,2125.0
California,Mission Viejo city,"Mission Viejo city, California",2016,96386,,361.0,111503,2101.0
California,Modesto city,"Modesto city, California",2016,212172,5302.0,3064.0,55013,895.0
California,Moreno Valley city,"Moreno Valley city, California",2016,205516,2598.0,2374.0,64008,1193.0
California,Mountain View city,"Mountain View city, California",2016,80459,2690.0,0.0,121533,2172.0
California,Murrieta city,"Murrieta city, California",2016,111682,,756.0,81467,1357.0
California,Napa city,"Napa city, California",2016,80412,2827.0,413.0,68198,1358.0
California,Newport Beach city,"Newport Beach city, California",2016,86683,,82.0,113300,2052.0
California,Norwalk city,"Norwalk city, California",2016,106161,766.0,1549.0,63143,1349.0
California,Oakland city,"Oakland city, California",2016,419987,15323.0,4914.0,68060,1216.0
California,Oceanside city,"Oceanside city, California",2016,175441,4089.0,2324.0,60487,1499.0
California,Ontario city,"Ontario city, California",2016,173211,5199.0,1476.0,55982,1230.0
California,Orange city,"Orange city, California",2016,140507,2810.0,1070.0,84141,1559.0
California,Oxnard city,"Oxnard city, California",2016,207911,2520.0,1388.0,64279,1394.0
California,Palmdale city,"Palmdale city, California",2016,157349,4346.0,2869.0,52423,986.0
California,Palo Alto city,"Palo Alto city, California",2016,67021,2966.0,59.0,132673,2244.0
California,Pasadena city,"Pasadena city, California",2016,142052,5594.0,1070.0,76263,1406.0
California,Perris city,"Perris city, California",2016,76330,,490.0,48974,1260.0
California,Pittsburg city,"Pittsburg city, California",2016,70677,1017.0,920.0,67392,1395.0
California,Pleasanton city,"Pleasanton city, California",2016,82267,3613.0,264.0,142412,2182.0
California,Pomona city,"Pomona city, California",2016,152476,2628.0,1844.0,53972,1175.0
California,Rancho Cordova city,"Rancho Cordova city, California",2016,72319,,1345.0,56890,985.0
California,Rancho Cucamonga city,"Rancho Cucamonga city, California",2016,176540,6272.0,1046.0,81286,1479.0
California,Redding city,"Redding city, California",2016,91797,,1151.0,46749,818.0
California,Redlands city,"Redlands city, California",2016,71288,,796.0,72094,1084.0
California,Redondo Beach city,"Redondo Beach city, California",2016,67863,,1016.0,97169,1820.0
California,Redwood City city,"Redwood City city, California",2016,84965,2249.0,672.0,100949,2061.0
California,Rialto city,"Rialto city, California",2016,103300,,1698.0,53582,1031.0
California,Richmond city,"Richmond city, California",2016,109814,2779.0,1064.0,61814,1227.0
California,Riverside city,"Riverside city, California",2016,324727,5475.0,4119.0,63548,1143.0
California,Roseville city,"Roseville city, California",2016,132683,,961.0,86275,1295.0
California,Sacramento city,"Sacramento city, California",2016,495200,11940.0,9450.0,55187,992.0
California,Salinas city,"Salinas city, California",2016,157224,1943.0,567.0,58089,1137.0
California,San Bernardino city,"San Bernardino city, California",2016,216242,2457.0,5261.0,39472,853.0
California,San Buenaventura (Ventura) city,"San Buenaventura (Ventura) city, California",2016,109591,2892.0,479.0,74680,1442.0
California,San Clemente city,"San Clemente city, California",2016,65304,,775.0,80382,1567.0
California,San Diego city,"San Diego city, California",2016,1406622,49082.0,9643.0,71481,1466.0
California,San Francisco city,"San Francisco city, California",2016,870887,32191.0,7267.0,103801,1731.0
California,San Jose city,"San Jose city, California",2016,1025373,22719.0,9076.0,101940,1840.0
California,San Leandro city,"San Leandro city, California",2016,90460,,1335.0,65963,1269.0
California,San Marcos city,"San Marcos city, California",2016,95268,2805.0,986.0,81709,1471.0
California,San Mateo city,"San Mateo city, California",2016,103959,3805.0,1043.0,114444,2121.0
California,San Ramon city,"San Ramon city, California",2016,75643,3091.0,408.0,151327,2233.0
California,Santa Ana city,"Santa Ana city, California",2016,334236,4735.0,3769.0,61895,1357.0
California,Santa Barbara city,"Santa Barbara city, California",2016,91940,4362.0,525.0,67593,1675.0
California,Santa Clara city,"Santa Clara city, California",2016,125938,4080.0,806.0,110110,2231.0
California,Santa Clarita city,"Santa Clarita city, California",2016,181960,6275.0,1097.0,94649,1694.0
California,Santa Maria city,"Santa Maria city, California",2016,106286,1217.0,875.0,55775,1267.0
California,Santa Monica city,"Santa Monica city, California",2016,92478,4960.0,382.0,90088,1486.0
California,Santa Rosa city,"Santa Rosa city, California",2016,175143,6042.0,1612.0,71854,1435.0
California,Simi Valley city,"Simi Valley city, California",2016,126327,,609.0,94363,1705.0
California,South Gate city,"South Gate city, California",2016,95537,1065.0,1425.0,46556,985.0
California,South San Francisco city,"South San Francisco city, California",2016,66989,,440.0,90545,1783.0
California,Stockton city,"Stockton city, California",2016,307057,5339.0,6453.0,49271,850.0
California,Sunnyvale city,"Sunnyvale city, California",2016,152762,4213.0,759.0,121546,2262.0
California,Temecula city,"Temecula city, California",2016,113062,,838.0,90179,1577.0
California,Thousand Oaks city,"Thousand Oaks city, California",2016,128915,,645.0,100578,1903.0
California,Torrance city,"Torrance city, California",2016,147185,3368.0,350.0,85710,1533.0
California,Tracy city,"Tracy city, California",2016,89263,,975.0,81576,1433.0
California,Turlock city,"Turlock city, California",2016,72808,,508.0,50691,853.0
California,Tustin city,"Tustin city, California",2016,80379,2841.0,376.0,71601,1658.0
California,Union City city,"Union City city, California",2016,75316,1223.0,1271.0,98367,1942.0
California,Upland city,"Upland city, California",2016,76691,,640.0,65578,1324.0
California,Vacaville city,"Vacaville city, California",2016,98308,,699.0,85422,1334.0
California,Vallejo city,"Vallejo city, California",2016,121316,1420.0,2729.0,65241,1279.0
California,Victorville city,"Victorville city, California",2016,122283,,2101.0,48065,1038.0
California,Visalia city,"Visalia city, California",2016,131069,,2876.0,55280,797.0
California,Vista city,"Vista city, California",2016,101665,,1704.0,61433,1374.0
California,Walnut Creek city,"Walnut Creek city, California",2016,69127,2383.0,469.0,89814,1820.0
California,West Covina city,"West Covina city, California",2016,107840,1693.0,666.0,74076,1438.0
California,Westminster city,"Westminster city, California",2016,91565,,926.0,60426,1316.0
California,Whittier city,"Whittier city, California",2016,86892,2663.0,633.0,73866,1086.0
California,Yorba Linda city,"Yorba Linda city, California",2016,68236,,243.0,126350,1837.0
California,Yuba City city,"Yuba City city, California",2016,66837,,915.0,50246,803.0
Colorado,Arvada city,"Arvada city, Colorado",2016,117308,4018.0,564.0,75082,1182.0
Colorado,Aurora city,"Aurora city, Colorado",2016,362249,9145.0,2655.0,59467,1149.0
Colorado,Boulder city,"Boulder city, Colorado",2016,108108,8801.0,191.0,70158,1392.0
Colorado,Broomfield city,"Broomfield city, Colorado",2016,66529,,331.0,84349,1405.0
Colorado,Centennial city,"Centennial city, Colorado",2016,109935,6836.0,217.0,102237,1531.0
Colorado,Colorado Springs city,"Colorado Springs city, Colorado",2016,465084,14383.0,4866.0,60308,885.0
Colorado,Denver city,"Denver city, Colorado",2016,693060,30811.0,6747.0,61105,1134.0
Colorado,Fort Collins city,"Fort Collins city, Colorado",2016,164196,6144.0,923.0,59357,1133.0
Colorado,Greeley city,"Greeley city, Colorado",2016,104003,1819.0,1226.0,51205,827.0
Colorado,Highlands Ranch CDP,"Highlands Ranch CDP, Colorado",2016,112436,6905.0,441.0,114288,1511.0
Colorado,Lakewood city,"Lakewood city, Colorado",2016,154368,5395.0,1616.0,59144,1137.0
Colorado,Longmont city,"Longmont city, Colorado",2016,92813,,743.0,60661,1099.0
Colorado,Loveland city,"Loveland city, Colorado",2016,76906,,1069.0,67812,1066.0
Colorado,Pueblo city,"Pueblo city, Colorado",2016,110295,,2142.0,38380,649.0
Colorado,Thornton city,"Thornton city, Colorado",2016,136690,4034.0,980.0,75289,1178.0
Colorado,Westminster city,"Westminster city, Colorado",2016,113865,3728.0,369.0,71313,1156.0
Connecticut,Bridgeport city,"Bridgeport city, Connecticut",2016,145934,1869.0,2145.0,42113,890.0
Connecticut,Danbury city,"Danbury city, Connecticut",2016,85008,,447.0,70187,1202.0
Connecticut,Hartford city,"Hartford city, Connecticut",2016,123287,1867.0,7929.0,36637,794.0
Connecticut,New Britain city,"New Britain city, Connecticut",2016,72570,,2039.0,41128,869.0
Connecticut,New Haven city,"New Haven city, Connecticut",2016,129939,3184.0,3679.0,40457,957.0
Connecticut,Norwalk city,"Norwalk city, Connecticut",2016,88440,,465.0,88209,1401.0
Connecticut,Stamford city,"Stamford city, Connecticut",2016,129105,3079.0,936.0,87662,1541.0
Connecticut,Waterbury city,"Waterbury city, Connecticut",2016,108269,,3530.0,38752,793.0
Delaware,Wilmington city,"Wilmington city, Delaware",2016,71455,1142.0,742.0,36435,785.0
District of Columbia,Washington city,"Washington city, District of Columbia",2016,681170,21761.0,11025.0,75506,1290.0
Florida,Alafaya CDP,"Alafaya CDP, Florida",2016,91779.0,,343.0,65655,1280.0
Florida,Boca Raton city,"Boca Raton city, Florida",2016,96115.0,,138.0,68804,1471.0
Florida,Boynton Beach city,"Boynton Beach city, Florida",2016,75569.0,,843.0,53188,1320.0
Florida,Brandon CDP,"Brandon CDP, Florida",2016,109582.0,,735.0,60476,1048.0
Florida,Cape Coral city,"Cape Coral city, Florida",2016,179795.0,,1333.0,57006,977.0
Florida,Clearwater city,"Clearwater city, Florida",2016,114351.0,4349.0,1095.0,41844,802.0
Florida,Coral Springs city,"Coral Springs city, Florida",2016,130046.0,,927.0,70031,1295.0
Florida,Davie town,"Davie town, Florida",2016,101857.0,,507.0,64986,1224.0
Florida,Daytona Beach city,"Daytona Beach city, Florida",2016,66649.0,,566.0,31273,753.0
Florida,Deerfield Beach city,"Deerfield Beach city, Florida",2016,79754.0,,316.0,43556,1156.0
Florida,Delray Beach city,"Delray Beach city, Florida",2016,67366.0,,351.0,53620,1343.0
Florida,Deltona city,"Deltona city, Florida",2016,90139.0,,796.0,48161,868.0
Florida,Fort Lauderdale city,"Fort Lauderdale city, Florida",2016,178764.0,5706.0,1163.0,52813,1064.0
Florida,Fort Myers city,"Fort Myers city, Florida",2016,77154.0,,1010.0,36485,817.0
Florida,Gainesville city,"Gainesville city, Florida",2016,131593.0,2739.0,900.0,32968,740.0
Florida,Hialeah city,"Hialeah city, Florida",2016,236385.0,14736.0,1773.0,30495,956.0
Florida,Hollywood city,"Hollywood city, Florida",2016,152007.0,2892.0,1289.0,52682,1060.0
Florida,Homestead city,"Homestead city, Florida",2016,68000.0,,75.0,32001,902.0
Florida,Jacksonville city,"Jacksonville city, Florida",2016,880623.0,19137.0,9165.0,51298,828.0
Florida,Kendall CDP,"Kendall CDP, Florida",2016,77619.0,,406.0,62796,1227.0
Florida,Kissimmee city,"Kissimmee city, Florida",2016,69369.0,,1050.0,37232,901.0
Florida,Lakeland city,"Lakeland city, Florida",2016,106419.0,,1002.0,47311,827.0
Florida,Largo city,"Largo city, Florida",2016,83077.0,,1068.0,39384,833.0
Florida,Lauderhill city,"Lauderhill city, Florida",2016,71635.0,,176.0,41756,995.0
Florida,Lehigh Acres CDP,"Lehigh Acres CDP, Florida",2016,115673.0,,895.0,46904,877.0
Florida,Melbourne city,"Melbourne city, Florida",2016,81192.0,,895.0,43822,794.0
Florida,Miami Beach city,"Miami Beach city, Florida",2016,91905.0,4690.0,726.0,53685,1247.0
Florida,Miami Gardens city,"Miami Gardens city, Florida",2016,113045.0,,2443.0,40031,939.0
Florida,Miami city,"Miami city, Florida",2016,453584.0,9325.0,3979.0,34901,944.0
Florida,Miramar city,"Miramar city, Florida",2016,138461.0,,675.0,61767,1148.0
Florida,Orlando city,"Orlando city, Florida",2016,277198.0,6281.0,1997.0,46761,940.0
Florida,Palm Bay city,"Palm Bay city, Florida",2016,110107.0,,1036.0,45712,815.0
Florida,Palm Coast city,"Palm Coast city, Florida",2016,88337.0,,573.0,49371,1014.0
Florida,Pembroke Pines city,"Pembroke Pines city, Florida",2016,168587.0,,825.0,62812,1298.0
Florida,Pine Hills CDP,"Pine Hills CDP, Florida",2016,76048.0,,619.0,38365,793.0
Florida,Plantation city,"Plantation city, Florida",2016,92717.0,,300.0,64862,1467.0
Florida,Pompano Beach city,"Pompano Beach city, Florida",2016,109380.0,2290.0,350.0,42736,1052.0
Florida,Port St. Lucie city,"Port St. Lucie city, Florida",2016,185136.0,,586.0,51447,1086.0
Florida,Riverview CDP,"Riverview CDP, Florida",2016,88941.0,,702.0,66545,1105.0
Florida,Spring Hill CDP,"Spring Hill CDP, Florida",2016,111189.0,,656.0,49705,791.0
Florida,St. Petersburg city,"St. Petersburg city, Florida",2016,260991.0,10012.0,3905.0,51474,844.0
Florida,Sunrise city,"Sunrise city, Florida",2016,93723.0,,312.0,47468,1358.0
Florida,Tallahassee city,"Tallahassee city, Florida",2016,190895.0,3704.0,666.0,43663,784.0
Florida,Tamarac city,"Tamarac city, Florida",2016,65190.0,,607.0,50096,1203.0
Florida,Tampa city,"Tampa city, Florida",2016,377172.0,12195.0,3152.0,50405,910.0
Florida,The Hammocks CDP,"The Hammocks CDP, Florida",2016,65814.0,,749.0,74734,1481.0
Florida,The Villages CDP,"The Villages CDP, Florida",2016,,,197.0,61220,1792.0
Florida,Town 'n' Country CDP,"Town 'n' Country CDP, Florida",2016,87561.0,,1457.0,49847,952.0
Florida,West Palm Beach city,"West Palm Beach city, Florida",2016,108149.0,,559.0,51217,1066.0
Florida,Weston city,"Weston city, Florida",2016,70023.0,,124.0,100821,1730.0
Georgia,Albany city,"Albany city, Georgia",2016,74904,,691.0,34565,501.0
Georgia,Alpharetta city,"Alpharetta city, Georgia",2016,65334,,137.0,95919,1170.0
Georgia,Athens-Clarke County unified government (balance),"Athens-Clarke County unified government (balance), Georgia",2016,123456,2883.0,450.0,34592,656.0
Georgia,Atlanta city,"Atlanta city, Georgia",2016,472506,16852.0,3800.0,53843,904.0
Georgia,Augusta-Richmond County consolidated government (balance),"Augusta-Richmond County consolidated government (balance), Georgia",2016,196194,,3194.0,41273,648.0
Georgia,Columbus city,"Columbus city, Georgia",2016,197485,6871.0,1214.0,40060,652.0
Georgia,Johns Creek city,"Johns Creek city, Georgia",2016,83884,,215.0,115776,1274.0
Georgia,Macon-Bibb County,"Macon-Bibb County, Georgia",2016,152527,,1682.0,36702,572.0
Georgia,Roswell city,"Roswell city, Georgia",2016,94592,,426.0,85409,1069.0
Georgia,Sandy Springs city,"Sandy Springs city, Georgia",2016,105720,,186.0,73302,1049.0
Georgia,Savannah city,"Savannah city, Georgia",2016,146762,2536.0,735.0,38879,755.0
Georgia,Warner Robins city,"Warner Robins city, Georgia",2016,74401,,539.0,58771,715.0
Hawaii,Urban Honolulu CDP,"Urban Honolulu CDP, Hawaii",2016,351769,7414.0,5190.0,65155,1293.0
Idaho,Boise City city,"Boise City city, Idaho",2016,223152,6500.0,2231.0,55199,785.0
Idaho,Meridian city,"Meridian city, Idaho",2016,95627,,595.0,68623,938.0
Idaho,Nampa city,"Nampa city, Idaho",2016,91375,,912.0,44079,684.0
Illinois,Arlington Heights village,"Arlington Heights village, Illinois",2016,74397,,357.0,77106,1204.0
Illinois,Aurora city,"Aurora city, Illinois",2016,197107,3683.0,1146.0,66540,929.0
Illinois,Bloomington city,"Bloomington city, Illinois",2016,78024,,795.0,60829,681.0
Illinois,Bolingbrook village,"Bolingbrook village, Illinois",2016,73367,,165.0,77095,923.0
Illinois,Champaign city,"Champaign city, Illinois",2016,86649,1532.0,428.0,45406,748.0
Illinois,Chicago city,"Chicago city, Illinois",2016,2704965,61382.0,34584.0,53006,916.0
Illinois,Cicero town,"Cicero town, Illinois",2016,82991,804.0,488.0,41484,777.0
Illinois,Decatur city,"Decatur city, Illinois",2016,71435,,1475.0,38124,503.0
Illinois,Elgin city,"Elgin city, Illinois",2016,114521,2144.0,770.0,61070,916.0
Illinois,Evanston city,"Evanston city, Illinois",2016,74899,2814.0,836.0,66165,1221.0
Illinois,Joliet city,"Joliet city, Illinois",2016,146410,1808.0,1537.0,63864,832.0
Illinois,Naperville city,"Naperville city, Illinois",2016,148063,7498.0,200.0,116482,1339.0
Illinois,Palatine village,"Palatine village, Illinois",2016,68725,,184.0,80521,1138.0
Illinois,Peoria city,"Peoria city, Illinois",2016,115588,,1730.0,47369,612.0
Illinois,Rockford city,"Rockford city, Illinois",2016,147404,2227.0,2820.0,39537,572.0
Illinois,Schaumburg village,"Schaumburg village, Illinois",2016,73803,,174.0,76122,1283.0
Illinois,Skokie village,"Skokie village, Illinois",2016,64292,1720.0,620.0,68430,1196.0
Illinois,Springfield city,"Springfield city, Illinois",2016,115511,1781.0,968.0,48179,623.0
Illinois,Waukegan city,"Waukegan city, Illinois",2016,84467,,1776.0,43546,777.0
Indiana,Bloomington city,"Bloomington city, Indiana",2016,86654,,209.0,32136,740.0
Indiana,Carmel city,"Carmel city, Indiana",2016,90533,,163.0,113194,1049.0
Indiana,Evansville city,"Evansville city, Indiana",2016,119407,,2263.0,38865,541.0
Indiana,Fishers city,"Fishers city, Indiana",2016,88930,,65.0,97906,1006.0
Indiana,Fort Wayne city,"Fort Wayne city, Indiana",2016,261342,5466.0,2432.0,45232,569.0
Indiana,Gary city,"Gary city, Indiana",2016,74186,,773.0,29522,610.0
Indiana,Hammond city,"Hammond city, Indiana",2016,77131,,798.0,46260,712.0
Indiana,Indianapolis city (balance),"Indianapolis city (balance), Indiana",2016,852506,12695.0,5252.0,44615,680.0
Indiana,Lafayette city,"Lafayette city, Indiana",2016,71311,,494.0,44734,633.0
Indiana,Muncie city,"Muncie city, Indiana",2016,68707,,1123.0,32500,513.0
Indiana,South Bend city,"South Bend city, Indiana",2016,102442,921.0,1172.0,36711,570.0
Iowa,Ames city,"Ames city, Iowa",2016,66190,,389.0,43737,807.0
Iowa,Cedar Rapids city,"Cedar Rapids city, Iowa",2016,131118,2092.0,575.0,57135,614.0
Iowa,Davenport city,"Davenport city, Iowa",2016,102608,,504.0,45964,643.0
Iowa,Des Moines city,"Des Moines city, Iowa",2016,215328,3864.0,2863.0,49203,690.0
Iowa,Iowa City city,"Iowa City city, Iowa",2016,74384,2406.0,1082.0,44917,761.0
Iowa,Sioux City city,"Sioux City city, Iowa",2016,82105,,631.0,48517,581.0
Iowa,Waterloo city,"Waterloo city, Iowa",2016,67940,,656.0,43566,592.0
Kansas,Kansas City city,"Kansas City city, Kansas",2016,153893,2053.0,1122.0,42141,586.0
Kansas,Lawrence city,"Lawrence city, Kansas",2016,95355,1742.0,803.0,54243,733.0
Kansas,Olathe city,"Olathe city, Kansas",2016,135474,3575.0,630.0,82242,742.0
Kansas,Overland Park city,"Overland Park city, Kansas",2016,188955,,649.0,78602,960.0
Kansas,Shawnee city,"Shawnee city, Kansas",2016,65215,,0.0,80033,826.0
Kansas,Topeka city,"Topeka city, Kansas",2016,126812,1473.0,1606.0,45054,583.0
Kansas,Wichita city,"Wichita city, Kansas",2016,389927,6580.0,3832.0,49202,591.0
Kentucky,Bowling Green city,"Bowling Green city, Kentucky",2016,65239,,268.0,37305,576.0
Kentucky,Lexington-Fayette urban county,"Lexington-Fayette urban county, Kentucky",2016,318449,7738.0,1724.0,53178,689.0
Kentucky,Louisville/Jefferson County metro government (balance),"Louisville/Jefferson County metro government (balance), Kentucky",2016,616261,12793.0,4763.0,48996,638.0
Louisiana,Baton Rouge city,"Baton Rouge city, Louisiana",2016,227707,3120.0,964.0,38470,680.0
Louisiana,Bossier City city,"Bossier City city, Louisiana",2016,68485,,585.0,46268,780.0
Louisiana,Kenner city,"Kenner city, Louisiana",2016,67094,,322.0,52281,845.0
Louisiana,Lafayette city,"Lafayette city, Louisiana",2016,127625,,364.0,48139,688.0
Louisiana,Lake Charles city,"Lake Charles city, Louisiana",2016,76861,,594.0,38600,614.0
Louisiana,Metairie CDP,"Metairie CDP, Louisiana",2016,143475,,578.0,55758,824.0
Louisiana,New Orleans city,"New Orleans city, Louisiana",2016,391495,10162.0,3273.0,38681,769.0
Louisiana,Shreveport city,"Shreveport city, Louisiana",2016,194472,1836.0,2946.0,34647,596.0
Maryland,Baltimore city,"Baltimore city, Maryland",2016,614664,13406.0,11051.0,47350,852.0
Maryland,Columbia CDP,"Columbia CDP, Maryland",2016,107308,3082.0,931.0,107164,1465.0
Maryland,Ellicott City CDP,"Ellicott City CDP, Maryland",2016,68683,,365.0,133839,1413.0
Maryland,Frederick city,"Frederick city, Maryland",2016,70062,,1122.0,67352,1077.0
Maryland,Gaithersburg city,"Gaithersburg city, Maryland",2016,67760,2514.0,112.0,84312,1525.0
Maryland,Germantown CDP,"Germantown CDP, Maryland",2016,89940,3008.0,1116.0,86184,1389.0
Maryland,Glen Burnie CDP,"Glen Burnie CDP, Maryland",2016,69499,,632.0,59950,1096.0
Maryland,Rockville city,"Rockville city, Maryland",2016,66927,2937.0,518.0,101814,1710.0
Maryland,Silver Spring CDP,"Silver Spring CDP, Maryland",2016,85988,1976.0,756.0,77041,1446.0
Maryland,Waldorf CDP,"Waldorf CDP, Maryland",2016,75448,,361.0,96886,1457.0
Massachusetts,Boston city,"Boston city, Massachusetts",2016,672840,11317.0,10059.0,63621,1369.0
Massachusetts,Brockton city,"Brockton city, Massachusetts",2016,95623,473.0,1866.0,50034,901.0
Massachusetts,Cambridge city,"Cambridge city, Massachusetts",2016,110644,3878.0,983.0,86657,1908.0
Massachusetts,Fall River city,"Fall River city, Massachusetts",2016,88929,424.0,2417.0,39663,638.0
Massachusetts,Framingham CDP,"Framingham CDP, Massachusetts",2016,71583,,598.0,74670,1197.0
Massachusetts,Lawrence city,"Lawrence city, Massachusetts",2016,80216,645.0,4020.0,38455,870.0
Massachusetts,Lowell city,"Lowell city, Massachusetts",2016,110572,2212.0,1306.0,55383,993.0
Massachusetts,Lynn city,"Lynn city, Massachusetts",2016,92708,2888.0,1380.0,54711,971.0
Massachusetts,New Bedford city,"New Bedford city, Massachusetts",2016,95035,1249.0,3258.0,43241,664.0
Massachusetts,Newton city,"Newton city, Massachusetts",2016,89041,4404.0,319.0,135646,1674.0
Massachusetts,Quincy city,"Quincy city, Massachusetts",2016,93686,1174.0,895.0,72146,1334.0
Massachusetts,Somerville city,"Somerville city, Massachusetts",2016,81324,2029.0,542.0,93343,1695.0
Massachusetts,Springfield city,"Springfield city, Massachusetts",2016,154079,1376.0,3208.0,38897,722.0
Massachusetts,Worcester city,"Worcester city, Massachusetts",2016,184509,5727.0,2526.0,44020,905.0
Michigan,Ann Arbor city,"Ann Arbor city, Michigan",2016,120777,4758.0,599.0,60745,1113.0
Michigan,Dearborn city,"Dearborn city, Michigan",2016,94430,,1133.0,49257,766.0
Michigan,Detroit city,"Detroit city, Michigan",2016,672829,9297.0,13229.0,28099,576.0
Michigan,Farmington Hills city,"Farmington Hills city, Michigan",2016,81130,,301.0,71100,935.0
Michigan,Flint city,"Flint city, Michigan",2016,97379,,3140.0,25896,493.0
Michigan,Grand Rapids city,"Grand Rapids city, Michigan",2016,196458,4252.0,2877.0,45795,731.0
Michigan,Kalamazoo city,"Kalamazoo city, Michigan",2016,75988,,1273.0,40441,626.0
Michigan,Lansing city,"Lansing city, Michigan",2016,117400,1535.0,2076.0,40160,640.0
Michigan,Livonia city,"Livonia city, Michigan",2016,94044,,425.0,71692,836.0
Michigan,Rochester Hills city,"Rochester Hills city, Michigan",2016,73418,,148.0,81195,1073.0
Michigan,Southfield city,"Southfield city, Michigan",2016,73093,,711.0,49664,901.0
Michigan,Sterling Heights city,"Sterling Heights city, Michigan",2016,132442,,788.0,61828,826.0
Michigan,Troy city,"Troy city, Michigan",2016,83651,,482.0,95975,975.0
Michigan,Warren city,"Warren city, Michigan",2016,135121,1337.0,1077.0,46249,717.0
Michigan,Westland city,"Westland city, Michigan",2016,81543,,789.0,45638,748.0
Michigan,Wyoming city,"Wyoming city, Michigan",2016,75560,,453.0,51886,702.0
Minnesota,Bloomington city,"Bloomington city, Minnesota",2016,85337,2081.0,1351.0,68108,939.0
Minnesota,Brooklyn Park city,"Brooklyn Park city, Minnesota",2016,79708,,3106.0,61734,931.0
Minnesota,Duluth city,"Duluth city, Minnesota",2016,86300,1509.0,1428.0,48126,711.0
Minnesota,Eagan city,"Eagan city, Minnesota",2016,66431,,745.0,81552,1039.0
Minnesota,Maple Grove city,"Maple Grove city, Minnesota",2016,69569,,208.0,113957,1332.0
Minnesota,Minneapolis city,"Minneapolis city, Minnesota",2016,413645,13585.0,12677.0,56255,860.0
Minnesota,Plymouth city,"Plymouth city, Minnesota",2016,77231,,494.0,97940,1165.0
Minnesota,Rochester city,"Rochester city, Minnesota",2016,114008,2595.0,2012.0,67712,852.0
Minnesota,St. Cloud city,"St. Cloud city, Minnesota",2016,67396,,1670.0,43750,681.0
Minnesota,St. Paul city,"St. Paul city, Minnesota",2016,302403,8947.0,9468.0,54085,826.0
Minnesota,Woodbury city,"Woodbury city, Minnesota",2016,68824,,334.0,103902,1276.0
Mississippi,Gulfport city,"Gulfport city, Mississippi",2016,72077,,630.0,39320,640.0
Mississippi,Jackson city,"Jackson city, Mississippi",2016,169141,,2008.0,39724,643.0
Missouri,Columbia city,"Columbia city, Missouri",2016,120606,,576.0,50044,658.0
Missouri,Independence city,"Independence city, Missouri",2016,117031,,875.0,45970,578.0
Missouri,Kansas City city,"Kansas City city, Missouri",2016,481360,11293.0,5974.0,51235,689.0
Missouri,Lee's Summit city,"Lee's Summit city, Missouri",2016,95782,,344.0,85137,766.0
Missouri,O'Fallon city,"O'Fallon city, Missouri",2016,86276,,492.0,85313,898.0
Missouri,Springfield city,"Springfield city, Missouri",2016,167313,3869.0,1186.0,33286,565.0
Missouri,St. Charles city,"St. Charles city, Missouri",2016,69293,,181.0,63006,817.0
Missouri,St. Joseph city,"St. Joseph city, Missouri",2016,76506,,603.0,44528,535.0
Missouri,St. Louis city,"St. Louis city, Missouri",2016,311404,6495.0,2687.0,40346,617.0
Montana,Billings city,"Billings city, Montana",2016,110314,,912.0,54222,754.0
Montana,Missoula city,"Missoula city, Montana",2016,72362,,1066.0,43527,739.0
Nebraska,Lincoln city,"Lincoln city, Nebraska",2016,280369,5032.0,3515.0,55792,669.0
Nebraska,Omaha city,"Omaha city, Nebraska",2016,446956,9896.0,3153.0,52672,712.0
Nevada,Enterprise CDP,"Enterprise CDP, Nevada",2016,139509,,550.0,72530,1143.0
Nevada,Henderson city,"Henderson city, Nevada",2016,292977,8117.0,2953.0,68191,1011.0
Nevada,Las Vegas city,"Las Vegas city, Nevada",2016,632916,12176.0,5492.0,51115,848.0
Nevada,North Las Vegas city,"North Las Vegas city, Nevada",2016,238689,2925.0,4263.0,55972,946.0
Nevada,Paradise CDP,"Paradise CDP, Nevada",2016,242013,3624.0,2309.0,42593,795.0
Nevada,Reno city,"Reno city, Nevada",2016,245251,4339.0,4072.0,51313,806.0
Nevada,Sparks city,"Sparks city, Nevada",2016,98346,1650.0,1223.0,57444,928.0
Nevada,Spring Valley CDP,"Spring Valley CDP, Nevada",2016,205933,4107.0,1503.0,53686,938.0
Nevada,Sunrise Manor CDP,"Sunrise Manor CDP, Nevada",2016,193357,844.0,2268.0,37379,722.0
New Hampshire,Manchester city,"Manchester city, New Hampshire",2016,110499,2929.0,1299.0,54664,935.0
New Hampshire,Nashua city,"Nashua city, New Hampshire",2016,87889,,703.0,69769,1080.0
New Jersey,Bayonne city,"Bayonne city, New Jersey",2016,66224,268.0,1322.0,59628,1049.0
New Jersey,Camden city,"Camden city, New Jersey",2016,74417,,1911.0,26783,713.0
New Jersey,Clifton city,"Clifton city, New Jersey",2016,85847,,278.0,77923,1253.0
New Jersey,East Orange city,"East Orange city, New Jersey",2016,64797,,952.0,40561,920.0
New Jersey,Elizabeth city,"Elizabeth city, New Jersey",2016,128638,1585.0,3111.0,42690,945.0
New Jersey,Jersey City city,"Jersey City city, New Jersey",2016,264161,4743.0,3792.0,63227,1159.0
New Jersey,Newark city,"Newark city, New Jersey",2016,281770,1759.0,4627.0,31100,901.0
New Jersey,Passaic city,"Passaic city, New Jersey",2016,70646,548.0,681.0,38029,980.0
New Jersey,Paterson city,"Paterson city, New Jersey",2016,147011,1363.0,2153.0,36146,984.0
New Jersey,Toms River CDP,"Toms River CDP, New Jersey",2016,88283,,368.0,71183,1169.0
New Jersey,Trenton city,"Trenton city, New Jersey",2016,84065,,2116.0,31592,826.0
New Jersey,Union City city,"Union City city, New Jersey",2016,69298,501.0,456.0,46286,990.0
New Mexico,Albuquerque city,"Albuquerque city, New Mexico",2016,559270,11821.0,6829.0,50522,722.0
New Mexico,Las Cruces city,"Las Cruces city, New Mexico",2016,101760,,1420.0,39201,643.0
New Mexico,Rio Rancho city,"Rio Rancho city, New Mexico",2016,96022,,629.0,60979,884.0
New Mexico,Santa Fe city,"Santa Fe city, New Mexico",2016,83881,,566.0,51347,905.0
New York,Albany city,"Albany city, New York",2016,98106,,2331.0,42302,807.0
New York,Brentwood CDP,"Brentwood CDP, New York",2016,62132,,281.0,67670,1133.0
New York,Buffalo city,"Buffalo city, New York",2016,256908,2650.0,6114.0,32883,600.0
New York,Cheektowaga CDP,"Cheektowaga CDP, New York",2016,73199,,444.0,47868,736.0
New York,Mount Vernon city,"Mount Vernon city, New York",2016,68348,997.0,711.0,52684,1114.0
New York,New Rochelle city,"New Rochelle city, New York",2016,79558,2079.0,728.0,75757,1313.0
New York,New York city,"New York city, New York",2016,8537673,174202.0,137891.0,58856,1235.0
New York,Rochester city,"Rochester city, New York",2016,208886,2602.0,7580.0,31693,673.0
New York,Schenectady city,"Schenectady city, New York",2016,64907,,1822.0,38795,735.0
New York,Syracuse city,"Syracuse city, New York",2016,143378,2467.0,4208.0,33695,648.0
New York,Yonkers city,"Yonkers city, New York",2016,200792,3829.0,2645.0,62049,1171.0
North Carolina,Asheville city,"Asheville city, North Carolina",2016,89098,,691.0,45814,810.0
North Carolina,Cary town,"Cary town, North Carolina",2016,164007,,384.0,100167,1046.0
North Carolina,Charlotte city,"Charlotte city, North Carolina",2016,842029,30312.0,3689.0,61017,897.0
North Carolina,Concord city,"Concord city, North Carolina",2016,89895,,624.0,60107,696.0
North Carolina,Durham city,"Durham city, North Carolina",2016,262989,6605.0,1857.0,52208,806.0
North Carolina,Fayetteville city,"Fayetteville city, North Carolina",2016,204777,3253.0,1271.0,42918,687.0
North Carolina,Gastonia city,"Gastonia city, North Carolina",2016,75537,,1017.0,48286,638.0
North Carolina,Greensboro city,"Greensboro city, North Carolina",2016,287019,7343.0,1634.0,45064,671.0
North Carolina,Greenville city,"Greenville city, North Carolina",2016,91500,,511.0,36806,588.0
North Carolina,High Point city,"High Point city, North Carolina",2016,115299,,989.0,41250,610.0
North Carolina,Jacksonville city,"Jacksonville city, North Carolina",2016,67795,,331.0,39604,802.0
North Carolina,Raleigh city,"Raleigh city, North Carolina",2016,458862,17477.0,2341.0,64456,889.0
North Carolina,Wilmington city,"Wilmington city, North Carolina",2016,117545,3050.0,1934.0,38800,745.0
North Carolina,Winston-Salem city,"Winston-Salem city, North Carolina",2016,242200,4131.0,1357.0,42605,597.0
North Dakota,Bismarck city,"Bismarck city, North Dakota",2016,68780,,166.0,58522,769.0
North Dakota,Fargo city,"Fargo city, North Dakota",2016,120235,,1567.0,52699,715.0
Ohio,Akron city,"Akron city, Ohio",2016,197634,1888.0,8655.0,35184,583.0
Ohio,Canton city,"Canton city, Ohio",2016,71329,,3913.0,31714,493.0
Ohio,Cincinnati city,"Cincinnati city, Ohio",2016,298802,8287.0,8098.0,38539,568.0
Ohio,Cleveland city,"Cleveland city, Ohio",2016,385810,4956.0,8897.0,27551,550.0
Ohio,Columbus city,"Columbus city, Ohio",2016,862643,19106.0,7922.0,49602,724.0
Ohio,Dayton city,"Dayton city, Ohio",2016,140478,1990.0,2602.0,28894,513.0
Ohio,Lorain city,"Lorain city, Ohio",2016,63736,,1562.0,36398,531.0
Ohio,Parma city,"Parma city, Ohio",2016,79423,,688.0,52446,710.0
Ohio,Toledo city,"Toledo city, Ohio",2016,278512,3041.0,5841.0,35301,521.0
Ohio,Youngstown city,"Youngstown city, Ohio",2016,64301,,1634.0,26789,467.0
Oklahoma,Broken Arrow city,"Broken Arrow city, Oklahoma",2016,109439,,629.0,70221,820.0
Oklahoma,Edmond city,"Edmond city, Oklahoma",2016,91187,,405.0,79370,830.0
Oklahoma,Lawton city,"Lawton city, Oklahoma",2016,94652,,1069.0,47036,599.0
Oklahoma,Norman city,"Norman city, Oklahoma",2016,122186,,728.0,52041,665.0
Oklahoma,Oklahoma City city,"Oklahoma City city, Oklahoma",2016,638311,11513.0,7479.0,52915,642.0
Oklahoma,Tulsa city,"Tulsa city, Oklahoma",2016,403622,7385.0,5949.0,43134,633.0
Oregon,Beaverton city,"Beaverton city, Oregon",2016,97602,3251.0,648.0,64636,1109.0
Oregon,Bend city,"Bend city, Oregon",2016,91123,,517.0,60784,1122.0
Oregon,Eugene city,"Eugene city, Oregon",2016,166581,4228.0,2130.0,46189,843.0
Oregon,Gresham city,"Gresham city, Oregon",2016,111521,3113.0,2890.0,58042,949.0
Oregon,Hillsboro city,"Hillsboro city, Oregon",2016,105171,1493.0,1200.0,75466,1231.0
Oregon,Medford city,"Medford city, Oregon",2016,81621,,937.0,44697,772.0
Oregon,Portland city,"Portland city, Oregon",2016,639635,27180.0,9241.0,62127,1024.0
Oregon,Salem city,"Salem city, Oregon",2016,167421,3669.0,3819.0,51945,799.0
Pennsylvania,Allentown city,"Allentown city, Pennsylvania",2016,120440,1822.0,2679.0,35813,832.0
Pennsylvania,Bethlehem city,"Bethlehem city, Pennsylvania",2016,76427,,1696.0,52588,865.0
Pennsylvania,Erie city,"Erie city, Pennsylvania",2016,98601,842.0,2939.0,36476,528.0
Pennsylvania,Philadelphia city,"Philadelphia city, Pennsylvania",2016,1567872,29333.0,35622.0,41449,808.0
Pennsylvania,Pittsburgh city,"Pittsburgh city, Pennsylvania",2016,303624,7308.0,6567.0,44707,750.0
Pennsylvania,Reading city,"Reading city, Pennsylvania",2016,87575,1189.0,1824.0,25865,619.0
Pennsylvania,Scranton city,"Scranton city, Pennsylvania",2016,77294,1175.0,2079.0,38807,619.0
Rhode Island,Cranston city,"Cranston city, Rhode Island",2016,81025,,665.0,67275,857.0
Rhode Island,Pawtucket city,"Pawtucket city, Rhode Island",2016,71434,578.0,1085.0,46792,763.0
Rhode Island,Providence city,"Providence city, Rhode Island",2016,179214,3561.0,3708.0,40335,782.0
Rhode Island,Warwick city,"Warwick city, Rhode Island",2016,81576,,1095.0,59372,1002.0
South Carolina,Charleston city,"Charleston city, South Carolina",2016,137539,5338.0,1285.0,61467,961.0
South Carolina,Columbia city,"Columbia city, South Carolina",2016,133972,2051.0,364.0,48577,715.0
South Carolina,Greenville city,"Greenville city, South Carolina",2016,67447,,407.0,49000,795.0
South Carolina,Mount Pleasant town,"Mount Pleasant town, South Carolina",2016,84177,,142.0,100308,1359.0
South Carolina,North Charleston city,"North Charleston city, South Carolina",2016,112147,,1674.0,35600,730.0
South Carolina,Rock Hill city,"Rock Hill city, South Carolina",2016,72926,,276.0,45821,672.0
South Dakota,Rapid City city,"Rapid City city, South Dakota",2016,74050,,548.0,47813,640.0
South Dakota,Sioux Falls city,"Sioux Falls city, South Dakota",2016,174350,2818.0,805.0,56867,718.0
Tennessee,Chattanooga city,"Chattanooga city, Tennessee",2016,177582,3742.0,1721.0,41226,654.0
Tennessee,Clarksville city,"Clarksville city, Tennessee",2016,150280,,2265.0,51696,747.0
Tennessee,Franklin city,"Franklin city, Tennessee",2016,74788,,287.0,91657,1204.0
Tennessee,Jackson city,"Jackson city, Tennessee",2016,67006,,517.0,38980,583.0
Tennessee,Johnson City city,"Johnson City city, Tennessee",2016,66976,,858.0,41342,565.0
Tennessee,Knoxville city,"Knoxville city, Tennessee",2016,186238,,1209.0,35816,614.0
Tennessee,Memphis city,"Memphis city, Tennessee",2016,652752,10318.0,5943.0,38826,642.0
Tennessee,Murfreesboro city,"Murfreesboro city, Tennessee",2016,131939,,1058.0,54654,882.0
Tennessee,Nashville-Davidson metropolitan government (balance),"Nashville-Davidson metropolitan government (balance), Tennessee",2016,660393,23535.0,5626.0,54310,841.0
Texas,Abilene city,"Abilene city, Texas",2016,128272,,893.0,45713,690.0
Texas,Allen city,"Allen city, Texas",2016,99166,,519.0,102064,1222.0
Texas,Amarillo city,"Amarillo city, Texas",2016,197812,,763.0,51466,649.0
Texas,Arlington city,"Arlington city, Texas",2016,392787,9980.0,1922.0,54272,790.0
Texas,Atascocita CDP,"Atascocita CDP, Texas",2016,72763,,489.0,94632,1270.0
Texas,Austin city,"Austin city, Texas",2016,947897,44485.0,3994.0,66697,1042.0
Texas,Baytown city,"Baytown city, Texas",2016,76834,,197.0,56892,728.0
Texas,Beaumont city,"Beaumont city, Texas",2016,118309,,483.0,42077,656.0
Texas,Brownsville city,"Brownsville city, Texas",2016,183829,1137.0,1857.0,36584,523.0
Texas,Bryan city,"Bryan city, Texas",2016,83265,,964.0,38539,694.0
Texas,Carrollton city,"Carrollton city, Texas",2016,133351,,332.0,70673,977.0
Texas,Cedar Park city,"Cedar Park city, Texas",2016,70498,,273.0,101064,1220.0
Texas,College Station city,"College Station city, Texas",2016,112142,2421.0,525.0,39068,765.0
Texas,Conroe city,"Conroe city, Texas",2016,82296,,839.0,53035,851.0
Texas,Corpus Christi city,"Corpus Christi city, Texas",2016,325734,3979.0,1300.0,54344,803.0
Texas,Dallas city,"Dallas city, Texas",2016,1317942,32159.0,5604.0,47243,805.0
Texas,Denton city,"Denton city, Texas",2016,133803,3907.0,606.0,54528,866.0
Texas,Edinburg city,"Edinburg city, Texas",2016,87642,,295.0,41319,572.0
Texas,El Paso city,"El Paso city, Texas",2016,683088,7979.0,3756.0,43200,676.0
Texas,Flower Mound town,"Flower Mound town, Texas",2016,73289,,32.0,131470,1493.0
Texas,Fort Worth city,"Fort Worth city, Texas",2016,855897,17615.0,4164.0,56428,794.0
Texas,Frisco city,"Frisco city, Texas",2016,163631,,474.0,124829,1229.0
Texas,Garland city,"Garland city, Texas",2016,234588,3726.0,762.0,57063,867.0
Texas,Georgetown city,"Georgetown city, Texas",2016,67137,,179.0,67379,1065.0
Texas,Grand Prairie city,"Grand Prairie city, Texas",2016,190626,3342.0,1100.0,62391,846.0
Texas,Harlingen city,"Harlingen city, Texas",2016,65533,,774.0,37507,570.0
Texas,Houston city,"Houston city, Texas",2016,2304388,38715.0,15360.0,47793,833.0
Texas,Irving city,"Irving city, Texas",2016,238284,5059.0,3871.0,61362,876.0
Texas,Killeen city,"Killeen city, Texas",2016,143397,,587.0,47556,705.0
Texas,Laredo city,"Laredo city, Texas",2016,257988,2481.0,614.0,36195,637.0
Texas,League City city,"League City city, Texas",2016,101619,,0.0,104736,1101.0
Texas,Lewisville city,"Lewisville city, Texas",2016,104676,,426.0,58361,941.0
Texas,Longview city,"Longview city, Texas",2016,81712,,499.0,43411,681.0
Texas,Lubbock city,"Lubbock city, Texas",2016,252514,2718.0,1404.0,48103,736.0
Texas,Mansfield city,"Mansfield city, Texas",2016,65205,,80.0,95225,1236.0
Texas,McAllen city,"McAllen city, Texas",2016,142203,,757.0,43062,616.0
Texas,McKinney city,"McKinney city, Texas",2016,172318,,208.0,87356,1136.0
Texas,Mesquite city,"Mesquite city, Texas",2016,143763,,913.0,55416,890.0
Texas,Midland city,"Midland city, Texas",2016,134613,,250.0,64616,912.0
Texas,Mission city,"Mission city, Texas",2016,83556,,254.0,40945,661.0
Texas,Missouri City city,"Missouri City city, Texas",2016,74875,,172.0,76846,1188.0
Texas,New Braunfels city,"New Braunfels city, Texas",2016,70999,,345.0,68937,996.0
Texas,North Richland Hills city,"North Richland Hills city, Texas",2016,69807,,175.0,59743,896.0
Texas,Odessa city,"Odessa city, Texas",2016,117749,,1067.0,56265,763.0
Texas,Pasadena city,"Pasadena city, Texas",2016,153359,,394.0,50043,767.0
Texas,Pearland city,"Pearland city, Texas",2016,117367,,272.0,91010,1117.0
Texas,Pharr city,"Pharr city, Texas",2016,77314,,247.0,37172,561.0
Texas,Plano city,"Plano city, Texas",2016,286047,11787.0,583.0,88398,1149.0
Texas,Richardson city,"Richardson city, Texas",2016,113368,3566.0,257.0,82241,1135.0
Texas,Round Rock city,"Round Rock city, Texas",2016,120528,,572.0,72001,1016.0
Texas,San Angelo city,"San Angelo city, Texas",2016,103526,,1593.0,46619,697.0
Texas,San Antonio city,"San Antonio city, Texas",2016,1492494,26202.0,8165.0,49268,774.0
Texas,Sugar Land city,"Sugar Land city, Texas",2016,88187,,102.0,112998,1465.0
Texas,Temple city,"Temple city, Texas",2016,73597,,454.0,50910,696.0
Texas,The Woodlands CDP,"The Woodlands CDP, Texas",2016,112076,,295.0,97280,1427.0
Texas,Tyler city,"Tyler city, Texas",2016,104796,,1348.0,47811,728.0
Texas,Victoria city,"Victoria city, Texas",2016,67672,,101.0,50851,728.0
Texas,Waco city,"Waco city, Texas",2016,134422,,642.0,37722,652.0
Texas,Wichita Falls city,"Wichita Falls city, Texas",2016,104735,,803.0,42459,609.0
Utah,Layton city,"Layton city, Utah",2016,75658,,252.0,68892,832.0
Utah,Ogden city,"Ogden city, Utah",2016,86709,864.0,789.0,44381,638.0
Utah,Orem city,"Orem city, Utah",2016,97508,3203.0,143.0,59776,847.0
Utah,Provo city,"Provo city, Utah",2016,116874,3312.0,769.0,46883,713.0
Utah,Salt Lake City city,"Salt Lake City city, Utah",2016,193776,4983.0,977.0,56994,804.0
Utah,Sandy city,"Sandy city, Utah",2016,95827,3565.0,457.0,94025,989.0
Utah,South Jordan city,"South Jordan city, Utah",2016,69034,,44.0,95764,1234.0
Utah,St. George city,"St. George city, Utah",2016,82315,,181.0,52697,785.0
Utah,West Jordan city,"West Jordan city, Utah",2016,113688,,348.0,71517,1023.0
Utah,West Valley City city,"West Valley City city, Utah",2016,136579,2089.0,453.0,63882,900.0
Virginia,Alexandria city,"Alexandria city, Virginia",2016,155810,5085.0,1527.0,87920,1519.0
Virginia,Arlington CDP,"Arlington CDP, Virginia",2016,230050,8286.0,1236.0,110388,1801.0
Virginia,Centreville CDP,"Centreville CDP, Virginia",2016,68024,2043.0,352.0,103157,1695.0
Virginia,Chesapeake city,"Chesapeake city, Virginia",2016,237940,4961.0,1642.0,72928,1006.0
Virginia,Dale City CDP,"Dale City CDP, Virginia",2016,72073,788.0,308.0,95632,1356.0
Virginia,Hampton city,"Hampton city, Virginia",2016,135410,1045.0,1017.0,50435,874.0
Virginia,Lynchburg city,"Lynchburg city, Virginia",2016,80212,,775.0,41264,591.0
Virginia,Newport News city,"Newport News city, Virginia",2016,181825,2433.0,1658.0,50524,858.0
Virginia,Norfolk city,"Norfolk city, Virginia",2016,245115,3295.0,2270.0,46467,836.0
Virginia,Portsmouth city,"Portsmouth city, Virginia",2016,95252,1238.0,1045.0,48516,809.0
Virginia,Richmond city,"Richmond city, Virginia",2016,223170,4051.0,2405.0,42373,783.0
Virginia,Roanoke city,"Roanoke city, Virginia",2016,99660,,1658.0,37044,592.0
Virginia,Suffolk city,"Suffolk city, Virginia",2016,89273,,645.0,66669,884.0
Virginia,Virginia Beach city,"Virginia Beach city, Virginia",2016,452602,8508.0,1535.0,71117,1122.0
Washington,Auburn city,"Auburn city, Washington",2016,75968,1377.0,1214.0,60430,936.0
Washington,Bellevue city,"Bellevue city, Washington",2016,141415,5852.0,1116.0,113877,1747.0
Washington,Bellingham city,"Bellingham city, Washington",2016,87577,2036.0,795.0,47652,887.0
Washington,Everett city,"Everett city, Washington",2016,109035,1405.0,2469.0,52626,967.0
Washington,Federal Way city,"Federal Way city, Washington",2016,96748,,2150.0,65788,1088.0
Washington,Kennewick city,"Kennewick city, Washington",2016,80469,,1207.0,56483,742.0
Washington,Kent city,"Kent city, Washington",2016,127506,3226.0,1907.0,65423,1056.0
Washington,Kirkland city,"Kirkland city, Washington",2016,87672,2877.0,595.0,114336,1551.0
Washington,Marysville city,"Marysville city, Washington",2016,67625,,552.0,73132,1157.0
Washington,Pasco city,"Pasco city, Washington",2016,71934,,693.0,57092,642.0
Washington,Renton city,"Renton city, Washington",2016,100952,3087.0,1187.0,71951,1266.0
Washington,Seattle city,"Seattle city, Washington",2016,704358,31706.0,7083.0,83476,1360.0
Washington,Spokane Valley city,"Spokane Valley city, Washington",2016,96337,,2260.0,49966,759.0
Washington,Spokane city,"Spokane city, Washington",2016,215964,4708.0,4650.0,45676,699.0
Washington,Tacoma city,"Tacoma city, Washington",2016,211304,4127.0,3392.0,55996,901.0
Washington,Vancouver city,"Vancouver city, Washington",2016,174836,4487.0,3208.0,56615,948.0
Washington,Yakima city,"Yakima city, Washington",2016,93974,,865.0,41454,615.0
Wisconsin,Appleton city,"Appleton city, Wisconsin",2016,75465,,621.0,52057,594.0
Wisconsin,Eau Claire city,"Eau Claire city, Wisconsin",2016,67776,,662.0,44013,684.0
Wisconsin,Green Bay city,"Green Bay city, Wisconsin",2016,105142,1954.0,694.0,46020,612.0
Wisconsin,Kenosha city,"Kenosha city, Wisconsin",2016,99634,,931.0,51640,720.0
Wisconsin,Madison city,"Madison city, Wisconsin",2016,252557,6554.0,1471.0,61284,926.0
Wisconsin,Milwaukee city,"Milwaukee city, Wisconsin",2016,595070,9304.0,8013.0,38097,684.0
Wisconsin,Oshkosh city,"Oshkosh city, Wisconsin",2016,66570,,433.0,46716,586.0
Wisconsin,Racine city,"Racine city, Wisconsin",2016,77572,,1966.0,35615,644.0
Wisconsin,Waukesha city,"Waukesha city, Wisconsin",2016,72358,,589.0,56808,784.0
Alabama,Birmingham city,"Birmingham city, Alabama",2017,212744,2268.0,1473.0,33553,588.0
Alabama,Dothan city,"Dothan city, Alabama",2017,67526,522.0,230.0,44280,546.0
Alabama,Hoover city,"Hoover city, Alabama",2017,84937,,153.0,84054,889.0
Alabama,Huntsville city,"Huntsville city, Alabama",2017,195369,3224.0,4944.0,50704,634.0
Alabama,Mobile city,"Mobile city, Alabama",2017,190273,3533.0,875.0,40316,634.0
Alabama,Montgomery city,"Montgomery city, Alabama",2017,199525,,796.0,42419,630.0
Alabama,Tuscaloosa city,"Tuscaloosa city, Alabama",2017,100296,,2627.0,47243,640.0
Alaska,Anchorage municipality,"Anchorage municipality, Alaska",2017,294356,5500.0,7359.0,79166,1164.0
Arizona,Avondale city,"Avondale city, Arizona",2017,84034,,102.0,55468,915.0
Arizona,Buckeye city,"Buckeye city, Arizona",2017,68431,,148.0,74970,946.0
Arizona,Casas Adobes CDP,"Casas Adobes CDP, Arizona",2017,73668,,403.0,65029,919.0
Arizona,Chandler city,"Chandler city, Arizona",2017,253448,10029.0,967.0,76860,1112.0
Arizona,Flagstaff city,"Flagstaff city, Arizona",2017,71975,,299.0,56059,1147.0
Arizona,Gilbert town,"Gilbert town, Arizona",2017,242362,9500.0,607.0,84699,1203.0
Arizona,Glendale city,"Glendale city, Arizona",2017,246708,5303.0,2043.0,53753,830.0
Arizona,Goodyear city,"Goodyear city, Arizona",2017,79850,,113.0,87481,1095.0
Arizona,Mesa city,"Mesa city, Arizona",2017,496395,12792.0,1627.0,55014,863.0
Arizona,Peoria city,"Peoria city, Arizona",2017,168174,7065.0,831.0,72142,1007.0
Arizona,Phoenix city,"Phoenix city, Arizona",2017,1626085,44231.0,8392.0,56696,851.0
Arizona,San Tan Valley CDP,"San Tan Valley CDP, Arizona",2017,92851,,694.0,61599,1000.0
Arizona,Scottsdale city,"Scottsdale city, Arizona",2017,249947,15979.0,931.0,88407,1194.0
Arizona,Surprise city,"Surprise city, Arizona",2017,134079,,1244.0,65898,1064.0
Arizona,Tempe city,"Tempe city, Arizona",2017,185025,5111.0,1127.0,51986,1045.0
Arizona,Tucson city,"Tucson city, Arizona",2017,535676,11829.0,3749.0,41613,694.0
Arizona,Yuma city,"Yuma city, Arizona",2017,95494,,948.0,50195,715.0
Arkansas,Conway city,"Conway city, Arkansas",2017,65790,,331.0,43182,620.0
Arkansas,Fayetteville city,"Fayetteville city, Arkansas",2017,85258,,753.0,42365,623.0
Arkansas,Fort Smith city,"Fort Smith city, Arkansas",2017,88028,,379.0,38294,458.0
Arkansas,Jonesboro city,"Jonesboro city, Arkansas",2017,75867,,155.0,49563,635.0
Arkansas,Little Rock city,"Little Rock city, Arkansas",2017,198594,5804.0,1385.0,57534,694.0
Arkansas,North Little Rock city,"North Little Rock city, Arkansas",2017,65920,,1417.0,40579,648.0
Arkansas,Rogers city,"Rogers city, Arkansas",2017,66432,,195.0,60527,709.0
Arkansas,Springdale city,"Springdale city, Arkansas",2017,82397,,253.0,51152,605.0
California,Alameda city,"Alameda city, California",2017,79188,2516.0,958.0,89979,1735.0
California,Alhambra city,"Alhambra city, California",2017,85391,1878.0,649.0,61724,1244.0
California,Anaheim city,"Anaheim city, California",2017,352456,7324.0,2003.0,70395,1462.0
California,Antioch city,"Antioch city, California",2017,111683,2217.0,1425.0,70696,1621.0
California,Apple Valley town,"Apple Valley town, California",2017,73071,,1500.0,55951,832.0
California,Arden-Arcade CDP,"Arden-Arcade CDP, California",2017,100573,2681.0,2250.0,48812,953.0
California,Bakersfield city,"Bakersfield city, California",2017,380887,5152.0,6168.0,57105,908.0
California,Baldwin Park city,"Baldwin Park city, California",2017,76392,,462.0,67472,1327.0
California,Bellflower city,"Bellflower city, California",2017,77772,897.0,603.0,60233,1296.0
California,Berkeley city,"Berkeley city, California",2017,122334,6045.0,784.0,86497,1548.0
California,Buena Park city,"Buena Park city, California",2017,83026,,827.0,65139,1446.0
California,Burbank city,"Burbank city, California",2017,104823,,1320.0,71558,1531.0
California,Camarillo city,"Camarillo city, California",2017,67849,,309.0,101310,1863.0
California,Carlsbad city,"Carlsbad city, California",2017,115326,,219.0,101646,1917.0
California,Carmichael CDP,"Carmichael CDP, California",2017,65959,,1213.0,69552,996.0
California,Carson city,"Carson city, California",2017,92736,,797.0,66784,1228.0
California,Castro Valley CDP,"Castro Valley CDP, California",2017,62103,,989.0,108527,1716.0
California,Chico city,"Chico city, California",2017,93297,,1459.0,50544,886.0
California,Chino Hills city,"Chino Hills city, California",2017,80400,,263.0,99763,1781.0
California,Chino city,"Chino city, California",2017,89798,,612.0,72396,1414.0
California,Chula Vista city,"Chula Vista city, California",2017,270450,6089.0,1429.0,77273,1520.0
California,Citrus Heights city,"Citrus Heights city, California",2017,87924,,1247.0,58774,1092.0
California,Clovis city,"Clovis city, California",2017,109700,,1627.0,78146,965.0
California,Compton city,"Compton city, California",2017,97626,1098.0,1800.0,50637,1080.0
California,Concord city,"Concord city, California",2017,129778,2763.0,1586.0,89118,1649.0
California,Corona city,"Corona city, California",2017,167843,4961.0,837.0,83345,1420.0
California,Costa Mesa city,"Costa Mesa city, California",2017,113821,4849.0,492.0,78904,1739.0
California,Daly City city,"Daly City city, California",2017,107091,1062.0,92.0,90888,1981.0
California,Davis city,"Davis city, California",2017,68985,2067.0,294.0,72800,1420.0
California,Downey city,"Downey city, California",2017,113089,1468.0,805.0,72178,1267.0
California,East Los Angeles CDP,"East Los Angeles CDP, California",2017,125542,1956.0,1191.0,43231,986.0
California,El Cajon city,"El Cajon city, California",2017,103906,2313.0,2716.0,50312,1198.0
California,El Monte city,"El Monte city, California",2017,116110,,674.0,51730,1125.0
California,Elk Grove city,"Elk Grove city, California",2017,171831,5456.0,1283.0,89404,1487.0
California,Escondido city,"Escondido city, California",2017,151979,2705.0,1560.0,62210,1340.0
California,Fairfield city,"Fairfield city, California",2017,116280,3023.0,1016.0,81231,1491.0
California,Florence-Graham CDP,"Florence-Graham CDP, California",2017,68095,,1230.0,43730,1049.0
California,Folsom city,"Folsom city, California",2017,78038,,381.0,116592,1499.0
California,Fontana city,"Fontana city, California",2017,211820,6080.0,1530.0,67067,1161.0
California,Fremont city,"Fremont city, California",2017,234954,5185.0,3755.0,127235,2186.0
California,Fresno city,"Fresno city, California",2017,527422,9113.0,15239.0,48600,796.0
California,Fullerton city,"Fullerton city, California",2017,140402,2078.0,624.0,77385,1476.0
California,Garden Grove city,"Garden Grove city, California",2017,174228,2747.0,1376.0,66842,1356.0
California,Glendale city,"Glendale city, California",2017,203066,5776.0,2542.0,58861,1422.0
California,Hawthorne city,"Hawthorne city, California",2017,87863,1206.0,2074.0,50063,1149.0
California,Hayward city,"Hayward city, California",2017,160485,1695.0,3471.0,89925,1708.0
California,Hemet city,"Hemet city, California",2017,85153,,1119.0,39801,909.0
California,Hesperia city,"Hesperia city, California",2017,94867,,1719.0,55418,982.0
California,Huntington Beach city,"Huntington Beach city, California",2017,201882,9029.0,1569.0,87120,1759.0
California,Indio city,"Indio city, California",2017,89784,,979.0,45278,864.0
California,Inglewood city,"Inglewood city, California",2017,110611,1646.0,1615.0,51456,1169.0
California,Irvine city,"Irvine city, California",2017,277436,9415.0,1199.0,104185,2139.0
California,Jurupa Valley city,"Jurupa Valley city, California",2017,106032,,1067.0,71996,1082.0
California,Laguna Niguel city,"Laguna Niguel city, California",2017,66346,,343.0,102386,2191.0
California,Lake Elsinore city,"Lake Elsinore city, California",2017,66412,,1386.0,67988,1144.0
California,Lake Forest city,"Lake Forest city, California",2017,84308,,537.0,99913,1856.0
California,Lakewood city,"Lakewood city, California",2017,80971,1281.0,429.0,83485,1717.0
California,Lancaster city,"Lancaster city, California",2017,160323,2322.0,2155.0,52878,1060.0
California,Livermore city,"Livermore city, California",2017,90290,,281.0,118406,1804.0
California,Lodi city,"Lodi city, California",2017,65891,,762.0,51902,909.0
California,Long Beach city,"Long Beach city, California",2017,469459,11129.0,6776.0,60557,1194.0
California,Los Angeles city,"Los Angeles city, California",2017,3999742,126091.0,50857.0,60197,1272.0
California,Lynwood city,"Lynwood city, California",2017,71115,,1125.0,48812,1119.0
California,Madera city,"Madera city, California",2017,65506,,1617.0,42144,818.0
California,Manteca city,"Manteca city, California",2017,79275,,494.0,71324,1152.0
California,Menifee city,"Menifee city, California",2017,90599,,349.0,65995,1297.0
California,Merced city,"Merced city, California",2017,83100,,2354.0,40573,856.0
California,Milpitas city,"Milpitas city, California",2017,78108,,588.0,127984,2267.0
California,Mission Viejo city,"Mission Viejo city, California",2017,96009,,317.0,102787,2092.0
California,Modesto city,"Modesto city, California",2017,214220,,3865.0,56493,942.0
California,Moreno Valley city,"Moreno Valley city, California",2017,207211,3497.0,1786.0,62198,1298.0
California,Mountain View city,"Mountain View city, California",2017,81443,2708.0,393.0,135115,2300.0
California,Murrieta city,"Murrieta city, California",2017,113316,,859.0,82249,1543.0
California,Napa city,"Napa city, California",2017,79782,1417.0,473.0,82361,1651.0
California,Newport Beach city,"Newport Beach city, California",2017,86151,,306.0,127104,2029.0
California,Norwalk city,"Norwalk city, California",2017,106086,,1063.0,74730,1374.0
California,Oakland city,"Oakland city, California",2017,425204,14359.0,5898.0,70577,1296.0
California,Oceanside city,"Oceanside city, California",2017,176208,4188.0,1205.0,71609,1666.0
California,Ontario city,"Ontario city, California",2017,175850,2342.0,1206.0,60086,1315.0
California,Orange city,"Orange city, California",2017,140557,,759.0,91092,1573.0
California,Oxnard city,"Oxnard city, California",2017,210038,2612.0,1280.0,68994,1445.0
California,Palmdale city,"Palmdale city, California",2017,157507,3278.0,2178.0,60518,1109.0
California,Palo Alto city,"Palo Alto city, California",2017,67170,3715.0,268.0,153802,2598.0
California,Pasadena city,"Pasadena city, California",2017,142632,5315.0,530.0,76972,1484.0
California,Perris city,"Perris city, California",2017,77895,,1039.0,62340,1160.0
California,Pittsburg city,"Pittsburg city, California",2017,72157,1346.0,761.0,65497,1571.0
California,Pleasanton city,"Pleasanton city, California",2017,83007,3339.0,374.0,152123,2230.0
California,Pomona city,"Pomona city, California",2017,152946,3147.0,2538.0,58837,1112.0
California,Rancho Cordova city,"Rancho Cordova city, California",2017,73554,,1844.0,64088,1067.0
California,Rancho Cucamonga city,"Rancho Cucamonga city, California",2017,177446,3966.0,871.0,90034,1642.0
California,Redding city,"Redding city, California",2017,91788,,1731.0,50320,839.0
California,Redlands city,"Redlands city, California",2017,71562,,655.0,65053,1130.0
California,Redondo Beach city,"Redondo Beach city, California",2017,67908,,602.0,104715,1927.0
California,Redwood City city,"Redwood City city, California",2017,86683,2032.0,318.0,116966,2219.0
California,Rialto city,"Rialto city, California",2017,103555,,1231.0,57065,1117.0
California,Richmond city,"Richmond city, California",2017,110037,2826.0,1516.0,67102,1286.0
California,Riverside city,"Riverside city, California",2017,327722,5411.0,3498.0,66928,1183.0
California,Roseville city,"Roseville city, California",2017,135325,,1169.0,80426,1461.0
California,Sacramento city,"Sacramento city, California",2017,501890,13194.0,7382.0,56943,1057.0
California,Salinas city,"Salinas city, California",2017,157594,2098.0,885.0,60370,1286.0
California,San Bernardino city,"San Bernardino city, California",2017,216983,3011.0,4188.0,46510,883.0
California,San Buenaventura (Ventura) city,"San Buenaventura (Ventura) city, California",2017,110784,3460.0,1076.0,72100,1534.0
California,San Clemente city,"San Clemente city, California",2017,65269,,363.0,101743,1791.0
California,San Diego city,"San Diego city, California",2017,1419488,54058.0,10092.0,76662,1554.0
California,San Francisco city,"San Francisco city, California",2017,884363,37465.0,6658.0,110816,1781.0
California,San Jose city,"San Jose city, California",2017,1035353,22256.0,6964.0,104675,1995.0
California,San Leandro city,"San Leandro city, California",2017,90555,2369.0,1474.0,64923,1464.0
California,San Marcos city,"San Marcos city, California",2017,96188,,235.0,76272,1478.0
California,San Mateo city,"San Mateo city, California",2017,104733,2837.0,597.0,108058,2420.0
California,San Ramon city,"San Ramon city, California",2017,75922,4040.0,165.0,161870,2116.0
California,Santa Ana city,"Santa Ana city, California",2017,334135,3344.0,3456.0,65655,1434.0
California,Santa Barbara city,"Santa Barbara city, California",2017,92099,3744.0,397.0,79740,1715.0
California,Santa Clara city,"Santa Clara city, California",2017,127131,2323.0,1747.0,115375,2247.0
California,Santa Clarita city,"Santa Clarita city, California",2017,210886,7844.0,1463.0,90961,1715.0
California,Santa Cruz city,"Santa Cruz city, California",2017,65028,1837.0,511.0,71442,1737.0
California,Santa Maria city,"Santa Maria city, California",2017,107018,2048.0,547.0,60320,1227.0
California,Santa Monica city,"Santa Monica city, California",2017,92298,5818.0,484.0,90088,1687.0
California,Santa Rosa city,"Santa Rosa city, California",2017,175269,4712.0,1663.0,75356,1416.0
California,Simi Valley city,"Simi Valley city, California",2017,126875,,967.0,90200,1842.0
California,South Gate city,"South Gate city, California",2017,95422,1006.0,1375.0,50355,1036.0
California,South San Francisco city,"South San Francisco city, California",2017,67430,740.0,351.0,94459,1951.0
California,Stockton city,"Stockton city, California",2017,310476,3238.0,5127.0,51336,875.0
California,Sunnyvale city,"Sunnyvale city, California",2017,153656,3925.0,1379.0,134234,2271.0
California,Temecula city,"Temecula city, California",2017,114318,,873.0,89173,1763.0
California,Thousand Oaks city,"Thousand Oaks city, California",2017,128972,,792.0,100338,1839.0
California,Torrance city,"Torrance city, California",2017,146745,3960.0,667.0,88860,1642.0
California,Tracy city,"Tracy city, California",2017,90886,,402.0,89936,1560.0
California,Turlock city,"Turlock city, California",2017,73562,,746.0,59836,947.0
California,Tustin city,"Tustin city, California",2017,80502,,490.0,81285,1816.0
California,Union City city,"Union City city, California",2017,75344,,1493.0,117526,1959.0
California,Upland city,"Upland city, California",2017,76985,,676.0,70760,1282.0
California,Vacaville city,"Vacaville city, California",2017,100023,,963.0,80425,1405.0
California,Vallejo city,"Vallejo city, California",2017,122086,1869.0,1529.0,65493,1271.0
California,Victorville city,"Victorville city, California",2017,122465,,3456.0,50997,984.0
California,Visalia city,"Visalia city, California",2017,133009,3115.0,2087.0,64482,820.0
California,Vista city,"Vista city, California",2017,101557,,851.0,68130,1494.0
California,Walnut Creek city,"Walnut Creek city, California",2017,69792,,402.0,100180,2033.0
California,West Covina city,"West Covina city, California",2017,107623,,464.0,81170,1499.0
California,Westminster city,"Westminster city, California",2017,91548,,419.0,57938,1501.0
California,Whittier city,"Whittier city, California",2017,86841,,388.0,66525,1246.0
California,Yorba Linda city,"Yorba Linda city, California",2017,68234,,239.0,132952,2100.0
California,Yuba City city,"Yuba City city, California",2017,66872,,1128.0,51497,876.0
Colorado,Arvada city,"Arvada city, Colorado",2017,118300,5304.0,505.0,81787,1157.0
Colorado,Aurora city,"Aurora city, Colorado",2017,367250,11208.0,2959.0,63055,1182.0
Colorado,Boulder city,"Boulder city, Colorado",2017,107128,7647.0,97.0,66524,1488.0
Colorado,Broomfield city,"Broomfield city, Colorado",2017,68341,,565.0,90939,1483.0
Colorado,Centennial city,"Centennial city, Colorado",2017,110277,6661.0,211.0,106012,1483.0
Colorado,Colorado Springs city,"Colorado Springs city, Colorado",2017,464470,15369.0,4689.0,59514,953.0
Colorado,Denver city,"Denver city, Colorado",2017,704621,37804.0,6286.0,65224,1204.0
Colorado,Fort Collins city,"Fort Collins city, Colorado",2017,165089,7950.0,594.0,60731,1235.0
Colorado,Greeley city,"Greeley city, Colorado",2017,105457,,1369.0,53379,850.0
Colorado,Highlands Ranch CDP,"Highlands Ranch CDP, Colorado",2017,107216,5897.0,604.0,115195,1699.0
Colorado,Lakewood city,"Lakewood city, Colorado",2017,154952,6315.0,1345.0,67255,1242.0
Colorado,Longmont city,"Longmont city, Colorado",2017,94145,,629.0,73832,1141.0
Colorado,Loveland city,"Loveland city, Colorado",2017,76702,,1015.0,60933,1061.0
Colorado,Pueblo city,"Pueblo city, Colorado",2017,111121,,2961.0,36124,611.0
Colorado,Thornton city,"Thornton city, Colorado",2017,136992,,713.0,77092,1276.0
Colorado,Westminster city,"Westminster city, Colorado",2017,112814,3300.0,806.0,64214,1268.0
Connecticut,Bridgeport city,"Bridgeport city, Connecticut",2017,146582,1876.0,2573.0,45048,906.0
Connecticut,Danbury city,"Danbury city, Connecticut",2017,85243,,800.0,65596,1208.0
Connecticut,Hartford city,"Hartford city, Connecticut",2017,123420,,8099.0,33677,799.0
Connecticut,New Britain city,"New Britain city, Connecticut",2017,72718,,2837.0,43574,827.0
Connecticut,New Haven city,"New Haven city, Connecticut",2017,131005,1934.0,2271.0,44445,953.0
Connecticut,Norwalk city,"Norwalk city, Connecticut",2017,89000,1877.0,756.0,70236,1440.0
Connecticut,Stamford city,"Stamford city, Connecticut",2017,130835,3195.0,303.0,87316,1603.0
Connecticut,Waterbury city,"Waterbury city, Connecticut",2017,108642,,3994.0,42969,785.0
Delaware,Wilmington city,"Wilmington city, Delaware",2017,71104,,723.0,35963,835.0
District of Columbia,Washington city,"Washington city, District of Columbia",2017,693972,27667.0,9024.0,82372,1408.0
Florida,Alafaya CDP,"Alafaya CDP, Florida",2017,88496.0,,619.0,81572,1299.0
Florida,Boca Raton city,"Boca Raton city, Florida",2017,98153.0,,60.0,80815,1440.0
Florida,Boynton Beach city,"Boynton Beach city, Florida",2017,77704.0,,1387.0,51372,1359.0
Florida,Brandon CDP,"Brandon CDP, Florida",2017,121190.0,,828.0,54909,1095.0
Florida,Cape Coral city,"Cape Coral city, Florida",2017,183356.0,,860.0,54358,1019.0
Florida,Clearwater city,"Clearwater city, Florida",2017,115501.0,,1344.0,44062,826.0
Florida,Coral Springs city,"Coral Springs city, Florida",2017,133058.0,,529.0,72557,1313.0
Florida,Davie town,"Davie town, Florida",2017,105146.0,,346.0,63243,1306.0
Florida,Daytona Beach city,"Daytona Beach city, Florida",2017,68055.0,,721.0,33228,797.0
Florida,Deerfield Beach city,"Deerfield Beach city, Florida",2017,80572.0,,366.0,46238,1140.0
Florida,Delray Beach city,"Delray Beach city, Florida",2017,68749.0,,300.0,63357,1316.0
Florida,Deltona city,"Deltona city, Florida",2017,90743.0,,295.0,53171,930.0
Florida,Fort Lauderdale city,"Fort Lauderdale city, Florida",2017,180071.0,5588.0,831.0,56309,1118.0
Florida,Fort Myers city,"Fort Myers city, Florida",2017,79941.0,,740.0,45511,861.0
Florida,Gainesville city,"Gainesville city, Florida",2017,132253.0,2850.0,545.0,34226,803.0
Florida,Hialeah city,"Hialeah city, Florida",2017,239682.0,11901.0,1661.0,34512,984.0
Florida,Hollywood city,"Hollywood city, Florida",2017,153625.0,3300.0,1156.0,50775,1058.0
Florida,Homestead city,"Homestead city, Florida",2017,69909.0,,475.0,47426,1112.0
Florida,Jacksonville city,"Jacksonville city, Florida",2017,892064.0,19680.0,9808.0,51497,839.0
Florida,Kendall CDP,"Kendall CDP, Florida",2017,73805.0,,292.0,72167,1407.0
Florida,Kissimmee city,"Kissimmee city, Florida",2017,71103.0,,661.0,39871,981.0
Florida,Lakeland city,"Lakeland city, Florida",2017,108051.0,,1145.0,46466,812.0
Florida,Largo city,"Largo city, Florida",2017,84768.0,,687.0,43363,880.0
Florida,Lauderhill city,"Lauderhill city, Florida",2017,71976.0,,782.0,38471,1058.0
Florida,Lehigh Acres CDP,"Lehigh Acres CDP, Florida",2017,132618.0,,603.0,47242,910.0
Florida,Melbourne city,"Melbourne city, Florida",2017,82003.0,,662.0,43979,892.0
Florida,Miami Beach city,"Miami Beach city, Florida",2017,92319.0,5705.0,231.0,50152,1246.0
Florida,Miami Gardens city,"Miami Gardens city, Florida",2017,113743.0,,2873.0,46450,1085.0
Florida,Miami city,"Miami city, Florida",2017,463354.0,14044.0,3111.0,40327,1041.0
Florida,Miramar city,"Miramar city, Florida",2017,140323.0,,709.0,70381,1145.0
Florida,North Port city,"North Port city, Florida",2017,66293.0,,294.0,53662,1074.0
Florida,Orlando city,"Orlando city, Florida",2017,280258.0,8873.0,2539.0,47594,1013.0
Florida,Palm Bay city,"Palm Bay city, Florida",2017,111660.0,,1525.0,46301,868.0
Florida,Palm Coast city,"Palm Coast city, Florida",2017,88394.0,,719.0,49578,1101.0
Florida,Pembroke Pines city,"Pembroke Pines city, Florida",2017,170703.0,,745.0,72056,1261.0
Florida,Pine Hills CDP,"Pine Hills CDP, Florida",2017,76847.0,,1137.0,37194,816.0
Florida,Plantation city,"Plantation city, Florida",2017,93922.0,,135.0,73817,1450.0
Florida,Poinciana CDP,"Poinciana CDP, Florida",2017,71694.0,,1406.0,45889,984.0
Florida,Pompano Beach city,"Pompano Beach city, Florida",2017,110464.0,,621.0,49419,1123.0
Florida,Port Charlotte CDP,"Port Charlotte CDP, Florida",2017,65972.0,,341.0,52335,862.0
Florida,Port St. Lucie city,"Port St. Lucie city, Florida",2017,189331.0,,1972.0,57045,1205.0
Florida,Riverview CDP,"Riverview CDP, Florida",2017,90538.0,,260.0,73948,1286.0
Florida,Spring Hill CDP,"Spring Hill CDP, Florida",2017,113508.0,,740.0,46710,868.0
Florida,St. Petersburg city,"St. Petersburg city, Florida",2017,263252.0,9906.0,3048.0,55134,939.0
Florida,Sunrise city,"Sunrise city, Florida",2017,94313.0,,665.0,61887,1538.0
Florida,Tallahassee city,"Tallahassee city, Florida",2017,191039.0,3404.0,1262.0,45153,831.0
Florida,Tamarac city,"Tamarac city, Florida",2017,65683.0,,362.0,41737,1181.0
Florida,Tampa city,"Tampa city, Florida",2017,385423.0,14174.0,3109.0,50489,928.0
Florida,The Hammocks CDP,"The Hammocks CDP, Florida",2017,68457.0,,286.0,68076,1669.0
Florida,The Villages CDP,"The Villages CDP, Florida",2017,,,0.0,59863,1456.0
Florida,Town 'n' Country CDP,"Town 'n' Country CDP, Florida",2017,89143.0,,750.0,52339,1057.0
Florida,West Palm Beach city,"West Palm Beach city, Florida",2017,110219.0,2857.0,734.0,51871,1135.0
Florida,Weston city,"Weston city, Florida",2017,70927.0,,164.0,97908,1914.0
Georgia,Albany city,"Albany city, Georgia",2017,71593,,660.0,33434,480.0
Georgia,Alpharetta city,"Alpharetta city, Georgia",2017,65774,,349.0,108188,1337.0
Georgia,Athens-Clarke County unified government (balance),"Athens-Clarke County unified government (balance), Georgia",2017,125929,4898.0,329.0,39714,706.0
Georgia,Atlanta city,"Atlanta city, Georgia",2017,486299,18205.0,2265.0,57597,941.0
Georgia,Augusta-Richmond County consolidated government (balance),"Augusta-Richmond County consolidated government (balance), Georgia",2017,195678,2530.0,1859.0,37073,674.0
Georgia,Columbus city,"Columbus city, Georgia",2017,194058,6001.0,1092.0,42107,656.0
Georgia,Johns Creek city,"Johns Creek city, Georgia",2017,84359,,204.0,110482,1476.0
Georgia,Macon-Bibb County,"Macon-Bibb County, Georgia",2017,152646,1650.0,916.0,37477,621.0
Georgia,Roswell city,"Roswell city, Georgia",2017,94792,,409.0,82743,1098.0
Georgia,Sandy Springs city,"Sandy Springs city, Georgia",2017,106742,6613.0,114.0,74223,1165.0
Georgia,Savannah city,"Savannah city, Georgia",2017,146449,3168.0,494.0,42869,805.0
Georgia,Warner Robins city,"Warner Robins city, Georgia",2017,75675,,183.0,51435,764.0
Hawaii,Urban Honolulu CDP,"Urban Honolulu CDP, Hawaii",2017,350388,6999.0,3141.0,69193,1386.0
Idaho,Boise City city,"Boise City city, Idaho",2017,226567,6401.0,2632.0,55943,821.0
Idaho,Meridian city,"Meridian city, Idaho",2017,99938,,521.0,64273,890.0
Idaho,Nampa city,"Nampa city, Idaho",2017,93585,,1228.0,42302,768.0
Illinois,Arlington Heights village,"Arlington Heights village, Illinois",2017,75097,,235.0,101634,1162.0
Illinois,Aurora city,"Aurora city, Illinois",2017,202548,3836.0,1137.0,70367,1060.0
Illinois,Bloomington city,"Bloomington city, Illinois",2017,77941,,251.0,67471,693.0
Illinois,Bolingbrook village,"Bolingbrook village, Illinois",2017,72155,,248.0,92769,1258.0
Illinois,Champaign city,"Champaign city, Illinois",2017,87426,1768.0,1169.0,43785,744.0
Illinois,Chicago city,"Chicago city, Illinois",2017,2716462,66974.0,32061.0,55295,934.0
Illinois,Cicero town,"Cicero town, Illinois",2017,82560,213.0,222.0,51186,804.0
Illinois,Decatur city,"Decatur city, Illinois",2017,68645,,1372.0,43225,492.0
Illinois,Elgin city,"Elgin city, Illinois",2017,114459,1845.0,928.0,67646,868.0
Illinois,Evanston city,"Evanston city, Illinois",2017,74752,3615.0,243.0,77821,1323.0
Illinois,Joliet city,"Joliet city, Illinois",2017,147150,2423.0,959.0,65725,855.0
Illinois,Naperville city,"Naperville city, Illinois",2017,148584,7653.0,587.0,126217,1317.0
Illinois,Palatine village,"Palatine village, Illinois",2017,68610,,322.0,71794,1105.0
Illinois,Peoria city,"Peoria city, Illinois",2017,115637,,1538.0,48146,592.0
Illinois,Rockford city,"Rockford city, Illinois",2017,148287,2620.0,2884.0,44765,611.0
Illinois,Schaumburg village,"Schaumburg village, Illinois",2017,73118,,190.0,80227,1305.0
Illinois,Skokie village,"Skokie village, Illinois",2017,63984,1385.0,1239.0,65792,1116.0
Illinois,Springfield city,"Springfield city, Illinois",2017,114663,1977.0,1741.0,51313,599.0
Illinois,Waukegan city,"Waukegan city, Illinois",2017,88805,740.0,1111.0,48029,820.0
Indiana,Bloomington city,"Bloomington city, Indiana",2017,85551,,101.0,38897,723.0
Indiana,Carmel city,"Carmel city, Indiana",2017,93148,,0.0,109858,988.0
Indiana,Evansville city,"Evansville city, Indiana",2017,117940,735.0,2346.0,36690,576.0
Indiana,Fishers city,"Fishers city, Indiana",2017,90907,,0.0,113560,1082.0
Indiana,Fort Wayne city,"Fort Wayne city, Indiana",2017,254796,4351.0,2581.0,46599,587.0
Indiana,Gary city,"Gary city, Indiana",2017,76430,,468.0,26669,590.0
Indiana,Hammond city,"Hammond city, Indiana",2017,76627,,409.0,45999,678.0
Indiana,Indianapolis city (balance),"Indianapolis city (balance), Indiana",2017,857386,14758.0,4982.0,47225,701.0
Indiana,Lafayette city,"Lafayette city, Indiana",2017,71225,,132.0,45315,667.0
Indiana,Muncie city,"Muncie city, Indiana",2017,68450,,557.0,30555,546.0
Indiana,South Bend city,"South Bend city, Indiana",2017,96143,2015.0,774.0,42007,597.0
Iowa,Ames city,"Ames city, Iowa",2017,66500,,410.0,51860,838.0
Iowa,Cedar Rapids city,"Cedar Rapids city, Iowa",2017,132240,,1162.0,56096,635.0
Iowa,Davenport city,"Davenport city, Iowa",2017,102314,,319.0,50081,650.0
Iowa,Des Moines city,"Des Moines city, Iowa",2017,217508,3680.0,1872.0,51355,717.0
Iowa,Iowa City city,"Iowa City city, Iowa",2017,75788,1608.0,348.0,50320,866.0
Iowa,Sioux City city,"Sioux City city, Iowa",2017,84034,,1244.0,53332,633.0
Iowa,Waterloo city,"Waterloo city, Iowa",2017,67588,,296.0,42346,594.0
Kansas,Kansas City city,"Kansas City city, Kansas",2017,155031,,957.0,45118,632.0
Kansas,Lawrence city,"Lawrence city, Kansas",2017,95000,2278.0,1115.0,48827,740.0
Kansas,Olathe city,"Olathe city, Kansas",2017,137500,,246.0,87052,779.0
Kansas,Overland Park city,"Overland Park city, Kansas",2017,191263,,602.0,79070,933.0
Kansas,Shawnee city,"Shawnee city, Kansas",2017,65505,,150.0,89190,785.0
Kansas,Topeka city,"Topeka city, Kansas",2017,126588,1722.0,1369.0,48847,614.0
Kansas,Wichita city,"Wichita city, Kansas",2017,390599,5148.0,5143.0,50504,604.0
Kentucky,Bowling Green city,"Bowling Green city, Kentucky",2017,67067,,366.0,40814,609.0
Kentucky,Lexington-Fayette urban county,"Lexington-Fayette urban county, Kentucky",2017,321959,7503.0,1350.0,56137,711.0
Kentucky,Louisville/Jefferson County metro government (balance),"Louisville/Jefferson County metro government (balance), Kentucky",2017,621337,15821.0,3732.0,51960,660.0
Louisiana,Baton Rouge city,"Baton Rouge city, Louisiana",2017,225370,2236.0,1611.0,40796,709.0
Louisiana,Bossier City city,"Bossier City city, Louisiana",2017,68564,,214.0,46911,809.0
Louisiana,Kenner city,"Kenner city, Louisiana",2017,67464,,47.0,57009,828.0
Louisiana,Lafayette city,"Lafayette city, Louisiana",2017,126847,,463.0,41964,683.0
Louisiana,Lake Charles city,"Lake Charles city, Louisiana",2017,77125,,731.0,43939,739.0
Louisiana,Metairie CDP,"Metairie CDP, Louisiana",2017,146847,,564.0,58947,867.0
Louisiana,New Orleans city,"New Orleans city, Louisiana",2017,393292,11112.0,2717.0,36999,808.0
Louisiana,Shreveport city,"Shreveport city, Louisiana",2017,191715,2709.0,4107.0,32983,587.0
Maryland,Baltimore city,"Baltimore city, Maryland",2017,611648,12109.0,12978.0,47131,873.0
Maryland,Bethesda CDP,"Bethesda CDP, Maryland",2017,68297,3425.0,201.0,166380,1922.0
Maryland,Columbia CDP,"Columbia CDP, Maryland",2017,103709,,519.0,100665,1453.0
Maryland,Ellicott City CDP,"Ellicott City CDP, Maryland",2017,76727,,153.0,123380,1395.0
Maryland,Frederick city,"Frederick city, Maryland",2017,71397,1303.0,508.0,73457,1198.0
Maryland,Gaithersburg city,"Gaithersburg city, Maryland",2017,68721,1235.0,170.0,82077,1472.0
Maryland,Germantown CDP,"Germantown CDP, Maryland",2017,95711,2156.0,357.0,96701,1495.0
Maryland,Glen Burnie CDP,"Glen Burnie CDP, Maryland",2017,70108,,738.0,62593,1161.0
Maryland,Rockville city,"Rockville city, Maryland",2017,68400,1336.0,516.0,100388,1766.0
Maryland,Silver Spring CDP,"Silver Spring CDP, Maryland",2017,80265,2600.0,171.0,84393,1474.0
Maryland,Waldorf CDP,"Waldorf CDP, Maryland",2017,69519,,563.0,92029,1518.0
Massachusetts,Boston city,"Boston city, Massachusetts",2017,683015,10919.0,7859.0,66758,1431.0
Massachusetts,Brockton city,"Brockton city, Massachusetts",2017,95664,1409.0,1373.0,58357,1031.0
Massachusetts,Cambridge city,"Cambridge city, Massachusetts",2017,113631,5712.0,650.0,97316,2040.0
Massachusetts,Fall River city,"Fall River city, Massachusetts",2017,89415,,2424.0,43235,638.0
Massachusetts,Framingham CDP,"Framingham CDP, Massachusetts",2017,72045,,913.0,84050,1262.0
Massachusetts,Lawrence city,"Lawrence city, Massachusetts",2017,80183,855.0,2007.0,41499,963.0
Massachusetts,Lowell city,"Lowell city, Massachusetts",2017,111343,1175.0,958.0,50391,971.0
Massachusetts,Lynn city,"Lynn city, Massachusetts",2017,94064,1719.0,2561.0,48900,981.0
Massachusetts,New Bedford city,"New Bedford city, Massachusetts",2017,95110,1356.0,2267.0,45784,686.0
Massachusetts,Newton city,"Newton city, Massachusetts",2017,88989,4349.0,172.0,144403,1665.0
Massachusetts,Quincy city,"Quincy city, Massachusetts",2017,94165,2025.0,1258.0,77765,1326.0
Massachusetts,Somerville city,"Somerville city, Massachusetts",2017,81361,2964.0,342.0,89478,1614.0
Massachusetts,Springfield city,"Springfield city, Massachusetts",2017,154763,,5261.0,36234,691.0
Massachusetts,Worcester city,"Worcester city, Massachusetts",2017,185685,4617.0,6478.0,41561,913.0
Michigan,Ann Arbor city,"Ann Arbor city, Michigan",2017,121461,4230.0,336.0,70499,1138.0
Michigan,Dearborn city,"Dearborn city, Michigan",2017,94497,931.0,929.0,46662,757.0
Michigan,Detroit city,"Detroit city, Michigan",2017,673103,9054.0,9247.0,30344,611.0
Michigan,Farmington Hills city,"Farmington Hills city, Michigan",2017,81048,,199.0,82592,1103.0
Michigan,Flint city,"Flint city, Michigan",2017,96439,592.0,1483.0,26901,496.0
Michigan,Grand Rapids city,"Grand Rapids city, Michigan",2017,198811,3573.0,3177.0,48521,771.0
Michigan,Kalamazoo city,"Kalamazoo city, Michigan",2017,75802,,878.0,42271,686.0
Michigan,Lansing city,"Lansing city, Michigan",2017,115451,,1815.0,39957,642.0
Michigan,Livonia city,"Livonia city, Michigan",2017,94108,,403.0,82410,863.0
Michigan,Rochester Hills city,"Rochester Hills city, Michigan",2017,74198,,263.0,93573,1171.0
Michigan,Southfield city,"Southfield city, Michigan",2017,73203,,761.0,58813,956.0
Michigan,Sterling Heights city,"Sterling Heights city, Michigan",2017,132628,,1101.0,64668,854.0
Michigan,Troy city,"Troy city, Michigan",2017,83826,,263.0,95825,1119.0
Michigan,Warren city,"Warren city, Michigan",2017,135029,934.0,1373.0,46347,768.0
Michigan,Westland city,"Westland city, Michigan",2017,81750,,733.0,47943,738.0
Michigan,Wyoming city,"Wyoming city, Michigan",2017,75938,,1058.0,56774,762.0
Minnesota,Bloomington city,"Bloomington city, Minnesota",2017,85863,,1193.0,69642,1069.0
Minnesota,Brooklyn Park city,"Brooklyn Park city, Minnesota",2017,80573,,2379.0,71213,877.0
Minnesota,Duluth city,"Duluth city, Minnesota",2017,86048,2189.0,1446.0,49078,741.0
Minnesota,Eagan city,"Eagan city, Minnesota",2017,66623,1740.0,1283.0,86611,999.0
Minnesota,Maple Grove city,"Maple Grove city, Minnesota",2017,71069,,249.0,110288,1348.0
Minnesota,Minneapolis city,"Minneapolis city, Minnesota",2017,422326,14720.0,12027.0,60789,912.0
Minnesota,Plymouth city,"Plymouth city, Minnesota",2017,78388,,432.0,97770,1298.0
Minnesota,Rochester city,"Rochester city, Minnesota",2017,115733,3224.0,1813.0,75464,883.0
Minnesota,St. Cloud city,"St. Cloud city, Minnesota",2017,65403,,1294.0,46048,684.0
Minnesota,St. Paul city,"St. Paul city, Minnesota",2017,306604,8704.0,7445.0,54290,876.0
Minnesota,Woodbury city,"Woodbury city, Minnesota",2017,69755,,155.0,101069,1382.0
Mississippi,Gulfport city,"Gulfport city, Mississippi",2017,71812,,563.0,35758,660.0
Mississippi,Jackson city,"Jackson city, Mississippi",2017,167250,,1725.0,39004,651.0
Missouri,Columbia city,"Columbia city, Missouri",2017,121720,3985.0,993.0,47043,702.0
Missouri,Independence city,"Independence city, Missouri",2017,117308,,1227.0,49855,649.0
Missouri,Kansas City city,"Kansas City city, Missouri",2017,488825,11506.0,6190.0,51330,722.0
Missouri,Lee's Summit city,"Lee's Summit city, Missouri",2017,97101,,199.0,86695,899.0
Missouri,O'Fallon city,"O'Fallon city, Missouri",2017,87578,,152.0,85831,888.0
Missouri,Springfield city,"Springfield city, Missouri",2017,167376,3135.0,1569.0,36421,581.0
Missouri,St. Charles city,"St. Charles city, Missouri",2017,70335,,93.0,63574,857.0
Missouri,St. Joseph city,"St. Joseph city, Missouri",2017,76643,,380.0,43585,591.0
Missouri,St. Louis city,"St. Louis city, Missouri",2017,308626,9671.0,2759.0,41441,618.0
Montana,Billings city,"Billings city, Montana",2017,109642,,384.0,57527,748.0
Montana,Missoula city,"Missoula city, Montana",2017,73338,1802.0,1069.0,44241,730.0
Nebraska,Lincoln city,"Lincoln city, Nebraska",2017,284734,5279.0,3020.0,56160,696.0
Nebraska,Omaha city,"Omaha city, Nebraska",2017,466903,9621.0,3171.0,56406,734.0
Nevada,Enterprise CDP,"Enterprise CDP, Nevada",2017,168011,4722.0,613.0,79089,1211.0
Nevada,Henderson city,"Henderson city, Nevada",2017,302535,9673.0,2502.0,69667,1092.0
Nevada,Las Vegas city,"Las Vegas city, Nevada",2017,641708,12468.0,5886.0,56699,921.0
Nevada,North Las Vegas city,"North Las Vegas city, Nevada",2017,242949,1854.0,2398.0,56059,936.0
Nevada,Paradise CDP,"Paradise CDP, Nevada",2017,235123,3410.0,2668.0,45777,822.0
Nevada,Reno city,"Reno city, Nevada",2017,248860,5838.0,2660.0,57125,857.0
Nevada,Sparks city,"Sparks city, Nevada",2017,100878,,908.0,58961,947.0
Nevada,Spring Valley CDP,"Spring Valley CDP, Nevada",2017,211280,5433.0,1560.0,56063,1000.0
Nevada,Sunrise Manor CDP,"Sunrise Manor CDP, Nevada",2017,193055,1076.0,3349.0,44412,781.0
New Hampshire,Manchester city,"Manchester city, New Hampshire",2017,111194,,1458.0,56819,942.0
New Hampshire,Nashua city,"Nashua city, New Hampshire",2017,88350,,956.0,70261,1079.0
New Jersey,Bayonne city,"Bayonne city, New Jersey",2017,67178,647.0,330.0,60529,1115.0
New Jersey,Camden city,"Camden city, New Jersey",2017,74534,,1288.0,24540,760.0
New Jersey,Clifton city,"Clifton city, New Jersey",2017,86615,722.0,625.0,70387,1198.0
New Jersey,East Orange city,"East Orange city, New Jersey",2017,65399,732.0,489.0,52165,984.0
New Jersey,Elizabeth city,"Elizabeth city, New Jersey",2017,130222,1539.0,1770.0,46754,1023.0
New Jersey,Jersey City city,"Jersey City city, New Jersey",2017,270750,3762.0,2273.0,66264,1182.0
New Jersey,Newark city,"Newark city, New Jersey",2017,285156,1944.0,3370.0,35167,942.0
New Jersey,Passaic city,"Passaic city, New Jersey",2017,71245,696.0,927.0,36723,1020.0
New Jersey,Paterson city,"Paterson city, New Jersey",2017,148678,2211.0,907.0,41367,1042.0
New Jersey,Toms River CDP,"Toms River CDP, New Jersey",2017,89861,,312.0,79654,1252.0
New Jersey,Trenton city,"Trenton city, New Jersey",2017,84971,,1031.0,31882,895.0
New Jersey,Union City city,"Union City city, New Jersey",2017,70409,1391.0,492.0,40468,1120.0
New Mexico,Albuquerque city,"Albuquerque city, New Mexico",2017,558558,13188.0,4224.0,50456,748.0
New Mexico,Las Cruces city,"Las Cruces city, New Mexico",2017,101706,,5834.0,36364,625.0
New Mexico,Rio Rancho city,"Rio Rancho city, New Mexico",2017,96168,,1742.0,57349,928.0
New Mexico,Santa Fe city,"Santa Fe city, New Mexico",2017,83763,,361.0,57022,925.0
New York,Albany city,"Albany city, New York",2017,98252,,1933.0,49307,858.0
New York,Brentwood CDP,"Brentwood CDP, New York",2017,66458,,441.0,85762,1415.0
New York,Buffalo city,"Buffalo city, New York",2017,258592,2698.0,8318.0,34814,597.0
New York,Cheektowaga CDP,"Cheektowaga CDP, New York",2017,73232,,387.0,53502,715.0
New York,Mount Vernon city,"Mount Vernon city, New York",2017,68702,1251.0,1321.0,55564,1252.0
New York,New Rochelle city,"New Rochelle city, New York",2017,79956,2108.0,423.0,84516,1386.0
New York,New York city,"New York city, New York",2017,8622698,173304.0,144935.0,60879,1263.0
New York,Rochester city,"Rochester city, New York",2017,208049,3653.0,7905.0,33588,706.0
New York,Schenectady city,"Schenectady city, New York",2017,65626,,770.0,42565,756.0
New York,Syracuse city,"Syracuse city, New York",2017,143398,2247.0,3346.0,35568,690.0
New York,Yonkers city,"Yonkers city, New York",2017,202008,2658.0,2710.0,59846,1281.0
North Carolina,Asheville city,"Asheville city, North Carolina",2017,91916,,524.0,50184,970.0
North Carolina,Cary town,"Cary town, North Carolina",2017,166032,8270.0,374.0,99209,1088.0
North Carolina,Charlotte city,"Charlotte city, North Carolina",2017,859052,35237.0,4103.0,61350,943.0
North Carolina,Concord city,"Concord city, North Carolina",2017,92072,,228.0,67844,723.0
North Carolina,Durham city,"Durham city, North Carolina",2017,267932,7208.0,1097.0,56375,886.0
North Carolina,Fayetteville city,"Fayetteville city, North Carolina",2017,209913,4332.0,996.0,42629,696.0
North Carolina,Gastonia city,"Gastonia city, North Carolina",2017,76606,,345.0,46688,648.0
North Carolina,Greensboro city,"Greensboro city, North Carolina",2017,290201,9209.0,2536.0,47043,708.0
North Carolina,Greenville city,"Greenville city, North Carolina",2017,92171,,173.0,39423,652.0
North Carolina,High Point city,"High Point city, North Carolina",2017,111213,,879.0,49860,672.0
North Carolina,Jacksonville city,"Jacksonville city, North Carolina",2017,72448,,890.0,43839,897.0
North Carolina,Raleigh city,"Raleigh city, North Carolina",2017,464972,23802.0,1567.0,64660,935.0
North Carolina,Wilmington city,"Wilmington city, North Carolina",2017,119048,,1642.0,46079,796.0
North Carolina,Winston-Salem city,"Winston-Salem city, North Carolina",2017,244592,6150.0,1899.0,44146,640.0
North Dakota,Bismarck city,"Bismarck city, North Dakota",2017,71574,,660.0,62755,763.0
North Dakota,Fargo city,"Fargo city, North Dakota",2017,123590,2526.0,2057.0,59542,742.0
Ohio,Akron city,"Akron city, Ohio",2017,197849,2595.0,8249.0,36816,610.0
Ohio,Canton city,"Canton city, Ohio",2017,70893,,6217.0,30046,537.0
Ohio,Cincinnati city,"Cincinnati city, Ohio",2017,301305,5589.0,9930.0,38938,585.0
Ohio,Cleveland city,"Cleveland city, Ohio",2017,385552,3777.0,9842.0,28974,561.0
Ohio,Columbus city,"Columbus city, Ohio",2017,881901,21875.0,9800.0,51708,754.0
Ohio,Dayton city,"Dayton city, Ohio",2017,140379,,2699.0,30643,527.0
Ohio,Lorain city,"Lorain city, Ohio",2017,63840,,3122.0,32379,556.0
Ohio,Parma city,"Parma city, Ohio",2017,79159,,957.0,54588,731.0
Ohio,Toledo city,"Toledo city, Ohio",2017,276494,2424.0,5013.0,37339,544.0
Ohio,Youngstown city,"Youngstown city, Ohio",2017,64585,,1709.0,28843,452.0
Oklahoma,Broken Arrow city,"Broken Arrow city, Oklahoma",2017,110468,,849.0,68811,856.0
Oklahoma,Edmond city,"Edmond city, Oklahoma",2017,91936,,637.0,69570,790.0
Oklahoma,Lawton city,"Lawton city, Oklahoma",2017,93717,,724.0,47591,651.0
Oklahoma,Norman city,"Norman city, Oklahoma",2017,122842,2414.0,1005.0,54065,749.0
Oklahoma,Oklahoma City city,"Oklahoma City city, Oklahoma",2017,643574,10455.0,6785.0,52062,678.0
Oklahoma,Tulsa city,"Tulsa city, Oklahoma",2017,402227,8297.0,4404.0,45894,657.0
Oregon,Beaverton city,"Beaverton city, Oregon",2017,97529,3882.0,813.0,71979,1207.0
Oregon,Bend city,"Bend city, Oregon",2017,94527,,264.0,66455,1122.0
Oregon,Eugene city,"Eugene city, Oregon",2017,168909,4717.0,2530.0,50592,832.0
Oregon,Gresham city,"Gresham city, Oregon",2017,111039,2054.0,4640.0,51130,979.0
Oregon,Hillsboro city,"Hillsboro city, Oregon",2017,106903,2657.0,467.0,83992,1345.0
Oregon,Medford city,"Medford city, Oregon",2017,81777,,1610.0,48825,827.0
Oregon,Portland city,"Portland city, Oregon",2017,648121,30843.0,10265.0,66187,1095.0
Oregon,Salem city,"Salem city, Oregon",2017,169790,3764.0,2722.0,56186,814.0
Pennsylvania,Allentown city,"Allentown city, Pennsylvania",2017,121278,2884.0,1905.0,39687,799.0
Pennsylvania,Bethlehem city,"Bethlehem city, Pennsylvania",2017,76469,,1349.0,53504,847.0
Pennsylvania,Erie city,"Erie city, Pennsylvania",2017,97369,836.0,2695.0,37721,534.0
Pennsylvania,Philadelphia city,"Philadelphia city, Pennsylvania",2017,1580863,27156.0,31469.0,39759,812.0
Pennsylvania,Pittsburgh city,"Pittsburgh city, Pennsylvania",2017,302414,7879.0,5985.0,45851,795.0
Pennsylvania,Reading city,"Reading city, Pennsylvania",2017,88418,1565.0,1275.0,31160,633.0
Pennsylvania,Scranton city,"Scranton city, Pennsylvania",2017,77597,,1244.0,35904,634.0
Rhode Island,Cranston city,"Cranston city, Rhode Island",2017,81192,,917.0,71263,906.0
Rhode Island,Pawtucket city,"Pawtucket city, Rhode Island",2017,72006,,529.0,45380,773.0
Rhode Island,Providence city,"Providence city, Rhode Island",2017,180388,7558.0,7060.0,44517,819.0
Rhode Island,Warwick city,"Warwick city, Rhode Island",2017,80873,,1030.0,73966,988.0
South Carolina,Charleston city,"Charleston city, South Carolina",2017,139906,5985.0,594.0,63364,1079.0
South Carolina,Columbia city,"Columbia city, South Carolina",2017,133578,3128.0,980.0,42646,699.0
South Carolina,Greenville city,"Greenville city, South Carolina",2017,68223,,57.0,52900,788.0
South Carolina,Mount Pleasant town,"Mount Pleasant town, South Carolina",2017,86668,,37.0,91259,1495.0
South Carolina,North Charleston city,"North Charleston city, South Carolina",2017,112742,,1150.0,39265,798.0
South Carolina,Rock Hill city,"Rock Hill city, South Carolina",2017,73064,,236.0,52663,722.0
South Dakota,Rapid City city,"Rapid City city, South Dakota",2017,74418,,439.0,49602,704.0
South Dakota,Sioux Falls city,"Sioux Falls city, South Dakota",2017,176898,4152.0,1116.0,61915,729.0
Tennessee,Chattanooga city,"Chattanooga city, Tennessee",2017,179130,3185.0,1872.0,41859,688.0
Tennessee,Clarksville city,"Clarksville city, Tennessee",2017,153210,2226.0,1170.0,55021,793.0
Tennessee,Franklin city,"Franklin city, Tennessee",2017,78311,,117.0,96199,1294.0
Tennessee,Jackson city,"Jackson city, Tennessee",2017,66856,,613.0,41956,596.0
Tennessee,Johnson City city,"Johnson City city, Tennessee",2017,65816,,204.0,35700,631.0
Tennessee,Knoxville city,"Knoxville city, Tennessee",2017,187344,4284.0,2058.0,38714,695.0
Tennessee,Memphis city,"Memphis city, Tennessee",2017,652231,9671.0,4512.0,39333,664.0
Tennessee,Murfreesboro city,"Murfreesboro city, Tennessee",2017,136372,,554.0,64953,850.0
Tennessee,Nashville-Davidson metropolitan government (balance),"Nashville-Davidson metropolitan government (balance), Tennessee",2017,665967,24736.0,4021.0,57737,928.0
Texas,Abilene city,"Abilene city, Texas",2017,123304,,249.0,49365,676.0
Texas,Allen city,"Allen city, Texas",2017,100679,,349.0,106475,1506.0
Texas,Amarillo city,"Amarillo city, Texas",2017,200558,,898.0,51263,682.0
Texas,Arlington city,"Arlington city, Texas",2017,396407,7771.0,1917.0,57083,848.0
Texas,Atascocita CDP,"Atascocita CDP, Texas",2017,84443,,360.0,99789,1197.0
Texas,Austin city,"Austin city, Texas",2017,950714,47301.0,3656.0,67755,1115.0
Texas,Baytown city,"Baytown city, Texas",2017,77862,,561.0,56042,801.0
Texas,Beaumont city,"Beaumont city, Texas",2017,119126,,342.0,48043,686.0
Texas,Brownsville city,"Brownsville city, Texas",2017,183292,1515.0,811.0,36176,523.0
Texas,Bryan city,"Bryan city, Texas",2017,84029,,229.0,43283,706.0
Texas,Carrollton city,"Carrollton city, Texas",2017,135709,3643.0,528.0,77998,1051.0
Texas,Cedar Park city,"Cedar Park city, Texas",2017,75238,,106.0,99461,1156.0
Texas,College Station city,"College Station city, Texas",2017,113563,2027.0,242.0,44124,802.0
Texas,Conroe city,"Conroe city, Texas",2017,84379,,587.0,60931,888.0
Texas,Corpus Christi city,"Corpus Christi city, Texas",2017,325600,4054.0,2085.0,53605,819.0
Texas,Dallas city,"Dallas city, Texas",2017,1341103,31047.0,5978.0,50627,865.0
Texas,Denton city,"Denton city, Texas",2017,136266,3575.0,571.0,51004,884.0
Texas,Edinburg city,"Edinburg city, Texas",2017,90271,,226.0,55392,609.0
Texas,El Paso city,"El Paso city, Texas",2017,683583,10304.0,4556.0,44754,712.0
Texas,Flower Mound town,"Flower Mound town, Texas",2017,76592,,115.0,133521,1558.0
Texas,Fort Worth city,"Fort Worth city, Texas",2017,876060,15293.0,3797.0,60205,850.0
Texas,Frisco city,"Frisco city, Texas",2017,177281,,313.0,122302,1247.0
Texas,Garland city,"Garland city, Texas",2017,237607,5387.0,1755.0,57483,864.0
Texas,Georgetown city,"Georgetown city, Texas",2017,70696,,163.0,71829,979.0
Texas,Grand Prairie city,"Grand Prairie city, Texas",2017,193812,,762.0,67099,884.0
Texas,Harlingen city,"Harlingen city, Texas",2017,65462,,171.0,38230,525.0
Texas,Houston city,"Houston city, Texas",2017,2313230,47251.0,12106.0,50896,864.0
Texas,Irving city,"Irving city, Texas",2017,240369,5171.0,3075.0,62837,962.0
Texas,Killeen city,"Killeen city, Texas",2017,145484,,432.0,45404,740.0
Texas,Laredo city,"Laredo city, Texas",2017,261935,2598.0,944.0,44494,648.0
Texas,League City city,"League City city, Texas",2017,105105,,304.0,98593,1212.0
Texas,Lewisville city,"Lewisville city, Texas",2017,106656,,333.0,65578,1095.0
Texas,Longview city,"Longview city, Texas",2017,83081,,200.0,46081,704.0
Texas,Lubbock city,"Lubbock city, Texas",2017,253887,3589.0,1377.0,45764,708.0
Texas,Mansfield city,"Mansfield city, Texas",2017,69007,,41.0,88736,1224.0
Texas,McAllen city,"McAllen city, Texas",2017,142699,,293.0,44108,642.0
Texas,McKinney city,"McKinney city, Texas",2017,181330,,183.0,93546,1244.0
Texas,Mesquite city,"Mesquite city, Texas",2017,143822,,196.0,54775,875.0
Texas,Midland city,"Midland city, Texas",2017,136090,,54.0,75886,944.0
Texas,Mission city,"Mission city, Texas",2017,84428,,350.0,45285,548.0
Texas,Missouri City city,"Missouri City city, Texas",2017,72519,,138.0,76572,1262.0
Texas,New Braunfels city,"New Braunfels city, Texas",2017,82306,,98.0,58814,954.0
Texas,North Richland Hills city,"North Richland Hills city, Texas",2017,70446,,100.0,67307,990.0
Texas,Odessa city,"Odessa city, Texas",2017,117105,,634.0,58919,781.0
Texas,Pasadena city,"Pasadena city, Texas",2017,153533,,177.0,50210,754.0
Texas,Pearland city,"Pearland city, Texas",2017,125198,,658.0,105806,1199.0
Texas,Pharr city,"Pharr city, Texas",2017,79491,,338.0,41286,593.0
Texas,Plano city,"Plano city, Texas",2017,285312,14219.0,969.0,94306,1234.0
Texas,Richardson city,"Richardson city, Texas",2017,116783,,492.0,72635,1178.0
Texas,Round Rock city,"Round Rock city, Texas",2017,123560,,931.0,79444,1082.0
Texas,San Angelo city,"San Angelo city, Texas",2017,94940,,815.0,46100,705.0
Texas,San Antonio city,"San Antonio city, Texas",2017,1511913,28799.0,9240.0,50044,788.0
Texas,Sugar Land city,"Sugar Land city, Texas",2017,88488,,399.0,110798,1470.0
Texas,Temple city,"Temple city, Texas",2017,74494,,806.0,52416,767.0
Texas,The Woodlands CDP,"The Woodlands CDP, Texas",2017,115097,,155.0,117180,1559.0
Texas,Tyler city,"Tyler city, Texas",2017,104998,,832.0,51956,762.0
Texas,Victoria city,"Victoria city, Texas",2017,67102,,314.0,49525,745.0
Texas,Waco city,"Waco city, Texas",2017,136437,,1354.0,39063,699.0
Texas,Wichita Falls city,"Wichita Falls city, Texas",2017,104745,,1469.0,42959,620.0
Utah,Layton city,"Layton city, Utah",2017,76694,,166.0,76371,861.0
Utah,Ogden city,"Ogden city, Utah",2017,87037,,789.0,44965,679.0
Utah,Orem city,"Orem city, Utah",2017,97840,2732.0,699.0,61729,899.0
Utah,Provo city,"Provo city, Utah",2017,117331,2535.0,720.0,43126,743.0
Utah,Salt Lake City city,"Salt Lake City city, Utah",2017,200538,6316.0,1651.0,58688,851.0
Utah,Sandy city,"Sandy city, Utah",2017,96146,,522.0,88481,1103.0
Utah,South Jordan city,"South Jordan city, Utah",2017,70953,,368.0,103534,1242.0
Utah,St. George city,"St. George city, Utah",2017,84390,,677.0,54210,843.0
Utah,West Jordan city,"West Jordan city, Utah",2017,113921,,435.0,74400,1133.0
Utah,West Valley City city,"West Valley City city, Utah",2017,136166,2421.0,794.0,65143,915.0
Virginia,Alexandria city,"Alexandria city, Virginia",2017,160035,5896.0,1255.0,100530,1607.0
Virginia,Arlington CDP,"Arlington CDP, Virginia",2017,234965,11032.0,505.0,117237,1822.0
Virginia,Centreville CDP,"Centreville CDP, Virginia",2017,78355,3219.0,364.0,106972,1627.0
Virginia,Chesapeake city,"Chesapeake city, Virginia",2017,240397,,1132.0,76629,1015.0
Virginia,Dale City CDP,"Dale City CDP, Virginia",2017,70223,1303.0,126.0,85385,1367.0
Virginia,Hampton city,"Hampton city, Virginia",2017,134669,1867.0,1019.0,54062,917.0
Virginia,Lynchburg city,"Lynchburg city, Virginia",2017,80995,2475.0,1023.0,45239,700.0
Virginia,Newport News city,"Newport News city, Virginia",2017,179388,2076.0,1728.0,49716,817.0
Virginia,Norfolk city,"Norfolk city, Virginia",2017,244703,4364.0,2298.0,49445,838.0
Virginia,Portsmouth city,"Portsmouth city, Virginia",2017,94572,,580.0,50242,815.0
Virginia,Richmond city,"Richmond city, Virginia",2017,227032,6501.0,2376.0,46261,798.0
Virginia,Roanoke city,"Roanoke city, Virginia",2017,99837,,3782.0,43799,638.0
Virginia,Suffolk city,"Suffolk city, Virginia",2017,90237,,615.0,70277,879.0
Virginia,Virginia Beach city,"Virginia Beach city, Virginia",2017,450435,10077.0,1709.0,72586,1154.0
Washington,Auburn city,"Auburn city, Washington",2017,79619,2222.0,828.0,69243,1075.0
Washington,Bellevue city,"Bellevue city, Washington",2017,144459,4481.0,760.0,121168,1747.0
Washington,Bellingham city,"Bellingham city, Washington",2017,89044,,882.0,53369,964.0
Washington,Everett city,"Everett city, Washington",2017,110086,,2042.0,61248,1106.0
Washington,Federal Way city,"Federal Way city, Washington",2017,96691,,2099.0,61804,1149.0
Washington,Kennewick city,"Kennewick city, Washington",2017,81601,,752.0,51061,812.0
Washington,Kent city,"Kent city, Washington",2017,128463,3131.0,2014.0,67497,1227.0
Washington,Kirkland city,"Kirkland city, Washington",2017,88630,,520.0,106722,1662.0
Washington,Marysville city,"Marysville city, Washington",2017,68859,,917.0,80981,1191.0
Washington,Pasco city,"Pasco city, Washington",2017,67205,,798.0,59200,680.0
Washington,Renton city,"Renton city, Washington",2017,101372,,898.0,78703,1383.0
Washington,Seattle city,"Seattle city, Washington",2017,724764,30794.0,7410.0,86822,1435.0
Washington,Spokane Valley city,"Spokane Valley city, Washington",2017,97858,,3123.0,49888,766.0
Washington,Spokane city,"Spokane city, Washington",2017,217096,4952.0,4306.0,46543,705.0
Washington,Tacoma city,"Tacoma city, Washington",2017,213426,4651.0,2853.0,57164,909.0
Washington,Vancouver city,"Vancouver city, Washington",2017,175661,5145.0,3586.0,61079,1094.0
Washington,Yakima city,"Yakima city, Washington",2017,93669,,1211.0,41121,635.0
Wisconsin,Appleton city,"Appleton city, Wisconsin",2017,73984,1966.0,819.0,58374,625.0
Wisconsin,Eau Claire city,"Eau Claire city, Wisconsin",2017,69835,,677.0,52355,682.0
Wisconsin,Green Bay city,"Green Bay city, Wisconsin",2017,105114,1660.0,1221.0,47794,605.0
Wisconsin,Kenosha city,"Kenosha city, Wisconsin",2017,99875,,1043.0,52848,785.0
Wisconsin,Madison city,"Madison city, Wisconsin",2017,255239,7279.0,1776.0,65072,970.0
Wisconsin,Milwaukee city,"Milwaukee city, Wisconsin",2017,595365,9584.0,5837.0,39098,686.0
Wisconsin,Oshkosh city,"Oshkosh city, Wisconsin",2017,66668,,613.0,49972,638.0
Wisconsin,Racine city,"Racine city, Wisconsin",2017,77555,,733.0,43169,638.0
Wisconsin,Waukesha city,"Waukesha city, Wisconsin",2017,72483,,293.0,60923,816.0
Alabama,Auburn city,"Auburn city, Alabama",2018,65737,,154.0,46436,687.0
Alabama,Birmingham city,"Birmingham city, Alabama",2018,209294,3178.0,1447.0,36395,619.0
Alabama,Dothan city,"Dothan city, Alabama",2018,67814,,248.0,49160,570.0
Alabama,Hoover city,"Hoover city, Alabama",2018,85115,,269.0,87355,879.0
Alabama,Huntsville city,"Huntsville city, Alabama",2018,199808,,5397.0,55405,710.0
Alabama,Mobile city,"Mobile city, Alabama",2018,189570,3230.0,1041.0,38643,643.0
Alabama,Montgomery city,"Montgomery city, Alabama",2018,198218,,1416.0,49070,658.0
Alabama,Tuscaloosa city,"Tuscaloosa city, Alabama",2018,101111,,1640.0,43468,643.0
Alaska,Anchorage municipality,"Anchorage municipality, Alaska",2018,291538,6555.0,6722.0,83648,1138.0
Arizona,Avondale city,"Avondale city, Arizona",2018,85828,,575.0,63242,1072.0
Arizona,Buckeye city,"Buckeye city, Arizona",2018,74378,,520.0,68655,862.0
Arizona,Casas Adobes CDP,"Casas Adobes CDP, Arizona",2018,75694,,276.0,62927,944.0
Arizona,Chandler city,"Chandler city, Arizona",2018,257153,10489.0,566.0,85527,1155.0
Arizona,Flagstaff city,"Flagstaff city, Arizona",2018,73955,1404.0,110.0,58808,1179.0
Arizona,Gilbert town,"Gilbert town, Arizona",2018,248269,11970.0,1017.0,99866,1332.0
Arizona,Glendale city,"Glendale city, Arizona",2018,250705,7296.0,3177.0,54789,840.0
Arizona,Goodyear city,"Goodyear city, Arizona",2018,82837,,284.0,89959,1123.0
Arizona,Mesa city,"Mesa city, Arizona",2018,508979,16270.0,2019.0,58247,917.0
Arizona,Peoria city,"Peoria city, Arizona",2018,172272,6055.0,1015.0,72050,1157.0
Arizona,Phoenix city,"Phoenix city, Arizona",2018,1660272,52258.0,11086.0,57957,894.0
Arizona,San Tan Valley CDP,"San Tan Valley CDP, Arizona",2018,105922,,297.0,70339,1095.0
Arizona,Scottsdale city,"Scottsdale city, Arizona",2018,255315,19030.0,1335.0,88071,1220.0
Arizona,Surprise city,"Surprise city, Arizona",2018,138144,,747.0,70280,1148.0
Arizona,Tempe city,"Tempe city, Arizona",2018,192354,5190.0,693.0,60330,1057.0
Arizona,Tucson city,"Tucson city, Arizona",2018,545987,11198.0,4689.0,43676,701.0
Arizona,Yuma city,"Yuma city, Arizona",2018,97917,,561.0,47929,755.0
Arkansas,Conway city,"Conway city, Arkansas",2018,66421,,301.0,44569,659.0
Arkansas,Fayetteville city,"Fayetteville city, Arkansas",2018,86765,,61.0,41890,669.0
Arkansas,Fort Smith city,"Fort Smith city, Arkansas",2018,87851,,534.0,45496,523.0
Arkansas,Jonesboro city,"Jonesboro city, Arkansas",2018,76990,,386.0,45057,658.0
Arkansas,Little Rock city,"Little Rock city, Arkansas",2018,197868,3843.0,1694.0,47996,672.0
Arkansas,North Little Rock city,"North Little Rock city, Arkansas",2018,66126,,263.0,46850,696.0
Arkansas,Rogers city,"Rogers city, Arkansas",2018,67615,,148.0,62938,678.0
Arkansas,Springdale city,"Springdale city, Arkansas",2018,81641,,27.0,50799,662.0
California,Alameda city,"Alameda city, California",2018,78322,3479.0,344.0,114750,1877.0
California,Alhambra city,"Alhambra city, California",2018,84650,2716.0,876.0,57432,1464.0
California,Anaheim city,"Anaheim city, California",2018,352018,5793.0,2801.0,76154,1491.0
California,Antioch city,"Antioch city, California",2018,111535,3481.0,2569.0,71466,1632.0
California,Apple Valley town,"Apple Valley town, California",2018,73508,,1859.0,56659,863.0
California,Arden-Arcade CDP,"Arden-Arcade CDP, California",2018,107894,,1907.0,49787,1037.0
California,Bakersfield city,"Bakersfield city, California",2018,383601,7480.0,7061.0,60002,892.0
California,Baldwin Park city,"Baldwin Park city, California",2018,75806,,1355.0,64254,1354.0
California,Bellflower city,"Bellflower city, California",2018,77132,1095.0,677.0,61955,1295.0
California,Berkeley city,"Berkeley city, California",2018,121654,5796.0,606.0,81362,1668.0
California,Buena Park city,"Buena Park city, California",2018,82435,,422.0,83953,1623.0
California,Burbank city,"Burbank city, California",2018,103687,4659.0,1150.0,73813,1614.0
California,Camarillo city,"Camarillo city, California",2018,69112,,145.0,88991,1947.0
California,Carlsbad city,"Carlsbad city, California",2018,115897,,519.0,103866,1937.0
California,Carmichael CDP,"Carmichael CDP, California",2018,65328,,1071.0,61334,1032.0
California,Carson city,"Carson city, California",2018,91899,,582.0,85776,1597.0
California,Castro Valley CDP,"Castro Valley CDP, California",2018,63226,,482.0,116325,1901.0
California,Chico city,"Chico city, California",2018,94787,2512.0,852.0,51419,971.0
California,Chino Hills city,"Chino Hills city, California",2018,83438,,312.0,103552,2145.0
California,Chino city,"Chino city, California",2018,91589,,381.0,82175,1386.0
California,Chula Vista city,"Chula Vista city, California",2018,271653,4809.0,1473.0,86082,1618.0
California,Citrus Heights city,"Citrus Heights city, California",2018,87916,,1401.0,65910,1171.0
California,Clovis city,"Clovis city, California",2018,112019,,637.0,74432,1002.0
California,Compton city,"Compton city, California",2018,96616,,2067.0,50856,1090.0
California,Concord city,"Concord city, California",2018,129681,4371.0,763.0,91185,1610.0
California,Corona city,"Corona city, California",2018,168826,2811.0,1052.0,91304,1548.0
California,Costa Mesa city,"Costa Mesa city, California",2018,113610,6084.0,693.0,80502,1813.0
California,Daly City city,"Daly City city, California",2018,107016,2096.0,479.0,85370,2187.0
California,Davis city,"Davis city, California",2018,69288,,386.0,66739,1555.0
California,Downey city,"Downey city, California",2018,112262,1694.0,449.0,74327,1428.0
California,East Los Angeles CDP,"East Los Angeles CDP, California",2018,117961,980.0,1254.0,45938,1051.0
California,El Cajon city,"El Cajon city, California",2018,103229,,2564.0,52691,1338.0
California,El Monte city,"El Monte city, California",2018,115602,2291.0,1757.0,47730,1198.0
California,Elk Grove city,"Elk Grove city, California",2018,172891,4789.0,1933.0,91820,1545.0
California,Escondido city,"Escondido city, California",2018,152232,2276.0,911.0,61070,1385.0
California,Fairfield city,"Fairfield city, California",2018,116885,2749.0,760.0,81652,1483.0
California,Florence-Graham CDP,"Florence-Graham CDP, California",2018,63621,,1507.0,39038,1082.0
California,Folsom city,"Folsom city, California",2018,79015,,746.0,110469,1614.0
California,Fontana city,"Fontana city, California",2018,213736,6383.0,1187.0,74238,1183.0
California,Fremont city,"Fremont city, California",2018,237815,7121.0,2548.0,136718,2279.0
California,Fresno city,"Fresno city, California",2018,530073,9050.0,15744.0,49813,852.0
California,Fullerton city,"Fullerton city, California",2018,139629,2601.0,992.0,74712,1594.0
California,Garden Grove city,"Garden Grove city, California",2018,172652,2892.0,1007.0,73212,1544.0
California,Glendale city,"Glendale city, California",2018,201374,6163.0,2203.0,69016,1547.0
California,Hawthorne city,"Hawthorne city, California",2018,86970,,1020.0,62478,1241.0
California,Hayward city,"Hayward city, California",2018,159618,2726.0,5244.0,80134,1832.0
California,Hemet city,"Hemet city, California",2018,85291,,1362.0,39305,972.0
California,Hesperia city,"Hesperia city, California",2018,95267,,924.0,55869,958.0
California,Huntington Beach city,"Huntington Beach city, California",2018,200658,7727.0,1269.0,94991,1879.0
California,Indio city,"Indio city, California",2018,91235,,862.0,45272,910.0
California,Inglewood city,"Inglewood city, California",2018,109427,,1152.0,54393,1329.0
California,Irvine city,"Irvine city, California",2018,282584,11807.0,1411.0,101667,2323.0
California,Jurupa Valley city,"Jurupa Valley city, California",2018,108400,,716.0,71663,1145.0
California,Laguna Niguel city,"Laguna Niguel city, California",2018,66265,,310.0,107976,2292.0
California,Lake Elsinore city,"Lake Elsinore city, California",2018,68187,,969.0,69159,1363.0
California,Lake Forest city,"Lake Forest city, California",2018,85619,,366.0,106892,2030.0
California,Lakewood city,"Lakewood city, California",2018,80132,,404.0,94290,1770.0
California,Lancaster city,"Lancaster city, California",2018,159038,1904.0,1957.0,57087,1075.0
California,Livermore city,"Livermore city, California",2018,90258,3248.0,886.0,135350,2044.0
California,Lodi city,"Lodi city, California",2018,66995,,355.0,59824,1046.0
California,Long Beach city,"Long Beach city, California",2018,467353,12370.0,6476.0,61610,1252.0
California,Los Angeles city,"Los Angeles city, California",2018,3990469,127865.0,47157.0,62474,1355.0
California,Lynwood city,"Lynwood city, California",2018,70492,,1037.0,57758,1101.0
California,Madera city,"Madera city, California",2018,65711,,1776.0,44854,867.0
California,Manteca city,"Manteca city, California",2018,81593,,970.0,68379,1294.0
California,Menifee city,"Menifee city, California",2018,92602,,984.0,74684,1357.0
California,Merced city,"Merced city, California",2018,83311,,2434.0,45974,859.0
California,Milpitas city,"Milpitas city, California",2018,80424,,434.0,132754,2267.0
California,Mission Viejo city,"Mission Viejo city, California",2018,95196,,704.0,121457,2181.0
California,Modesto city,"Modesto city, California",2018,215032,,3207.0,59312,1009.0
California,Moreno Valley city,"Moreno Valley city, California",2018,209051,1220.0,1405.0,67949,1364.0
California,Mountain View city,"Mountain View city, California",2018,83377,2681.0,75.0,150405,2408.0
California,Murrieta city,"Murrieta city, California",2018,114982,,1007.0,88717,1589.0
California,Napa city,"Napa city, California",2018,79261,,1421.0,84200,1572.0
California,Newport Beach city,"Newport Beach city, California",2018,85315,,539.0,124978,2180.0
California,Norwalk city,"Norwalk city, California",2018,105125,998.0,786.0,69156,1359.0
California,Oakland city,"Oakland city, California",2018,429114,15079.0,6968.0,76469,1400.0
California,Oceanside city,"Oceanside city, California",2018,176090,5846.0,1303.0,74387,1688.0
California,Ontario city,"Ontario city, California",2018,181119,3507.0,915.0,66976,1356.0
California,Orange city,"Orange city, California",2018,139502,3735.0,1499.0,87143,1748.0
California,Oxnard city,"Oxnard city, California",2018,209886,2368.0,1357.0,75836,1592.0
California,Palmdale city,"Palmdale city, California",2018,156661,,2006.0,65894,1177.0
California,Palo Alto city,"Palo Alto city, California",2018,66655,2532.0,101.0,162319,2331.0
California,Pasadena city,"Pasadena city, California",2018,141374,4516.0,1162.0,77549,1571.0
California,Perris city,"Perris city, California",2018,79139,,1592.0,66545,1196.0
California,Pittsburg city,"Pittsburg city, California",2018,72443,,954.0,81355,1649.0
California,Pleasanton city,"Pleasanton city, California",2018,82377,3995.0,228.0,161588,2197.0
California,Pomona city,"Pomona city, California",2018,152348,1621.0,2042.0,57018,1193.0
California,Rancho Cordova city,"Rancho Cordova city, California",2018,74590,1623.0,1285.0,63732,1095.0
California,Rancho Cucamonga city,"Rancho Cucamonga city, California",2018,177742,4349.0,1014.0,91983,1683.0
California,Redding city,"Redding city, California",2018,91777,,1418.0,56704,821.0
California,Redlands city,"Redlands city, California",2018,71595,,1230.0,71412,1244.0
California,Redondo Beach city,"Redondo Beach city, California",2018,67396,,367.0,121690,2049.0
California,Redwood City city,"Redwood City city, California",2018,86186,2378.0,857.0,121152,2322.0
California,Rialto city,"Rialto city, California",2018,103446,,1117.0,62162,1123.0
California,Richmond city,"Richmond city, California",2018,110175,2777.0,682.0,72270,1507.0
California,Riverside city,"Riverside city, California",2018,330080,4984.0,2025.0,67850,1231.0
California,Rocklin city,"Rocklin city, California",2018,67231,,583.0,94352,1641.0
California,Roseville city,"Roseville city, California",2018,139110,6066.0,455.0,87581,1440.0
California,Sacramento city,"Sacramento city, California",2018,508517,14456.0,6050.0,65046,1151.0
California,Salinas city,"Salinas city, California",2018,156275,1616.0,827.0,60965,1295.0
California,San Bernardino city,"San Bernardino city, California",2018,215929,2654.0,4437.0,49791,942.0
California,San Buenaventura (Ventura) city,"San Buenaventura (Ventura) city, California",2018,111120,,1079.0,76235,1475.0
California,San Clemente city,"San Clemente city, California",2018,64850,,138.0,104213,1901.0
California,San Diego city,"San Diego city, California",2018,1425999,50060.0,13021.0,79646,1622.0
California,San Francisco city,"San Francisco city, California",2018,883305,33017.0,8979.0,112376,1822.0
California,San Jose city,"San Jose city, California",2018,1030119,21173.0,6678.0,113036,2065.0
California,San Leandro city,"San Leandro city, California",2018,89683,2510.0,1318.0,81722,1679.0
California,San Marcos city,"San Marcos city, California",2018,96834,,274.0,74092,1552.0
California,San Mateo city,"San Mateo city, California",2018,105016,3227.0,386.0,131150,2633.0
California,San Ramon city,"San Ramon city, California",2018,75832,,266.0,175974,2197.0
California,Santa Ana city,"Santa Ana city, California",2018,332727,6574.0,1780.0,65313,1460.0
California,Santa Barbara city,"Santa Barbara city, California",2018,91330,3908.0,595.0,78381,1753.0
California,Santa Clara city,"Santa Clara city, California",2018,129489,3926.0,584.0,127245,2394.0
California,Santa Clarita city,"Santa Clarita city, California",2018,210085,6455.0,1341.0,100710,1782.0
California,Santa Cruz city,"Santa Cruz city, California",2018,64729,,443.0,85758,1873.0
California,Santa Maria city,"Santa Maria city, California",2018,107424,,1030.0,66976,1407.0
California,Santa Monica city,"Santa Monica city, California",2018,91417,4671.0,937.0,96138,1765.0
California,Santa Rosa city,"Santa Rosa city, California",2018,177587,2983.0,1449.0,74774,1551.0
California,Simi Valley city,"Simi Valley city, California",2018,125844,4187.0,674.0,92260,1794.0
California,South Gate city,"South Gate city, California",2018,94439,1064.0,1549.0,55128,1091.0
California,South San Francisco city,"South San Francisco city, California",2018,67736,763.0,310.0,102365,2061.0
California,South Whittier CDP,"South Whittier CDP, California",2018,65577,,723.0,87822,1446.0
California,Stockton city,"Stockton city, California",2018,311189,3327.0,5762.0,54297,948.0
California,Sunnyvale city,"Sunnyvale city, California",2018,153175,4534.0,546.0,150450,2499.0
California,Temecula city,"Temecula city, California",2018,114749,,740.0,96402,1793.0
California,Thousand Oaks city,"Thousand Oaks city, California",2018,127720,6516.0,590.0,104929,2113.0
California,Torrance city,"Torrance city, California",2018,145181,4595.0,671.0,96492,1688.0
California,Tracy city,"Tracy city, California",2018,91803,,714.0,98630,1543.0
California,Turlock city,"Turlock city, California",2018,73490,,1443.0,61016,983.0
California,Tustin city,"Tustin city, California",2018,79787,,1238.0,80142,1735.0
California,Union City city,"Union City city, California",2018,74568,2037.0,2104.0,123780,2189.0
California,Upland city,"Upland city, California",2018,77002,,486.0,72788,1335.0
California,Vacaville city,"Vacaville city, California",2018,100147,,874.0,90673,1620.0
California,Vallejo city,"Vallejo city, California",2018,121915,1550.0,1234.0,77543,1433.0
California,Victorville city,"Victorville city, California",2018,122305,,2180.0,50828,1044.0
California,Visalia city,"Visalia city, California",2018,133783,2190.0,2249.0,63737,930.0
California,Vista city,"Vista city, California",2018,101227,,308.0,76889,1582.0
California,Walnut Creek city,"Walnut Creek city, California",2018,69814,3177.0,520.0,110539,2071.0
California,West Covina city,"West Covina city, California",2018,106314,1587.0,988.0,82474,1581.0
California,Westminster city,"Westminster city, California",2018,90931,,969.0,62618,1540.0
California,Whittier city,"Whittier city, California",2018,86060,,492.0,81801,1216.0
California,Yorba Linda city,"Yorba Linda city, California",2018,67804,,361.0,125819,1836.0
California,Yuba City city,"Yuba City city, California",2018,66988,,842.0,58057,853.0
Colorado,Arvada city,"Arvada city, Colorado",2018,120127,6341.0,618.0,87955,1236.0
Colorado,Aurora city,"Aurora city, Colorado",2018,373487,12132.0,2729.0,63128,1210.0
Colorado,Boulder city,"Boulder city, Colorado",2018,107355,8035.0,516.0,62207,1478.0
Colorado,Broomfield city,"Broomfield city, Colorado",2018,69267,,392.0,95800,1516.0
Colorado,Centennial city,"Centennial city, Colorado",2018,110822,,127.0,110443,1584.0
Colorado,Colorado Springs city,"Colorado Springs city, Colorado",2018,472666,16311.0,3196.0,65331,1028.0
Colorado,Denver city,"Denver city, Colorado",2018,716492,35912.0,6891.0,68377,1237.0
Colorado,Fort Collins city,"Fort Collins city, Colorado",2018,167823,7580.0,1369.0,65635,1274.0
Colorado,Greeley city,"Greeley city, Colorado",2018,107345,,1636.0,58067,911.0
Colorado,Highlands Ranch CDP,"Highlands Ranch CDP, Colorado",2018,108257,9013.0,53.0,124795,1916.0
Colorado,Lakewood city,"Lakewood city, Colorado",2018,156779,5354.0,1198.0,70654,1301.0
Colorado,Longmont city,"Longmont city, Colorado",2018,95986,,1091.0,78322,1309.0
Colorado,Loveland city,"Loveland city, Colorado",2018,77444,,639.0,74876,1274.0
Colorado,Pueblo city,"Pueblo city, Colorado",2018,111751,,2819.0,41012,630.0
Colorado,Thornton city,"Thornton city, Colorado",2018,139430,,682.0,74690,1360.0
Colorado,Westminster city,"Westminster city, Colorado",2018,113473,,249.0,71626,1327.0
Connecticut,Bridgeport city,"Bridgeport city, Connecticut",2018,144898,1347.0,2223.0,44433,970.0
Connecticut,Danbury city,"Danbury city, Connecticut",2018,84731,1230.0,813.0,66820,1143.0
Connecticut,Hartford city,"Hartford city, Connecticut",2018,122591,,6163.0,30444,816.0
Connecticut,New Britain city,"New Britain city, Connecticut",2018,72440,,2054.0,46218,834.0
Connecticut,New Haven city,"New Haven city, Connecticut",2018,130407,3748.0,1898.0,41950,977.0
Connecticut,Norwalk city,"Norwalk city, Connecticut",2018,89049,,276.0,80338,1469.0
Connecticut,Stamford city,"Stamford city, Connecticut",2018,129770,2257.0,341.0,86993,1617.0
Connecticut,Waterbury city,"Waterbury city, Connecticut",2018,108086,,2762.0,41256,826.0
Delaware,Wilmington city,"Wilmington city, Delaware",2018,70653,,1010.0,45115,860.0
District of Columbia,Washington city,"Washington city, District of Columbia",2018,702455,23199.0,11020.0,85203,1421.0
Florida,Alafaya CDP,"Alafaya CDP, Florida",2018,92740.0,,614.0,71288,1345.0
Florida,Boca Raton city,"Boca Raton city, Florida",2018,99241.0,,608.0,91438,1663.0
Florida,Boynton Beach city,"Boynton Beach city, Florida",2018,78038.0,,1085.0,53755,1287.0
Florida,Brandon CDP,"Brandon CDP, Florida",2018,119778.0,,675.0,61372,1191.0
Florida,Cape Coral city,"Cape Coral city, Florida",2018,189342.0,,1255.0,60197,1122.0
Florida,Clearwater city,"Clearwater city, Florida",2018,116484.0,3203.0,856.0,45764,917.0
Florida,Coral Springs city,"Coral Springs city, Florida",2018,133493.0,,861.0,75479,1390.0
Florida,Davie town,"Davie town, Florida",2018,106565.0,,535.0,75202,1347.0
Florida,Daytona Beach city,"Daytona Beach city, Florida",2018,68862.0,,1161.0,39292,843.0
Florida,Deerfield Beach city,"Deerfield Beach city, Florida",2018,80854.0,,344.0,45172,1211.0
Florida,Delray Beach city,"Delray Beach city, Florida",2018,69356.0,,228.0,61179,1487.0
Florida,Deltona city,"Deltona city, Florida",2018,91946.0,,556.0,53710,1010.0
Florida,Fort Lauderdale city,"Fort Lauderdale city, Florida",2018,182611.0,6005.0,590.0,59290,1126.0
Florida,Fort Myers city,"Fort Myers city, Florida",2018,82260.0,,950.0,41742,932.0
Florida,Gainesville city,"Gainesville city, Florida",2018,133851.0,,514.0,38559,844.0
Florida,Hialeah city,"Hialeah city, Florida",2018,238950.0,7434.0,3812.0,38252,1093.0
Florida,Hollywood city,"Hollywood city, Florida",2018,154813.0,,962.0,52288,1085.0
Florida,Homestead city,"Homestead city, Florida",2018,70469.0,,538.0,44134,1092.0
Florida,Jacksonville city,"Jacksonville city, Florida",2018,903896.0,22528.0,11261.0,54269,904.0
Florida,Jupiter town,"Jupiter town, Florida",2018,65544.0,,149.0,88384,1442.0
Florida,Kendall CDP,"Kendall CDP, Florida",2018,75979.0,,374.0,72546,1437.0
Florida,Kissimmee city,"Kissimmee city, Florida",2018,73596.0,,1148.0,35574,1053.0
Florida,Lakeland city,"Lakeland city, Florida",2018,110494.0,,1097.0,46593,828.0
Florida,Largo city,"Largo city, Florida",2018,85008.0,,928.0,42875,952.0
Florida,Lauderhill city,"Lauderhill city, Florida",2018,72081.0,,749.0,38899,1115.0
Florida,Lehigh Acres CDP,"Lehigh Acres CDP, Florida",2018,135272.0,,583.0,47348,984.0
Florida,Melbourne city,"Melbourne city, Florida",2018,82823.0,,717.0,49142,954.0
Florida,Miami Beach city,"Miami Beach city, Florida",2018,91715.0,4368.0,253.0,55058,1329.0
Florida,Miami Gardens city,"Miami Gardens city, Florida",2018,113085.0,,4361.0,46274,1146.0
Florida,Miami city,"Miami city, Florida",2018,470911.0,14272.0,2354.0,41818,1082.0
Florida,Miramar city,"Miramar city, Florida",2018,140827.0,,1042.0,68293,1392.0
Florida,North Port city,"North Port city, Florida",2018,68637.0,,262.0,70281,1103.0
Florida,Orlando city,"Orlando city, Florida",2018,285705.0,5785.0,2631.0,51820,1070.0
Florida,Palm Bay city,"Palm Bay city, Florida",2018,114190.0,,740.0,45858,893.0
Florida,Palm Coast city,"Palm Coast city, Florida",2018,87617.0,,584.0,59149,1050.0
Florida,Palm Harbor CDP,"Palm Harbor CDP, Florida",2018,65994.0,,39.0,59672,1255.0
Florida,Pembroke Pines city,"Pembroke Pines city, Florida",2018,172387.0,,980.0,60825,1363.0
Florida,Pine Hills CDP,"Pine Hills CDP, Florida",2018,90070.0,,942.0,38158,799.0
Florida,Plantation city,"Plantation city, Florida",2018,94291.0,,303.0,75920,1524.0
Florida,Poinciana CDP,"Poinciana CDP, Florida",2018,71331.0,,581.0,52584,1059.0
Florida,Pompano Beach city,"Pompano Beach city, Florida",2018,111930.0,,851.0,52177,1130.0
Florida,Port Charlotte CDP,"Port Charlotte CDP, Florida",2018,64815.0,,529.0,49793,835.0
Florida,Port St. Lucie city,"Port St. Lucie city, Florida",2018,195251.0,,2361.0,60813,1411.0
Florida,Riverview CDP,"Riverview CDP, Florida",2018,89982.0,,645.0,67744,1298.0
Florida,Spring Hill CDP,"Spring Hill CDP, Florida",2018,117519.0,,1730.0,49112,885.0
Florida,St. Petersburg city,"St. Petersburg city, Florida",2018,265100.0,10573.0,2833.0,58057,973.0
Florida,Sunrise city,"Sunrise city, Florida",2018,95461.0,,955.0,50284,1380.0
Florida,Tallahassee city,"Tallahassee city, Florida",2018,193550.0,5723.0,1238.0,42031,783.0
Florida,Tamarac city,"Tamarac city, Florida",2018,66043.0,,709.0,50943,1213.0
Florida,Tampa city,"Tampa city, Florida",2018,392905.0,13327.0,3597.0,54599,985.0
Florida,The Hammocks CDP,"The Hammocks CDP, Florida",2018,64910.0,,464.0,61966,1624.0
Florida,The Villages CDP,"The Villages CDP, Florida",2018,,,239.0,55906,2103.0
Florida,Town 'n' Country CDP,"Town 'n' Country CDP, Florida",2018,82577.0,,1080.0,51778,1108.0
Florida,Wellington village,"Wellington village, Florida",2018,65190.0,,429.0,98559,1676.0
Florida,Wesley Chapel CDP,"Wesley Chapel CDP, Florida",2018,65249.0,,204.0,86885,1297.0
Florida,West Palm Beach city,"West Palm Beach city, Florida",2018,111389.0,,942.0,53046,1213.0
Florida,Weston city,"Weston city, Florida",2018,71224.0,,273.0,105591,2028.0
Georgia,Albany city,"Albany city, Georgia",2018,71646,,104.0,35575,494.0
Georgia,Alpharetta city,"Alpharetta city, Georgia",2018,66263,,175.0,110171,1277.0
Georgia,Athens-Clarke County unified government (balance),"Athens-Clarke County unified government (balance), Georgia",2018,126000,2787.0,410.0,42053,708.0
Georgia,Atlanta city,"Atlanta city, Georgia",2018,498073,24235.0,2256.0,65345,1029.0
Georgia,Augusta-Richmond County consolidated government (balance),"Augusta-Richmond County consolidated government (balance), Georgia",2018,196138,2734.0,1501.0,39497,677.0
Georgia,Columbus city,"Columbus city, Georgia",2018,194160,2346.0,1074.0,47288,676.0
Georgia,Johns Creek city,"Johns Creek city, Georgia",2018,84292,,119.0,121848,1571.0
Georgia,Macon-Bibb County,"Macon-Bibb County, Georgia",2018,153095,,1727.0,40495,659.0
Georgia,Roswell city,"Roswell city, Georgia",2018,94648,,144.0,108616,1122.0
Georgia,Sandy Springs city,"Sandy Springs city, Georgia",2018,108798,,397.0,75064,1184.0
Georgia,Savannah city,"Savannah city, Georgia",2018,145852,3022.0,552.0,44723,818.0
Georgia,South Fulton city,"South Fulton city, Georgia",2018,97266,,510.0,68823,973.0
Georgia,Warner Robins city,"Warner Robins city, Georgia",2018,75413,,175.0,53029,810.0
Hawaii,Urban Honolulu CDP,"Urban Honolulu CDP, Hawaii",2018,347403,8196.0,2954.0,71247,1382.0
Idaho,Boise City city,"Boise City city, Idaho",2018,228807,8865.0,1466.0,56681,867.0
Idaho,Meridian city,"Meridian city, Idaho",2018,106794,,566.0,77359,1115.0
Idaho,Nampa city,"Nampa city, Idaho",2018,96245,,1906.0,47997,721.0
Illinois,Arlington Heights village,"Arlington Heights village, Illinois",2018,77259,,277.0,90697,1391.0
Illinois,Aurora city,"Aurora city, Illinois",2018,206389,3970.0,1123.0,69463,1116.0
Illinois,Bloomington city,"Bloomington city, Illinois",2018,77955,,498.0,67179,724.0
Illinois,Bolingbrook village,"Bolingbrook village, Illinois",2018,74224,,675.0,82721,1180.0
Illinois,Champaign city,"Champaign city, Illinois",2018,88033,1302.0,661.0,50648,773.0
Illinois,Chicago city,"Chicago city, Illinois",2018,2705988,69851.0,30478.0,57238,956.0
Illinois,Cicero town,"Cicero town, Illinois",2018,81602,337.0,428.0,53246,869.0
Illinois,Decatur city,"Decatur city, Illinois",2018,71860,,675.0,43042,544.0
Illinois,Elgin city,"Elgin city, Illinois",2018,110893,1688.0,462.0,67042,869.0
Illinois,Evanston city,"Evanston city, Illinois",2018,74110,4124.0,614.0,82470,1290.0
Illinois,Joliet city,"Joliet city, Illinois",2018,149356,2529.0,1214.0,75818,886.0
Illinois,Naperville city,"Naperville city, Illinois",2018,147823,8259.0,195.0,123936,1347.0
Illinois,Palatine village,"Palatine village, Illinois",2018,68017,,152.0,75243,1103.0
Illinois,Peoria city,"Peoria city, Illinois",2018,115720,2010.0,1457.0,56454,660.0
Illinois,Rockford city,"Rockford city, Illinois",2018,147676,2328.0,2900.0,42489,618.0
Illinois,Schaumburg village,"Schaumburg village, Illinois",2018,73970,,143.0,84146,1287.0
Illinois,Skokie village,"Skokie village, Illinois",2018,63292,1276.0,782.0,67487,1140.0
Illinois,Springfield city,"Springfield city, Illinois",2018,114512,1543.0,1318.0,51142,656.0
Illinois,Waukegan city,"Waukegan city, Illinois",2018,82934,,554.0,46220,831.0
Indiana,Bloomington city,"Bloomington city, Indiana",2018,86522,2385.0,403.0,36454,773.0
Indiana,Carmel city,"Carmel city, Indiana",2018,95767,,0.0,125168,1138.0
Indiana,Evansville city,"Evansville city, Indiana",2018,117967,,925.0,40899,581.0
Indiana,Fishers city,"Fishers city, Indiana",2018,93790,,75.0,98168,1137.0
Indiana,Fort Wayne city,"Fort Wayne city, Indiana",2018,264170,4242.0,2613.0,48658,618.0
Indiana,Gary city,"Gary city, Indiana",2018,69602,,641.0,33333,618.0
Indiana,Hammond city,"Hammond city, Indiana",2018,75806,,325.0,41568,705.0
Indiana,Indianapolis city (balance),"Indianapolis city (balance), Indiana",2018,864131,14062.0,5887.0,47678,712.0
Indiana,Lafayette city,"Lafayette city, Indiana",2018,72393,,668.0,44571,662.0
Indiana,Muncie city,"Muncie city, Indiana",2018,70178,,222.0,32565,621.0
Indiana,Noblesville city,"Noblesville city, Indiana",2018,66358,,126.0,84388,897.0
Indiana,South Bend city,"South Bend city, Indiana",2018,103869,1868.0,1018.0,40532,652.0
Iowa,Ames city,"Ames city, Iowa",2018,67155,,240.0,49830,817.0
Iowa,Ankeny city,"Ankeny city, Iowa",2018,65282,,173.0,74701,1058.0
Iowa,Cedar Rapids city,"Cedar Rapids city, Iowa",2018,133169,,464.0,59603,639.0
Iowa,Davenport city,"Davenport city, Iowa",2018,102080,,443.0,47337,638.0
Iowa,Des Moines city,"Des Moines city, Iowa",2018,216993,4791.0,4016.0,53336,738.0
Iowa,Iowa City city,"Iowa City city, Iowa",2018,76291,1736.0,355.0,46053,861.0
Iowa,Sioux City city,"Sioux City city, Iowa",2018,82762,,807.0,60682,653.0
Iowa,Waterloo city,"Waterloo city, Iowa",2018,67797,,555.0,45646,625.0
Iowa,West Des Moines city,"West Des Moines city, Iowa",2018,67127,,123.0,72917,905.0
Kansas,Kansas City city,"Kansas City city, Kansas",2018,154361,1478.0,549.0,46291,663.0
Kansas,Lawrence city,"Lawrence city, Kansas",2018,97293,2359.0,470.0,50985,797.0
Kansas,Olathe city,"Olathe city, Kansas",2018,139588,,194.0,86082,823.0
Kansas,Overland Park city,"Overland Park city, Kansas",2018,192525,,361.0,83717,976.0
Kansas,Shawnee city,"Shawnee city, Kansas",2018,65844,,303.0,82874,788.0
Kansas,Topeka city,"Topeka city, Kansas",2018,125908,2235.0,1330.0,44338,645.0
Kansas,Wichita city,"Wichita city, Kansas",2018,389259,5764.0,4780.0,51051,591.0
Kentucky,Bowling Green city,"Bowling Green city, Kentucky",2018,68393,,404.0,38665,640.0
Kentucky,Lexington-Fayette urban county,"Lexington-Fayette urban county, Kentucky",2018,323780,7426.0,745.0,54896,755.0
Kentucky,Louisville/Jefferson County metro government (balance),"Louisville/Jefferson County metro government (balance), Kentucky",2018,620149,14414.0,5462.0,52303,681.0
Louisiana,Baton Rouge city,"Baton Rouge city, Louisiana",2018,221606,3610.0,732.0,42470,735.0
Louisiana,Bossier City city,"Bossier City city, Louisiana",2018,68222,,703.0,52078,714.0
Louisiana,Kenner city,"Kenner city, Louisiana",2018,66656,,482.0,47317,828.0
Louisiana,Lafayette city,"Lafayette city, Louisiana",2018,126149,,1183.0,52246,768.0
Louisiana,Lake Charles city,"Lake Charles city, Louisiana",2018,77999,,1096.0,43546,686.0
Louisiana,Metairie CDP,"Metairie CDP, Louisiana",2018,141114,,429.0,55960,839.0
Louisiana,New Orleans city,"New Orleans city, Louisiana",2018,391006,9663.0,2573.0,38423,817.0
Louisiana,Shreveport city,"Shreveport city, Louisiana",2018,189149,,2468.0,36338,641.0
Maryland,Baltimore city,"Baltimore city, Maryland",2018,602495,11914.0,8620.0,51000,877.0
Maryland,Columbia CDP,"Columbia CDP, Maryland",2018,106772,3666.0,568.0,103246,1465.0
Maryland,Ellicott City CDP,"Ellicott City CDP, Maryland",2018,72689,,0.0,131394,1392.0
Maryland,Frederick city,"Frederick city, Maryland",2018,72152,,931.0,75020,1210.0
Maryland,Gaithersburg city,"Gaithersburg city, Maryland",2018,68294,1622.0,821.0,76982,1582.0
Maryland,Germantown CDP,"Germantown CDP, Maryland",2018,81399,2014.0,901.0,91824,1549.0
Maryland,Glen Burnie CDP,"Glen Burnie CDP, Maryland",2018,65987,,559.0,70157,1133.0
Maryland,Rockville city,"Rockville city, Maryland",2018,68252,2163.0,311.0,114044,1694.0
Maryland,Silver Spring CDP,"Silver Spring CDP, Maryland",2018,81816,2057.0,300.0,81992,1597.0
Maryland,Waldorf CDP,"Waldorf CDP, Maryland",2018,78591,,235.0,86777,1531.0
Massachusetts,Boston city,"Boston city, Massachusetts",2018,695926,14028.0,8352.0,71834,1548.0
Massachusetts,Brockton city,"Brockton city, Massachusetts",2018,95781,755.0,1181.0,63043,1070.0
Massachusetts,Cambridge city,"Cambridge city, Massachusetts",2018,118967,4700.0,400.0,106363,2290.0
Massachusetts,Fall River city,"Fall River city, Massachusetts",2018,89662,,2076.0,44957,724.0
Massachusetts,Framingham city,"Framingham city, Massachusetts",2018,73123,2911.0,450.0,82698,1229.0
Massachusetts,Lawrence city,"Lawrence city, Massachusetts",2018,80370,,3392.0,41356,960.0
Massachusetts,Lowell city,"Lowell city, Massachusetts",2018,111666,2491.0,2182.0,59867,968.0
Massachusetts,Lynn city,"Lynn city, Massachusetts",2018,94655,1824.0,971.0,55473,1092.0
Massachusetts,New Bedford city,"New Bedford city, Massachusetts",2018,95323,,1687.0,48762,690.0
Massachusetts,Newton city,"Newton city, Massachusetts",2018,88911,3744.0,785.0,142254,1843.0
Massachusetts,Quincy city,"Quincy city, Massachusetts",2018,94590,1477.0,877.0,73503,1440.0
Massachusetts,Somerville city,"Somerville city, Massachusetts",2018,81568,2781.0,561.0,101073,1749.0
Massachusetts,Springfield city,"Springfield city, Massachusetts",2018,155029,2047.0,3030.0,32747,716.0
Massachusetts,Worcester city,"Worcester city, Massachusetts",2018,185883,4229.0,4334.0,46967,953.0
Michigan,Ann Arbor city,"Ann Arbor city, Michigan",2018,121885,5079.0,900.0,67862,1214.0
Michigan,Dearborn city,"Dearborn city, Michigan",2018,94325,,757.0,55498,869.0
Michigan,Detroit city,"Detroit city, Michigan",2018,672681,9817.0,10719.0,31283,630.0
Michigan,Farmington Hills city,"Farmington Hills city, Michigan",2018,81103,,669.0,85697,989.0
Michigan,Flint city,"Flint city, Michigan",2018,95932,,1872.0,28844,517.0
Michigan,Grand Rapids city,"Grand Rapids city, Michigan",2018,200230,4061.0,2622.0,51226,793.0
Michigan,Kalamazoo city,"Kalamazoo city, Michigan",2018,76557,1193.0,361.0,42759,687.0
Michigan,Lansing city,"Lansing city, Michigan",2018,117388,1234.0,3026.0,40670,677.0
Michigan,Livonia city,"Livonia city, Michigan",2018,93970,,405.0,77892,965.0
Michigan,Rochester Hills city,"Rochester Hills city, Michigan",2018,74700,,242.0,97808,1118.0
Michigan,Southfield city,"Southfield city, Michigan",2018,73141,,550.0,56044,930.0
Michigan,Sterling Heights city,"Sterling Heights city, Michigan",2018,132967,,1160.0,60631,911.0
Michigan,Troy city,"Troy city, Michigan",2018,84259,,371.0,96864,1152.0
Michigan,Warren city,"Warren city, Michigan",2018,134583,,1354.0,51187,753.0
Michigan,Westland city,"Westland city, Michigan",2018,81714,,550.0,48172,769.0
Michigan,Wyoming city,"Wyoming city, Michigan",2018,75812,,1239.0,51303,779.0
Minnesota,Blaine city,"Blaine city, Minnesota",2018,65215,,659.0,84907,1296.0
Minnesota,Bloomington city,"Bloomington city, Minnesota",2018,85574,1976.0,590.0,70177,1108.0
Minnesota,Brooklyn Park city,"Brooklyn Park city, Minnesota",2018,80614,,2681.0,70214,975.0
Minnesota,Duluth city,"Duluth city, Minnesota",2018,85884,1231.0,1860.0,49050,746.0
Minnesota,Eagan city,"Eagan city, Minnesota",2018,66539,,506.0,90198,1142.0
Minnesota,Lakeville city,"Lakeville city, Minnesota",2018,65871,,458.0,110652,1262.0
Minnesota,Maple Grove city,"Maple Grove city, Minnesota",2018,71812,,112.0,102380,1383.0
Minnesota,Minneapolis city,"Minneapolis city, Minnesota",2018,425395,12536.0,10251.0,63590,960.0
Minnesota,Plymouth city,"Plymouth city, Minnesota",2018,79437,,283.0,106017,1250.0
Minnesota,Rochester city,"Rochester city, Minnesota",2018,116957,2830.0,2316.0,70094,855.0
Minnesota,St. Cloud city,"St. Cloud city, Minnesota",2018,68928,,833.0,49080,722.0
Minnesota,St. Paul city,"St. Paul city, Minnesota",2018,307701,9719.0,7357.0,59033,860.0
Minnesota,Woodbury city,"Woodbury city, Minnesota",2018,71299,,56.0,103547,1318.0
Mississippi,Gulfport city,"Gulfport city, Mississippi",2018,71865,,1277.0,37330,677.0
Mississippi,Jackson city,"Jackson city, Mississippi",2018,164720,1948.0,1074.0,41150,641.0
Missouri,Columbia city,"Columbia city, Missouri",2018,123182,2332.0,599.0,51163,718.0
Missouri,Independence city,"Independence city, Missouri",2018,116939,,1276.0,55323,661.0
Missouri,Kansas City city,"Kansas City city, Missouri",2018,491809,11759.0,5134.0,54372,741.0
Missouri,Lee's Summit city,"Lee's Summit city, Missouri",2018,98919,,620.0,85183,893.0
Missouri,O'Fallon city,"O'Fallon city, Missouri",2018,88464,,131.0,90542,976.0
Missouri,Springfield city,"Springfield city, Missouri",2018,168113,2218.0,1580.0,33879,589.0
Missouri,St. Charles city,"St. Charles city, Missouri",2018,70770,,112.0,63634,789.0
Missouri,St. Joseph city,"St. Joseph city, Missouri",2018,75437,,1025.0,51347,562.0
Missouri,St. Louis city,"St. Louis city, Missouri",2018,302838,5174.0,2149.0,43889,645.0
Montana,Billings city,"Billings city, Montana",2018,109544,1807.0,1649.0,57692,801.0
Montana,Missoula city,"Missoula city, Montana",2018,74427,1974.0,397.0,53375,795.0
Nebraska,Lincoln city,"Lincoln city, Nebraska",2018,287399,6926.0,2482.0,55388,725.0
Nebraska,Omaha city,"Omaha city, Nebraska",2018,468267,9834.0,3322.0,59266,761.0
Nevada,Enterprise CDP,"Enterprise CDP, Nevada",2018,187078,,925.0,81778,1211.0
Nevada,Henderson city,"Henderson city, Nevada",2018,310374,7861.0,1866.0,72884,1161.0
Nevada,Las Vegas city,"Las Vegas city, Nevada",2018,644664,12841.0,7780.0,53575,926.0
Nevada,North Las Vegas city,"North Las Vegas city, Nevada",2018,245949,4168.0,3178.0,55470,973.0
Nevada,Paradise CDP,"Paradise CDP, Nevada",2018,242266,3637.0,3026.0,45744,868.0
Nevada,Reno city,"Reno city, Nevada",2018,250989,5464.0,2677.0,56087,965.0
Nevada,Sparks city,"Sparks city, Nevada",2018,104254,1284.0,707.0,68215,1069.0
Nevada,Spring Valley CDP,"Spring Valley CDP, Nevada",2018,214161,3559.0,1774.0,57398,1085.0
Nevada,Sunrise Manor CDP,"Sunrise Manor CDP, Nevada",2018,188515,852.0,4112.0,41342,807.0
New Hampshire,Manchester city,"Manchester city, New Hampshire",2018,112529,2965.0,1937.0,60232,955.0
New Hampshire,Nashua city,"Nashua city, New Hampshire",2018,89257,,702.0,75838,1165.0
New Jersey,Bayonne city,"Bayonne city, New Jersey",2018,65082,845.0,332.0,65951,1083.0
New Jersey,Camden city,"Camden city, New Jersey",2018,73968,,1345.0,25928,759.0
New Jersey,Clifton city,"Clifton city, New Jersey",2018,85272,,463.0,77397,1226.0
New Jersey,East Orange city,"East Orange city, New Jersey",2018,64469,436.0,1059.0,47512,1013.0
New Jersey,Elizabeth city,"Elizabeth city, New Jersey",2018,128882,1569.0,773.0,49411,1043.0
New Jersey,Jersey City city,"Jersey City city, New Jersey",2018,265560,4141.0,3699.0,72561,1318.0
New Jersey,Newark city,"Newark city, New Jersey",2018,282102,1906.0,4510.0,37642,956.0
New Jersey,Passaic city,"Passaic city, New Jersey",2018,69945,397.0,489.0,52156,1084.0
New Jersey,Paterson city,"Paterson city, New Jersey",2018,145626,800.0,1452.0,49367,1042.0
New Jersey,Toms River CDP,"Toms River CDP, New Jersey",2018,91268,,164.0,78700,1183.0
New Jersey,Trenton city,"Trenton city, New Jersey",2018,83973,504.0,1550.0,35745,902.0
New Jersey,Union City city,"Union City city, New Jersey",2018,68521,1330.0,294.0,51319,1122.0
New Mexico,Albuquerque city,"Albuquerque city, New Mexico",2018,560234,12567.0,6341.0,51099,768.0
New Mexico,Las Cruces city,"Las Cruces city, New Mexico",2018,102929,,4412.0,35617,660.0
New Mexico,Rio Rancho city,"Rio Rancho city, New Mexico",2018,98016,,1497.0,58257,892.0
New Mexico,Santa Fe city,"Santa Fe city, New Mexico",2018,84605,3315.0,769.0,60006,1006.0
New York,Albany city,"Albany city, New York",2018,97273,1732.0,2429.0,44066,837.0
New York,Brentwood CDP,"Brentwood CDP, New York",2018,64855,,236.0,74240,1401.0
New York,Buffalo city,"Buffalo city, New York",2018,256322,3032.0,7421.0,37359,664.0
New York,Cheektowaga CDP,"Cheektowaga CDP, New York",2018,74223,,805.0,53851,712.0
New York,Mount Vernon city,"Mount Vernon city, New York",2018,67606,620.0,749.0,65244,1227.0
New York,New Rochelle city,"New Rochelle city, New York",2018,78747,2667.0,381.0,86606,1398.0
New York,New York city,"New York city, New York",2018,8398748,179656.0,144372.0,63799,1337.0
New York,Rochester city,"Rochester city, New York",2018,206290,3230.0,6903.0,35403,715.0
New York,Schenectady city,"Schenectady city, New York",2018,65570,,1065.0,45797,789.0
New York,Syracuse city,"Syracuse city, New York",2018,142740,2691.0,3051.0,37199,682.0
New York,Yonkers city,"Yonkers city, New York",2018,199646,2095.0,4557.0,60436,1212.0
North Carolina,Asheville city,"Asheville city, North Carolina",2018,92460,,461.0,51040,969.0
North Carolina,Cary town,"Cary town, North Carolina",2018,169537,8299.0,857.0,102172,1182.0
North Carolina,Charlotte city,"Charlotte city, North Carolina",2018,872506,38770.0,2954.0,60764,988.0
North Carolina,Concord city,"Concord city, North Carolina",2018,94134,,131.0,69929,744.0
North Carolina,Durham city,"Durham city, North Carolina",2018,274497,8215.0,1087.0,54840,899.0
North Carolina,Fayetteville city,"Fayetteville city, North Carolina",2018,209465,2602.0,1476.0,45419,734.0
North Carolina,Gastonia city,"Gastonia city, North Carolina",2018,77021,,786.0,48383,704.0
North Carolina,Greensboro city,"Greensboro city, North Carolina",2018,294726,6635.0,2378.0,45787,724.0
North Carolina,Greenville city,"Greenville city, North Carolina",2018,93136,,505.0,39234,593.0
North Carolina,High Point city,"High Point city, North Carolina",2018,114322,,698.0,45081,667.0
North Carolina,Jacksonville city,"Jacksonville city, North Carolina",2018,72895,,234.0,45978,864.0
North Carolina,Raleigh city,"Raleigh city, North Carolina",2018,470509,22148.0,2660.0,65695,983.0
North Carolina,Wilmington city,"Wilmington city, North Carolina",2018,122610,,814.0,46488,867.0
North Carolina,Winston-Salem city,"Winston-Salem city, North Carolina",2018,246334,4925.0,1596.0,44597,639.0
North Dakota,Bismarck city,"Bismarck city, North Dakota",2018,71843,,704.0,65567,760.0
North Dakota,Fargo city,"Fargo city, North Dakota",2018,125040,,2811.0,51839,752.0
Ohio,Akron city,"Akron city, Ohio",2018,198025,3242.0,6630.0,41164,615.0
Ohio,Canton city,"Canton city, Ohio",2018,70469,,4300.0,31465,517.0
Ohio,Cincinnati city,"Cincinnati city, Ohio",2018,302615,6657.0,7193.0,43585,633.0
Ohio,Cleveland city,"Cleveland city, Ohio",2018,383781,5305.0,8088.0,29953,574.0
Ohio,Columbus city,"Columbus city, Ohio",2018,895877,20818.0,6970.0,52971,794.0
Ohio,Dayton city,"Dayton city, Ohio",2018,140638,2775.0,2028.0,33960,543.0
Ohio,Lorain city,"Lorain city, Ohio",2018,64031,,1276.0,35544,567.0
Ohio,Parma city,"Parma city, Ohio",2018,78746,,654.0,59372,739.0
Ohio,Toledo city,"Toledo city, Ohio",2018,274973,1947.0,3306.0,35866,574.0
Ohio,Youngstown city,"Youngstown city, Ohio",2018,64958,,1746.0,30019,505.0
Oklahoma,Broken Arrow city,"Broken Arrow city, Oklahoma",2018,110123,,623.0,70476,831.0
Oklahoma,Edmond city,"Edmond city, Oklahoma",2018,93118,,406.0,76347,912.0
Oklahoma,Lawton city,"Lawton city, Oklahoma",2018,92860,,1080.0,47360,627.0
Oklahoma,Norman city,"Norman city, Oklahoma",2018,123469,,1243.0,56827,689.0
Oklahoma,Oklahoma City city,"Oklahoma City city, Oklahoma",2018,649410,11628.0,7003.0,53973,696.0
Oklahoma,Tulsa city,"Tulsa city, Oklahoma",2018,401112,6005.0,4637.0,47583,672.0
Oregon,Beaverton city,"Beaverton city, Oregon",2018,98951,3410.0,729.0,72015,1292.0
Oregon,Bend city,"Bend city, Oregon",2018,97590,,835.0,62664,1107.0
Oregon,Eugene city,"Eugene city, Oregon",2018,171259,7004.0,1742.0,52521,899.0
Oregon,Gresham city,"Gresham city, Oregon",2018,110165,2417.0,3155.0,55356,1090.0
Oregon,Hillsboro city,"Hillsboro city, Oregon",2018,108382,3328.0,1229.0,77877,1323.0
Oregon,Medford city,"Medford city, Oregon",2018,82348,,1775.0,51450,829.0
Oregon,Portland city,"Portland city, Oregon",2018,652573,35313.0,11249.0,73097,1172.0
Oregon,Salem city,"Salem city, Oregon",2018,173420,4584.0,2838.0,52152,895.0
Pennsylvania,Allentown city,"Allentown city, Pennsylvania",2018,121429,2202.0,2336.0,43641,856.0
Pennsylvania,Bethlehem city,"Bethlehem city, Pennsylvania",2018,75979,,3178.0,52136,835.0
Pennsylvania,Erie city,"Erie city, Pennsylvania",2018,96459,1194.0,2128.0,34761,565.0
Pennsylvania,Philadelphia city,"Philadelphia city, Pennsylvania",2018,1584138,29728.0,34008.0,46116,857.0
Pennsylvania,Pittsburgh city,"Pittsburgh city, Pennsylvania",2018,301038,9443.0,6200.0,47417,797.0
Pennsylvania,Reading city,"Reading city, Pennsylvania",2018,88508,701.0,3391.0,32466,659.0
Pennsylvania,Scranton city,"Scranton city, Pennsylvania",2018,77186,1317.0,1035.0,41773,665.0
Rhode Island,Cranston city,"Cranston city, Rhode Island",2018,81282,,815.0,64680,941.0
Rhode Island,Pawtucket city,"Pawtucket city, Rhode Island",2018,71842,,1017.0,44569,724.0
Rhode Island,Providence city,"Providence city, Rhode Island",2018,179335,3360.0,10724.0,42347,803.0
Rhode Island,Warwick city,"Warwick city, Rhode Island",2018,80842,,1131.0,63834,1081.0
South Carolina,Charleston city,"Charleston city, South Carolina",2018,141088,,926.0,70319,1127.0
South Carolina,Columbia city,"Columbia city, South Carolina",2018,133610,2089.0,936.0,46073,757.0
South Carolina,Greenville city,"Greenville city, South Carolina",2018,68543,,223.0,61748,932.0
South Carolina,Mount Pleasant town,"Mount Pleasant town, South Carolina",2018,89340,,678.0,102074,1394.0
South Carolina,North Charleston city,"North Charleston city, South Carolina",2018,119214,2086.0,237.0,46823,912.0
South Carolina,Rock Hill city,"Rock Hill city, South Carolina",2018,74308,,443.0,48215,780.0
South Dakota,Rapid City city,"Rapid City city, South Dakota",2018,75448,,591.0,50233,734.0
South Dakota,Sioux Falls city,"Sioux Falls city, South Dakota",2018,181906,3335.0,1257.0,56670,726.0
Tennessee,Chattanooga city,"Chattanooga city, Tennessee",2018,180551,5235.0,1515.0,46730,712.0
Tennessee,Clarksville city,"Clarksville city, Tennessee",2018,156800,,914.0,51148,761.0
Tennessee,Franklin city,"Franklin city, Tennessee",2018,80920,,392.0,92510,1388.0
Tennessee,Jackson city,"Jackson city, Tennessee",2018,66900,,484.0,38973,539.0
Tennessee,Johnson City city,"Johnson City city, Tennessee",2018,68245,,197.0,45359,597.0
Tennessee,Knoxville city,"Knoxville city, Tennessee",2018,187514,3760.0,3005.0,40459,690.0
Tennessee,Memphis city,"Memphis city, Tennessee",2018,650632,6312.0,3486.0,37199,660.0
Tennessee,Murfreesboro city,"Murfreesboro city, Tennessee",2018,141336,,430.0,55162,937.0
Tennessee,Nashville-Davidson metropolitan government (balance),"Nashville-Davidson metropolitan government (balance), Tennessee",2018,665498,21353.0,3745.0,60324,965.0
Texas,Abilene city,"Abilene city, Texas",2018,125456,,748.0,46383,731.0
Texas,Allen city,"Allen city, Texas",2018,103378,,322.0,101696,1366.0
Texas,Amarillo city,"Amarillo city, Texas",2018,200880,2703.0,690.0,50234,697.0
Texas,Arlington city,"Arlington city, Texas",2018,398122,8948.0,2341.0,63091,930.0
Texas,Atascocita CDP,"Atascocita CDP, Texas",2018,86243,,539.0,102594,1339.0
Texas,Austin city,"Austin city, Texas",2018,964243,46973.0,3804.0,71543,1161.0
Texas,Baytown city,"Baytown city, Texas",2018,77962,,476.0,55032,863.0
Texas,Beaumont city,"Beaumont city, Texas",2018,118425,,701.0,42249,633.0
Texas,Brownsville city,"Brownsville city, Texas",2018,183389,3412.0,965.0,36976,591.0
Texas,Bryan city,"Bryan city, Texas",2018,85447,,688.0,47452,768.0
Texas,Carrollton city,"Carrollton city, Texas",2018,136869,,142.0,73200,1120.0
Texas,Cedar Park city,"Cedar Park city, Texas",2018,75553,,144.0,103632,1280.0
Texas,College Station city,"College Station city, Texas",2018,116218,,354.0,50397,826.0
Texas,Conroe city,"Conroe city, Texas",2018,87656,,94.0,53943,929.0
Texas,Corpus Christi city,"Corpus Christi city, Texas",2018,326566,4606.0,1846.0,56602,838.0
Texas,Dallas city,"Dallas city, Texas",2018,1345076,33909.0,5230.0,52210,915.0
Texas,Denton city,"Denton city, Texas",2018,138553,4437.0,588.0,64089,967.0
Texas,Edinburg city,"Edinburg city, Texas",2018,98671,,606.0,45686,672.0
Texas,El Paso city,"El Paso city, Texas",2018,682686,10819.0,4628.0,45031,679.0
Texas,Flower Mound town,"Flower Mound town, Texas",2018,77038,,53.0,137302,1505.0
Texas,Fort Worth city,"Fort Worth city, Texas",2018,898919,15809.0,7229.0,58448,883.0
Texas,Frisco city,"Frisco city, Texas",2018,188153,,861.0,131989,1389.0
Texas,Garland city,"Garland city, Texas",2018,242402,5006.0,790.0,60374,976.0
Texas,Georgetown city,"Georgetown city, Texas",2018,74176,,413.0,71113,1149.0
Texas,Grand Prairie city,"Grand Prairie city, Texas",2018,194600,,878.0,63289,968.0
Texas,Harlingen city,"Harlingen city, Texas",2018,65434,,107.0,40859,580.0
Texas,Houston city,"Houston city, Texas",2018,2326090,44151.0,11787.0,51203,895.0
Texas,Irving city,"Irving city, Texas",2018,242228,6374.0,2481.0,67237,1059.0
Texas,Killeen city,"Killeen city, Texas",2018,149102,,368.0,51219,765.0
Texas,Laredo city,"Laredo city, Texas",2018,259512,3811.0,847.0,47478,675.0
Texas,League City city,"League City city, Texas",2018,106188,,181.0,97980,1220.0
Texas,Lewisville city,"Lewisville city, Texas",2018,106205,,115.0,68750,1083.0
Texas,Longview city,"Longview city, Texas",2018,81424,,218.0,50938,669.0
Texas,Lubbock city,"Lubbock city, Texas",2018,255885,5147.0,1426.0,48042,747.0
Texas,Mansfield city,"Mansfield city, Texas",2018,74786,,343.0,101491,1223.0
Texas,McAllen city,"McAllen city, Texas",2018,143429,,656.0,45495,632.0
Texas,McKinney city,"McKinney city, Texas",2018,191666,,401.0,90725,1215.0
Texas,Mesquite city,"Mesquite city, Texas",2018,142874,,1219.0,56936,945.0
Texas,Midland city,"Midland city, Texas",2018,142339,,338.0,81919,1105.0
Texas,Mission city,"Mission city, Texas",2018,84829,,298.0,39851,550.0
Texas,Missouri City city,"Missouri City city, Texas",2018,72978,,299.0,91099,1480.0
Texas,New Braunfels city,"New Braunfels city, Texas",2018,85566,,410.0,73023,1081.0
Texas,North Richland Hills city,"North Richland Hills city, Texas",2018,70839,,167.0,69937,996.0
Texas,Odessa city,"Odessa city, Texas",2018,122440,,1456.0,66003,945.0
Texas,Pasadena city,"Pasadena city, Texas",2018,153212,,476.0,58624,850.0
Texas,Pearland city,"Pearland city, Texas",2018,124321,,518.0,90223,1158.0
Texas,Pharr city,"Pharr city, Texas",2018,79704,,849.0,37056,526.0
Texas,Plano city,"Plano city, Texas",2018,287765,13713.0,774.0,93012,1280.0
Texas,Richardson city,"Richardson city, Texas",2018,120954,3946.0,828.0,87500,1231.0
Texas,Round Rock city,"Round Rock city, Texas",2018,128490,,679.0,83302,1239.0
Texas,Rowlett city,"Rowlett city, Texas",2018,66686,,62.0,101168,1662.0
Texas,San Angelo city,"San Angelo city, Texas",2018,101824,,1210.0,51745,748.0
Texas,San Antonio city,"San Antonio city, Texas",2018,1532212,24675.0,10451.0,49024,831.0
Texas,Sugar Land city,"Sugar Land city, Texas",2018,118614,,323.0,110495,1425.0
Texas,Temple city,"Temple city, Texas",2018,76251,,760.0,54028,710.0
Texas,The Woodlands CDP,"The Woodlands CDP, Texas",2018,107305,,48.0,132576,1436.0
Texas,Tyler city,"Tyler city, Texas",2018,105727,,263.0,53962,779.0
Texas,Victoria city,"Victoria city, Texas",2018,67020,,652.0,47923,726.0
Texas,Waco city,"Waco city, Texas",2018,138180,1659.0,1646.0,39714,696.0
Texas,Wichita Falls city,"Wichita Falls city, Texas",2018,104568,,765.0,47195,652.0
Utah,Layton city,"Layton city, Utah",2018,77306,,63.0,78431,977.0
Utah,Lehi city,"Lehi city, Utah",2018,66029,,71.0,94168,1439.0
Utah,Ogden city,"Ogden city, Utah",2018,87305,1863.0,634.0,51369,737.0
Utah,Orem city,"Orem city, Utah",2018,97512,2969.0,326.0,64394,886.0
Utah,Provo city,"Provo city, Utah",2018,116713,3068.0,427.0,48575,797.0
Utah,Salt Lake City city,"Salt Lake City city, Utah",2018,200576,6894.0,895.0,61625,930.0
Utah,Sandy city,"Sandy city, Utah",2018,96901,4734.0,689.0,92703,1195.0
Utah,South Jordan city,"South Jordan city, Utah",2018,74155,,49.0,101374,1264.0
Utah,St. George city,"St. George city, Utah",2018,87178,,261.0,53120,888.0
Utah,West Jordan city,"West Jordan city, Utah",2018,116047,,489.0,84376,1091.0
Utah,West Valley City city,"West Valley City city, Utah",2018,136420,2702.0,442.0,64335,1036.0
Virginia,Alexandria city,"Alexandria city, Virginia",2018,160530,6254.0,515.0,101215,1666.0
Virginia,Arlington CDP,"Arlington CDP, Virginia",2018,237521,13589.0,763.0,122394,1865.0
Virginia,Centreville CDP,"Centreville CDP, Virginia",2018,78356,,227.0,115701,1644.0
Virginia,Chesapeake city,"Chesapeake city, Virginia",2018,242634,5568.0,1344.0,80265,1050.0
Virginia,Dale City CDP,"Dale City CDP, Virginia",2018,68805,1342.0,476.0,99554,1410.0
Virginia,Hampton city,"Hampton city, Virginia",2018,134313,,1321.0,55466,929.0
Virginia,Lynchburg city,"Lynchburg city, Virginia",2018,82126,,2240.0,42389,664.0
Virginia,Newport News city,"Newport News city, Virginia",2018,178626,3984.0,1075.0,50180,850.0
Virginia,Norfolk city,"Norfolk city, Virginia",2018,244076,3613.0,2337.0,49587,864.0
Virginia,Portsmouth city,"Portsmouth city, Virginia",2018,94632,,1137.0,47919,855.0
Virginia,Richmond city,"Richmond city, Virginia",2018,228783,4431.0,2176.0,48987,861.0
Virginia,Roanoke city,"Roanoke city, Virginia",2018,99920,,2945.0,42711,670.0
Virginia,Suffolk city,"Suffolk city, Virginia",2018,91185,,634.0,71829,869.0
Virginia,Virginia Beach city,"Virginia Beach city, Virginia",2018,450189,10721.0,2441.0,77059,1153.0
Washington,Auburn city,"Auburn city, Washington",2018,82782,,1333.0,67342,1131.0
Washington,Bellevue city,"Bellevue city, Washington",2018,147595,8652.0,1513.0,113698,1862.0
Washington,Bellingham city,"Bellingham city, Washington",2018,90660,,974.0,52361,1014.0
Washington,Everett city,"Everett city, Washington",2018,111263,,1580.0,62946,1274.0
Washington,Federal Way city,"Federal Way city, Washington",2018,97037,1222.0,1433.0,66653,1263.0
Washington,Kennewick city,"Kennewick city, Washington",2018,82950,,1168.0,55135,818.0
Washington,Kent city,"Kent city, Washington",2018,129613,2336.0,1747.0,70278,1275.0
Washington,Kirkland city,"Kirkland city, Washington",2018,89557,4334.0,126.0,119844,1818.0
Washington,Marysville city,"Marysville city, Washington",2018,69765,,811.0,74180,1208.0
Washington,Pasco city,"Pasco city, Washington",2018,71727,,928.0,56836,765.0
Washington,Redmond city,"Redmond city, Washington",2018,67680,,363.0,134844,1883.0
Washington,Renton city,"Renton city, Washington",2018,102152,2960.0,619.0,78023,1481.0
Washington,Sammamish city,"Sammamish city, Washington",2018,65726,,156.0,183038,2396.0
Washington,Seattle city,"Seattle city, Washington",2018,744949,34296.0,7490.0,93481,1588.0
Washington,Spokane Valley city,"Spokane Valley city, Washington",2018,99703,,2214.0,55445,875.0
Washington,Spokane city,"Spokane city, Washington",2018,219197,7449.0,4500.0,54085,752.0
Washington,Tacoma city,"Tacoma city, Washington",2018,216271,7905.0,2649.0,63035,1119.0
Washington,Vancouver city,"Vancouver city, Washington",2018,183017,7722.0,2984.0,60988,1178.0
Washington,Yakima city,"Yakima city, Washington",2018,93874,,1667.0,48942,643.0
Wisconsin,Appleton city,"Appleton city, Wisconsin",2018,74345,,82.0,60021,632.0
Wisconsin,Eau Claire city,"Eau Claire city, Wisconsin",2018,68256,,524.0,58004,720.0
Wisconsin,Green Bay city,"Green Bay city, Wisconsin",2018,104880,,786.0,52243,622.0
Wisconsin,Kenosha city,"Kenosha city, Wisconsin",2018,100151,,746.0,57168,766.0
Wisconsin,Madison city,"Madison city, Wisconsin",2018,258034,5211.0,1674.0,64101,985.0
Wisconsin,Milwaukee city,"Milwaukee city, Wisconsin",2018,592002,10961.0,6007.0,42087,708.0
Wisconsin,Oshkosh city,"Oshkosh city, Wisconsin",2018,66737,,301.0,50452,633.0
Wisconsin,Racine city,"Racine city, Wisconsin",2018,77434,,426.0,42761,685.0
Wisconsin,Waukesha city,"Waukesha city, Wisconsin",2018,72549,,349.0,59174,864.0
Alabama,Auburn city,"Auburn city, Alabama",2019,66254,,,46031,684.0
Alabama,Birmingham city,"Birmingham city, Alabama",2019,210080,2153.0,742.0,36753,613.0
Alabama,Dothan city,"Dothan city, Alabama",2019,68522,,290.0,47411,554.0
Alabama,Hoover city,"Hoover city, Alabama",2019,85772,,234.0,98689,950.0
Alabama,Huntsville city,"Huntsville city, Alabama",2019,201594,,4831.0,54342,691.0
Alabama,Mobile city,"Mobile city, Alabama",2019,188710,4401.0,365.0,46788,660.0
Alabama,Montgomery city,"Montgomery city, Alabama",2019,198525,3632.0,1063.0,51074,681.0
Alabama,Tuscaloosa city,"Tuscaloosa city, Alabama",2019,101133,,2442.0,40934,683.0
Alaska,Anchorage municipality,"Anchorage municipality, Alaska",2019,288000,5189.0,4748.0,82716,1156.0
Arizona,Avondale city,"Avondale city, Arizona",2019,87917,,367.0,71296,1100.0
Arizona,Buckeye city,"Buckeye city, Arizona",2019,79624,,140.0,83348,1137.0
Arizona,Casas Adobes CDP,"Casas Adobes CDP, Arizona",2019,70840,,275.0,70278,987.0
Arizona,Chandler city,"Chandler city, Arizona",2019,261149,9464.0,723.0,83709,1200.0
Arizona,Flagstaff city,"Flagstaff city, Arizona",2019,75044,2653.0,302.0,58900,1297.0
Arizona,Gilbert town,"Gilbert town, Arizona",2019,254115,12027.0,319.0,102793,1411.0
Arizona,Glendale city,"Glendale city, Arizona",2019,252384,6007.0,2715.0,57137,916.0
Arizona,Goodyear city,"Goodyear city, Arizona",2019,86843,,445.0,85147,1167.0
Arizona,Mesa city,"Mesa city, Arizona",2019,517981,20000.0,2030.0,63836,971.0
Arizona,Peoria city,"Peoria city, Arizona",2019,175960,6704.0,526.0,77368,1140.0
Arizona,Phoenix city,"Phoenix city, Arizona",2019,1680988,53132.0,9421.0,60931,943.0
Arizona,San Tan Valley CDP,"San Tan Valley CDP, Arizona",2019,100732,,1202.0,75624,1139.0
Arizona,Scottsdale city,"Scottsdale city, Arizona",2019,258064,24201.0,849.0,86097,1363.0
Arizona,Surprise city,"Surprise city, Arizona",2019,141674,,204.0,76405,1272.0
Arizona,Tempe city,"Tempe city, Arizona",2019,195816,6042.0,1072.0,66297,1133.0
Arizona,Tucson city,"Tucson city, Arizona",2019,548082,15863.0,2441.0,44365,722.0
Arizona,Yuma city,"Yuma city, Arizona",2019,98296,,778.0,47249,712.0
Arkansas,Conway city,"Conway city, Arkansas",2019,67640,,258.0,46805,645.0
Arkansas,Fayetteville city,"Fayetteville city, Arkansas",2019,87585,,671.0,44859,722.0
Arkansas,Fort Smith city,"Fort Smith city, Arkansas",2019,87895,,450.0,43097,537.0
Arkansas,Jonesboro city,"Jonesboro city, Arkansas",2019,78380,,327.0,42939,655.0
Arkansas,Little Rock city,"Little Rock city, Arkansas",2019,197318,4060.0,2630.0,54878,692.0
Arkansas,North Little Rock city,"North Little Rock city, Arkansas",2019,65899,,409.0,40870,665.0
Arkansas,Rogers city,"Rogers city, Arkansas",2019,68674,,110.0,65823,719.0
Arkansas,Springdale city,"Springdale city, Arkansas",2019,80454,,835.0,47960,632.0
California,Alameda city,"Alameda city, California",2019,77630,2597.0,724.0,109545,1942.0
California,Alhambra city,"Alhambra city, California",2019,83732,,719.0,74132,1545.0
California,Anaheim city,"Anaheim city, California",2019,350351,7345.0,1365.0,76075,1602.0
California,Antioch city,"Antioch city, California",2019,111506,3255.0,1480.0,72412,1687.0
California,Apple Valley town,"Apple Valley town, California",2019,73464,,699.0,51314,882.0
California,Arden-Arcade CDP,"Arden-Arcade CDP, California",2019,108227,,1909.0,54974,1088.0
California,Bakersfield city,"Bakersfield city, California",2019,384159,6085.0,4245.0,62402,935.0
California,Baldwin Park city,"Baldwin Park city, California",2019,75240,,916.0,66997,1404.0
California,Bellflower city,"Bellflower city, California",2019,76445,,229.0,67658,1372.0
California,Berkeley city,"Berkeley city, California",2019,121353,7812.0,879.0,95360,1786.0
California,Buena Park city,"Buena Park city, California",2019,81783,,271.0,87378,1613.0
California,Burbank city,"Burbank city, California",2019,102508,5282.0,920.0,73613,1644.0
California,Camarillo city,"Camarillo city, California",2019,69887,,203.0,90290,1947.0
California,Carlsbad city,"Carlsbad city, California",2019,115386,,227.0,123409,2001.0
California,Carmichael CDP,"Carmichael CDP, California",2019,66800,,384.0,68377,1157.0
California,Carson city,"Carson city, California",2019,91407,,499.0,84502,1507.0
California,Chico city,"Chico city, California",2019,103315,1486.0,904.0,59876,979.0
California,Chino Hills city,"Chino Hills city, California",2019,83843,,584.0,103473,1920.0
California,Chino city,"Chino city, California",2019,94352,,943.0,87090,1512.0
California,Chula Vista city,"Chula Vista city, California",2019,274485,7159.0,1384.0,87876,1627.0
California,Citrus Heights city,"Citrus Heights city, California",2019,87792,,1923.0,61898,1295.0
California,Clovis city,"Clovis city, California",2019,114582,,963.0,89398,1056.0
California,Compton city,"Compton city, California",2019,95601,,1247.0,62200,1225.0
California,Concord city,"Concord city, California",2019,129320,4070.0,529.0,102477,1804.0
California,Corona city,"Corona city, California",2019,169854,2196.0,596.0,86790,1588.0
California,Costa Mesa city,"Costa Mesa city, California",2019,113011,,433.0,91857,1891.0
California,Daly City city,"Daly City city, California",2019,106294,1339.0,201.0,101834,2353.0
California,Davis city,"Davis city, California",2019,69420,2817.0,580.0,60619,1630.0
California,Downey city,"Downey city, California",2019,111127,1198.0,494.0,74590,1565.0
California,East Los Angeles CDP,"East Los Angeles CDP, California",2019,119890,1501.0,1032.0,53194,1119.0
California,El Cajon city,"El Cajon city, California",2019,102699,2138.0,2399.0,63236,1387.0
California,El Monte city,"El Monte city, California",2019,115477,1659.0,1378.0,50829,1285.0
California,Elk Grove city,"Elk Grove city, California",2019,174791,5366.0,2460.0,94971,1523.0
California,Escondido city,"Escondido city, California",2019,151619,2313.0,1116.0,58157,1446.0
California,Fairfield city,"Fairfield city, California",2019,117136,3111.0,1249.0,89693,1624.0
California,Florence-Graham CDP,"Florence-Graham CDP, California",2019,70149,,915.0,52152,1157.0
California,Folsom city,"Folsom city, California",2019,81324,,374.0,119824,1705.0
California,Fontana city,"Fontana city, California",2019,214557,9184.0,1056.0,80800,1356.0
California,Fremont city,"Fremont city, California",2019,241117,6246.0,2150.0,144118,2459.0
California,Fresno city,"Fresno city, California",2019,531581,12202.0,13477.0,53161,874.0
California,Fullerton city,"Fullerton city, California",2019,138638,3418.0,470.0,93983,1705.0
California,Garden Grove city,"Garden Grove city, California",2019,171670,3584.0,1256.0,72240,1744.0
California,Glendale city,"Glendale city, California",2019,199301,7292.0,3064.0,68392,1611.0
California,Hawthorne city,"Hawthorne city, California",2019,86062,1595.0,809.0,60361,1364.0
California,Hayward city,"Hayward city, California",2019,159202,2398.0,3102.0,96886,1832.0
California,Hemet city,"Hemet city, California",2019,85341,,1146.0,39653,903.0
California,Hesperia city,"Hesperia city, California",2019,95753,,1301.0,50271,1126.0
California,Huntington Beach city,"Huntington Beach city, California",2019,199228,9365.0,1416.0,102423,1897.0
California,Indio city,"Indio city, California",2019,91756,,1528.0,74774,1114.0
California,Inglewood city,"Inglewood city, California",2019,108170,2537.0,877.0,61780,1378.0
California,Irvine city,"Irvine city, California",2019,287387,16206.0,1094.0,111574,2364.0
California,Jurupa Valley city,"Jurupa Valley city, California",2019,109525,,838.0,76090,1254.0
California,Laguna Niguel city,"Laguna Niguel city, California",2019,66384,,111.0,120405,2142.0
California,Lake Elsinore city,"Lake Elsinore city, California",2019,69283,,602.0,77090,1310.0
California,Lake Forest city,"Lake Forest city, California",2019,85529,,463.0,118888,2025.0
California,Lakewood city,"Lakewood city, California",2019,79302,,933.0,97508,1999.0
California,Lancaster city,"Lancaster city, California",2019,157604,3980.0,1447.0,56672,1176.0
California,Livermore city,"Livermore city, California",2019,90188,,249.0,138225,2283.0
California,Lodi city,"Lodi city, California",2019,67581,,352.0,67484,988.0
California,Long Beach city,"Long Beach city, California",2019,462645,12004.0,6009.0,67804,1384.0
California,Los Angeles city,"Los Angeles city, California",2019,3979537,130409.0,52213.0,67418,1436.0
California,Lynwood city,"Lynwood city, California",2019,69902,,777.0,53966,1188.0
California,Madera city,"Madera city, California",2019,65859,,1573.0,50364,905.0
California,Manteca city,"Manteca city, California",2019,83037,,241.0,82265,1403.0
California,Menifee city,"Menifee city, California",2019,94738,,711.0,77033,1633.0
California,Merced city,"Merced city, California",2019,83668,,2747.0,50309,924.0
California,Milpitas city,"Milpitas city, California",2019,84184,,154.0,140124,2511.0
California,Mission Viejo city,"Mission Viejo city, California",2019,94375,,551.0,119798,2002.0
California,Modesto city,"Modesto city, California",2019,215196,,2177.0,62067,1090.0
California,Moreno Valley city,"Moreno Valley city, California",2019,213064,2973.0,1605.0,65449,1411.0
California,Mountain View city,"Mountain View city, California",2019,82726,2032.0,447.0,147915,2475.0
California,Murrieta city,"Murrieta city, California",2019,116223,,370.0,100080,1698.0
California,Napa city,"Napa city, California",2019,78130,,343.0,88310,1723.0
California,Newport Beach city,"Newport Beach city, California",2019,84522,,175.0,128294,2203.0
California,Norwalk city,"Norwalk city, California",2019,103946,865.0,719.0,80513,1666.0
California,Oakland city,"Oakland city, California",2019,433044,15463.0,7734.0,82018,1499.0
California,Oceanside city,"Oceanside city, California",2019,175762,7613.0,597.0,77226,1719.0
California,Ontario city,"Ontario city, California",2019,184999,2073.0,1571.0,75266,1430.0
California,Orange city,"Orange city, California",2019,138661,,747.0,95827,1750.0
California,Oxnard city,"Oxnard city, California",2019,208875,3232.0,501.0,78981,1460.0
California,Palmdale city,"Palmdale city, California",2019,155065,1838.0,1999.0,71774,1237.0
California,Palo Alto city,"Palo Alto city, California",2019,65365,2973.0,307.0,160360,2651.0
California,Pasadena city,"Pasadena city, California",2019,141040,5599.0,682.0,92053,1758.0
California,Perris city,"Perris city, California",2019,79294,,1124.0,70714,1110.0
California,Pittsburg city,"Pittsburg city, California",2019,72569,,1005.0,82960,1702.0
California,Pleasanton city,"Pleasanton city, California",2019,81794,3572.0,383.0,156063,2416.0
California,Pomona city,"Pomona city, California",2019,151696,3997.0,1600.0,67202,1314.0
California,Rancho Cordova city,"Rancho Cordova city, California",2019,75086,,1414.0,71655,1248.0
California,Rancho Cucamonga city,"Rancho Cucamonga city, California",2019,177614,4951.0,982.0,92773,1688.0
California,Redding city,"Redding city, California",2019,92598,,913.0,63165,896.0
California,Redlands city,"Redlands city, California",2019,71516,,646.0,72410,1318.0
California,Redondo Beach city,"Redondo Beach city, California",2019,66757,,372.0,109019,2046.0
California,Redwood City city,"Redwood City city, California",2019,85926,2825.0,309.0,138913,2687.0
California,Rialto city,"Rialto city, California",2019,103540,,1213.0,70188,1116.0
California,Richmond city,"Richmond city, California",2019,110575,1490.0,859.0,72130,1545.0
California,Riverside city,"Riverside city, California",2019,331369,7220.0,2911.0,71967,1316.0
California,Rocklin city,"Rocklin city, California",2019,68815,,201.0,98514,1615.0
California,Roseville city,"Roseville city, California",2019,141492,,1040.0,101101,1626.0
California,Sacramento city,"Sacramento city, California",2019,513620,13747.0,8392.0,69134,1225.0
California,Salinas city,"Salinas city, California",2019,155473,1820.0,855.0,69117,1434.0
California,San Bernardino city,"San Bernardino city, California",2019,215780,3235.0,4363.0,49721,967.0
California,San Buenaventura (Ventura) city,"San Buenaventura (Ventura) city, California",2019,109108,3369.0,745.0,84110,1624.0
California,San Clemente city,"San Clemente city, California",2019,64562,,0.0,127650,1948.0
California,San Diego city,"San Diego city, California",2019,1423852,60764.0,9209.0,85507,1707.0
California,San Francisco city,"San Francisco city, California",2019,881549,39124.0,5984.0,123859,1889.0
California,San Jose city,"San Jose city, California",2019,1021786,21896.0,6420.0,115893,2131.0
California,San Leandro city,"San Leandro city, California",2019,88822,2433.0,109.0,95072,1778.0
California,San Marcos city,"San Marcos city, California",2019,96673,,366.0,80814,1701.0
California,San Mateo city,"San Mateo city, California",2019,104438,3302.0,639.0,149312,2507.0
California,San Ramon city,"San Ramon city, California",2019,75984,4895.0,125.0,189185,2330.0
California,Santa Ana city,"Santa Ana city, California",2019,332332,7910.0,2499.0,70084,1541.0
California,Santa Barbara city,"Santa Barbara city, California",2019,91357,4251.0,413.0,73974,1724.0
California,Santa Clara city,"Santa Clara city, California",2019,130371,2505.0,597.0,147507,2419.0
California,Santa Clarita city,"Santa Clarita city, California",2019,212975,6226.0,1082.0,97904,1907.0
California,Santa Cruz city,"Santa Cruz city, California",2019,64605,,281.0,90855,1920.0
California,Santa Maria city,"Santa Maria city, California",2019,107273,,721.0,69393,1308.0
California,Santa Monica city,"Santa Monica city, California",2019,90401,,651.0,92490,1804.0
California,Santa Rosa city,"Santa Rosa city, California",2019,176761,3806.0,1195.0,78574,1627.0
California,Simi Valley city,"Simi Valley city, California",2019,125594,4537.0,466.0,100927,2144.0
California,South Gate city,"South Gate city, California",2019,93433,1502.0,1847.0,53736,1136.0
California,South San Francisco city,"South San Francisco city, California",2019,67781,1738.0,125.0,120573,2359.0
California,Stockton city,"Stockton city, California",2019,312682,4356.0,4924.0,59504,996.0
California,Sunnyvale city,"Sunnyvale city, California",2019,152710,3235.0,285.0,151475,2554.0
California,Temecula city,"Temecula city, California",2019,114751,,674.0,95918,1817.0
California,Thousand Oaks city,"Thousand Oaks city, California",2019,126815,4882.0,487.0,113562,2021.0
California,Torrance city,"Torrance city, California",2019,143589,4652.0,812.0,100107,1818.0
California,Tracy city,"Tracy city, California",2019,94751,,722.0,97292,1596.0
California,Tulare city,"Tulare city, California",2019,65508,,1433.0,60081,903.0
California,Turlock city,"Turlock city, California",2019,73629,,542.0,58263,1071.0
California,Tustin city,"Tustin city, California",2019,79346,,529.0,93304,1939.0
California,Union City city,"Union City city, California",2019,74099,849.0,128.0,128108,2225.0
California,Upland city,"Upland city, California",2019,77123,,578.0,82426,1466.0
California,Vacaville city,"Vacaville city, California",2019,100669,,402.0,91302,1621.0
California,Vallejo city,"Vallejo city, California",2019,121692,2011.0,1407.0,71265,1568.0
California,Victorville city,"Victorville city, California",2019,122399,,2896.0,60391,1054.0
California,Visalia city,"Visalia city, California",2019,134608,,1463.0,59911,922.0
California,Vista city,"Vista city, California",2019,101639,,571.0,78656,1617.0
California,Walnut Creek city,"Walnut Creek city, California",2019,70161,,444.0,120238,2014.0
California,West Covina city,"West Covina city, California",2019,105114,1718.0,1013.0,82135,1665.0
California,Westminster city,"Westminster city, California",2019,90642,1579.0,503.0,56378,1607.0
California,Whittier city,"Whittier city, California",2019,85087,,552.0,76333,1407.0
California,Yorba Linda city,"Yorba Linda city, California",2019,67645,,97.0,122962,2212.0
California,Yuba City city,"Yuba City city, California",2019,67009,,588.0,61773,1013.0
Colorado,Arvada city,"Arvada city, Colorado",2019,121095,6264.0,396.0,89523,1362.0
Colorado,Aurora city,"Aurora city, Colorado",2019,379312,12532.0,3068.0,69235,1311.0
Colorado,Boulder city,"Boulder city, Colorado",2019,105670,9369.0,603.0,74900,1595.0
Colorado,Broomfield city,"Broomfield city, Colorado",2019,70465,,205.0,111400,1723.0
Colorado,Castle Rock town,"Castle Rock town, Colorado",2019,68494,,439.0,115543,1503.0
Colorado,Centennial city,"Centennial city, Colorado",2019,110911,5995.0,205.0,111257,1586.0
Colorado,Colorado Springs city,"Colorado Springs city, Colorado",2019,478215,20830.0,5037.0,70527,1093.0
Colorado,Denver city,"Denver city, Colorado",2019,727211,37217.0,5147.0,75646,1352.0
Colorado,Fort Collins city,"Fort Collins city, Colorado",2019,170245,11114.0,730.0,70474,1276.0
Colorado,Greeley city,"Greeley city, Colorado",2019,108650,,1092.0,61492,1009.0
Colorado,Highlands Ranch CDP,"Highlands Ranch CDP, Colorado",2019,99810,7410.0,280.0,132836,1827.0
Colorado,Lakewood city,"Lakewood city, Colorado",2019,157917,6367.0,1375.0,70178,1343.0
Colorado,Longmont city,"Longmont city, Colorado",2019,96672,,1253.0,82974,1391.0
Colorado,Loveland city,"Loveland city, Colorado",2019,78871,,685.0,71740,1311.0
Colorado,Pueblo city,"Pueblo city, Colorado",2019,112357,,2465.0,43148,672.0
Colorado,Thornton city,"Thornton city, Colorado",2019,141454,4598.0,708.0,80833,1435.0
Colorado,Westminster city,"Westminster city, Colorado",2019,113179,3710.0,211.0,81322,1404.0
Connecticut,Bridgeport city,"Bridgeport city, Connecticut",2019,144365,1260.0,2218.0,44035,955.0
Connecticut,Danbury city,"Danbury city, Connecticut",2019,84692,,416.0,72226,1327.0
Connecticut,Hartford city,"Hartford city, Connecticut",2019,122107,,4192.0,36762,864.0
Connecticut,New Britain city,"New Britain city, Connecticut",2019,72491,,1846.0,50031,806.0
Connecticut,New Haven city,"New Haven city, Connecticut",2019,130257,2221.0,1744.0,41956,1020.0
Connecticut,Norwalk city,"Norwalk city, Connecticut",2019,88826,1394.0,370.0,89881,1629.0
Connecticut,Stamford city,"Stamford city, Connecticut",2019,129636,,880.0,100713,1774.0
Connecticut,Waterbury city,"Waterbury city, Connecticut",2019,107577,,1248.0,42754,785.0
Delaware,Wilmington city,"Wilmington city, Delaware",2019,70164,,1639.0,47722,836.0
District of Columbia,Washington city,"Washington city, District of Columbia",2019,705749,28402.0,8541.0,92266,1514.0
Florida,Alafaya CDP,"Alafaya CDP, Florida",2019,96528.0,,888.0,75384,1335.0
Florida,Boca Raton city,"Boca Raton city, Florida",2019,99795.0,,438.0,88828,1778.0
Florida,Boynton Beach city,"Boynton Beach city, Florida",2019,78690.0,,777.0,65182,1402.0
Florida,Brandon CDP,"Brandon CDP, Florida",2019,116829.0,,307.0,60359,1184.0
Florida,Cape Coral city,"Cape Coral city, Florida",2019,194504.0,,636.0,68282,1156.0
Florida,Clearwater city,"Clearwater city, Florida",2019,116938.0,,1832.0,52431,989.0
Florida,Coral Springs city,"Coral Springs city, Florida",2019,133765.0,,957.0,79115,1469.0
Florida,Davie town,"Davie town, Florida",2019,106310.0,,343.0,71112,1446.0
Florida,Daytona Beach city,"Daytona Beach city, Florida",2019,69197.0,,438.0,40439,859.0
Florida,Deerfield Beach city,"Deerfield Beach city, Florida",2019,81070.0,,478.0,47563,1188.0
Florida,Delray Beach city,"Delray Beach city, Florida",2019,69449.0,,157.0,66766,1614.0
Florida,Deltona city,"Deltona city, Florida",2019,92752.0,,918.0,56505,1027.0
Florida,Doral city,"Doral city, Florida",2019,65746.0,2393.0,980.0,77704,1891.0
Florida,Fort Lauderdale city,"Fort Lauderdale city, Florida",2019,182434.0,8503.0,1538.0,67750,1269.0
Florida,Fort Myers city,"Fort Myers city, Florida",2019,87111.0,,997.0,53246,960.0
Florida,Fountainebleau CDP,"Fountainebleau CDP, Florida",2019,68619.0,,1245.0,65107,1602.0
Florida,Gainesville city,"Gainesville city, Florida",2019,133990.0,2927.0,672.0,39201,821.0
Florida,Hialeah city,"Hialeah city, Florida",2019,233362.0,10008.0,3719.0,40725,1149.0
Florida,Hollywood city,"Hollywood city, Florida",2019,154802.0,2514.0,877.0,55835,1242.0
Florida,Homestead city,"Homestead city, Florida",2019,69526.0,,78.0,52907,1117.0
Florida,Jacksonville city,"Jacksonville city, Florida",2019,911528.0,25949.0,12626.0,56975,936.0
Florida,Jupiter town,"Jupiter town, Florida",2019,65797.0,,98.0,92233,1549.0
Florida,Kendall CDP,"Kendall CDP, Florida",2019,80410.0,,664.0,73081,1485.0
Florida,Kissimmee city,"Kissimmee city, Florida",2019,72701.0,,1008.0,39661,972.0
Florida,Lakeland city,"Lakeland city, Florida",2019,112142.0,,1211.0,47902,821.0
Florida,Largo city,"Largo city, Florida",2019,84957.0,,1141.0,47427,1048.0
Florida,Lauderhill city,"Lauderhill city, Florida",2019,71863.0,,220.0,41707,1155.0
Florida,Lehigh Acres CDP,"Lehigh Acres CDP, Florida",2019,134667.0,,482.0,46361,1064.0
Florida,Melbourne city,"Melbourne city, Florida",2019,83030.0,,450.0,47933,992.0
Florida,Miami Beach city,"Miami Beach city, Florida",2019,88885.0,5237.0,1327.0,52816,1361.0
Florida,Miami Gardens city,"Miami Gardens city, Florida",2019,110003.0,,3308.0,43196,1220.0
Florida,Miami city,"Miami city, Florida",2019,467968.0,14865.0,3744.0,42966,1174.0
Florida,Miramar city,"Miramar city, Florida",2019,141196.0,,1369.0,75079,1335.0
Florida,North Port city,"North Port city, Florida",2019,70722.0,,544.0,56226,1117.0
Florida,Orlando city,"Orlando city, Florida",2019,287435.0,10808.0,1645.0,58819,1148.0
Florida,Palm Bay city,"Palm Bay city, Florida",2019,115560.0,,906.0,54113,986.0
Florida,Palm Coast city,"Palm Coast city, Florida",2019,89797.0,,226.0,60158,1240.0
Florida,Pembroke Pines city,"Pembroke Pines city, Florida",2019,173591.0,,573.0,67232,1375.0
Florida,Pine Hills CDP,"Pine Hills CDP, Florida",2019,94802.0,,971.0,46155,942.0
Florida,Plantation city,"Plantation city, Florida",2019,94605.0,,46.0,71977,1669.0
Florida,Poinciana CDP,"Poinciana CDP, Florida",2019,72545.0,,94.0,46898,1196.0
Florida,Pompano Beach city,"Pompano Beach city, Florida",2019,112122.0,3683.0,892.0,53663,1213.0
Florida,Port Charlotte CDP,"Port Charlotte CDP, Florida",2019,65951.0,,784.0,49547,910.0
Florida,Port St. Lucie city,"Port St. Lucie city, Florida",2019,201858.0,,1838.0,68041,1280.0
Florida,Riverview CDP,"Riverview CDP, Florida",2019,97034.0,,870.0,73631,1258.0
Florida,Spring Hill CDP,"Spring Hill CDP, Florida",2019,113787.0,,855.0,55461,913.0
Florida,St. Petersburg city,"St. Petersburg city, Florida",2019,265358.0,12821.0,2084.0,61631,1004.0
Florida,Sunrise city,"Sunrise city, Florida",2019,95153.0,,515.0,53321,1406.0
Florida,Tallahassee city,"Tallahassee city, Florida",2019,194503.0,5412.0,1376.0,46964,818.0
Florida,Tamarac city,"Tamarac city, Florida",2019,66712.0,,338.0,44400,1303.0
Florida,Tampa city,"Tampa city, Florida",2019,399690.0,15716.0,2688.0,57709,1039.0
Florida,The Hammocks CDP,"The Hammocks CDP, Florida",2019,65765.0,,350.0,72195,1667.0
Florida,The Villages CDP,"The Villages CDP, Florida",2019,,,236.0,68233,1381.0
Florida,Town 'n' Country CDP,"Town 'n' Country CDP, Florida",2019,98550.0,,399.0,56400,1189.0
Florida,Wellington village,"Wellington village, Florida",2019,65389.0,,292.0,85886,1828.0
Florida,Wesley Chapel CDP,"Wesley Chapel CDP, Florida",2019,62516.0,,501.0,89507,1340.0
Florida,West Palm Beach city,"West Palm Beach city, Florida",2019,111952.0,2884.0,864.0,51089,1296.0
Florida,Weston city,"Weston city, Florida",2019,71164.0,,69.0,125105,2157.0
Georgia,Albany city,"Albany city, Georgia",2019,70643,,425.0,31397,498.0
Georgia,Alpharetta city,"Alpharetta city, Georgia",2019,67208,,276.0,136047,1418.0
Georgia,Athens-Clarke County unified government (balance),"Athens-Clarke County unified government (balance), Georgia",2019,126718,3602.0,885.0,39451,724.0
Georgia,Atlanta city,"Atlanta city, Georgia",2019,506804,25083.0,3772.0,66657,1127.0
Georgia,Augusta-Richmond County consolidated government (balance),"Augusta-Richmond County consolidated government (balance), Georgia",2019,197325,3365.0,1243.0,44914,717.0
Georgia,Columbus city,"Columbus city, Georgia",2019,195769,3222.0,1170.0,46934,729.0
Georgia,Johns Creek city,"Johns Creek city, Georgia",2019,84590,,0.0,151773,1581.0
Georgia,Macon-Bibb County,"Macon-Bibb County, Georgia",2019,153159,2536.0,850.0,42140,648.0
Georgia,Roswell city,"Roswell city, Georgia",2019,94747,,394.0,109805,1185.0
Georgia,Sandy Springs city,"Sandy Springs city, Georgia",2019,109466,,275.0,83111,1301.0
Georgia,Savannah city,"Savannah city, Georgia",2019,144457,3937.0,637.0,45533,826.0
Georgia,South Fulton city,"South Fulton city, Georgia",2019,99152,,354.0,80051,1141.0
Georgia,Warner Robins city,"Warner Robins city, Georgia",2019,77421,,162.0,51289,738.0
Hawaii,Urban Honolulu CDP,"Urban Honolulu CDP, Hawaii",2019,345055,7222.0,2936.0,72943,1412.0
Idaho,Boise City city,"Boise City city, Idaho",2019,228965,6715.0,1910.0,65463,944.0
Idaho,Meridian city,"Meridian city, Idaho",2019,114161,,273.0,75515,1164.0
Idaho,Nampa city,"Nampa city, Idaho",2019,99276,,1526.0,57352,871.0
Illinois,Arlington Heights village,"Arlington Heights village, Illinois",2019,71825,,37.0,102628,1420.0
Illinois,Aurora city,"Aurora city, Illinois",2019,198827,3190.0,1453.0,73071,976.0
Illinois,Bloomington city,"Bloomington city, Illinois",2019,77323,,258.0,67874,693.0
Illinois,Bolingbrook village,"Bolingbrook village, Illinois",2019,73304,2143.0,514.0,94198,1198.0
Illinois,Champaign city,"Champaign city, Illinois",2019,88919,1913.0,757.0,47379,854.0
Illinois,Chicago city,"Chicago city, Illinois",2019,2693959,83920.0,26873.0,61811,992.0
Illinois,Cicero town,"Cicero town, Illinois",2019,80801,339.0,649.0,51814,848.0
Illinois,Decatur city,"Decatur city, Illinois",2019,69553,,674.0,41440,502.0
Illinois,Elgin city,"Elgin city, Illinois",2019,110889,,671.0,70192,870.0
Illinois,Evanston city,"Evanston city, Illinois",2019,73470,3767.0,371.0,81543,1211.0
Illinois,Joliet city,"Joliet city, Illinois",2019,148806,2036.0,580.0,71284,802.0
Illinois,Naperville city,"Naperville city, Illinois",2019,149640,6860.0,623.0,140061,1461.0
Illinois,Palatine village,"Palatine village, Illinois",2019,67436,,129.0,83834,1075.0
Illinois,Peoria city,"Peoria city, Illinois",2019,109936,,1935.0,53360,623.0
Illinois,Rockford city,"Rockford city, Illinois",2019,143707,1527.0,2012.0,46803,662.0
Illinois,Schaumburg village,"Schaumburg village, Illinois",2019,72862,,457.0,87156,1367.0
Illinois,Skokie village,"Skokie village, Illinois",2019,62691,942.0,359.0,76324,1178.0
Illinois,Springfield city,"Springfield city, Illinois",2019,114171,2772.0,1042.0,54484,655.0
Illinois,Waukegan city,"Waukegan city, Illinois",2019,86262,,819.0,54030,889.0
Indiana,Bloomington city,"Bloomington city, Indiana",2019,86630,1920.0,48.0,41017,846.0
Indiana,Carmel city,"Carmel city, Indiana",2019,101918,,224.0,113714,1129.0
Indiana,Evansville city,"Evansville city, Indiana",2019,117557,1334.0,1400.0,42600,636.0
Indiana,Fishers city,"Fishers city, Indiana",2019,96301,,534.0,111176,1188.0
Indiana,Fort Wayne city,"Fort Wayne city, Indiana",2019,262907,4639.0,2861.0,49855,616.0
Indiana,Gary city,"Gary city, Indiana",2019,70778,,558.0,31341,646.0
Indiana,Hammond city,"Hammond city, Indiana",2019,75517,,494.0,48333,748.0
Indiana,Indianapolis city (balance),"Indianapolis city (balance), Indiana",2019,870340,16524.0,8545.0,49661,731.0
Indiana,Lafayette city,"Lafayette city, Indiana",2019,72633,,561.0,45126,719.0
Indiana,Muncie city,"Muncie city, Indiana",2019,67967,,1186.0,37109,568.0
Indiana,Noblesville city,"Noblesville city, Indiana",2019,63325,,118.0,100051,886.0
Indiana,South Bend city,"South Bend city, Indiana",2019,102602,1998.0,664.0,41599,685.0
Iowa,Ames city,"Ames city, Iowa",2019,66258,,127.0,50528,865.0
Iowa,Ankeny city,"Ankeny city, Iowa",2019,67347,,158.0,94862,990.0
Iowa,Cedar Rapids city,"Cedar Rapids city, Iowa",2019,133563,4528.0,499.0,56774,637.0
Iowa,Davenport city,"Davenport city, Iowa",2019,101591,,938.0,57374,653.0
Iowa,Des Moines city,"Des Moines city, Iowa",2019,214200,4458.0,2935.0,53859,770.0
Iowa,Iowa City city,"Iowa City city, Iowa",2019,75149,,275.0,50497,935.0
Iowa,Sioux City city,"Sioux City city, Iowa",2019,83288,,584.0,53424,682.0
Iowa,Waterloo city,"Waterloo city, Iowa",2019,67326,,1000.0,51847,658.0
Iowa,West Des Moines city,"West Des Moines city, Iowa",2019,67696,,811.0,82755,952.0
Kansas,Kansas City city,"Kansas City city, Kansas",2019,152818,,996.0,45391,676.0
Kansas,Lawrence city,"Lawrence city, Kansas",2019,98196,,839.0,57829,794.0
Kansas,Olathe city,"Olathe city, Kansas",2019,140557,,329.0,94292,905.0
Kansas,Overland Park city,"Overland Park city, Kansas",2019,195483,8716.0,454.0,91518,1049.0
Kansas,Shawnee city,"Shawnee city, Kansas",2019,65810,,325.0,84909,855.0
Kansas,Topeka city,"Topeka city, Kansas",2019,125318,2127.0,1716.0,50761,654.0
Kansas,Wichita city,"Wichita city, Kansas",2019,389914,5818.0,3469.0,55056,650.0
Kentucky,Bowling Green city,"Bowling Green city, Kentucky",2019,70542,,251.0,42164,631.0
Kentucky,Lexington-Fayette urban county,"Lexington-Fayette urban county, Kentucky",2019,323152,7194.0,1399.0,58356,789.0
Kentucky,Louisville/Jefferson County metro government (balance),"Louisville/Jefferson County metro government (balance), Kentucky",2019,617630,13462.0,4701.0,54853,728.0
Louisiana,Baton Rouge city,"Baton Rouge city, Louisiana",2019,220248,2978.0,1047.0,45819,735.0
Louisiana,Bossier City city,"Bossier City city, Louisiana",2019,68147,,1549.0,47339,728.0
Louisiana,Kenner city,"Kenner city, Louisiana",2019,66355,,163.0,58283,797.0
Louisiana,Lafayette city,"Lafayette city, Louisiana",2019,126199,,553.0,51477,710.0
Louisiana,Lake Charles city,"Lake Charles city, Louisiana",2019,78395,,419.0,37894,691.0
Louisiana,Metairie CDP,"Metairie CDP, Louisiana",2019,130427,,366.0,60404,841.0
Louisiana,New Orleans city,"New Orleans city, Louisiana",2019,390144,12680.0,2686.0,45615,851.0
Louisiana,Shreveport city,"Shreveport city, Louisiana",2019,186815,,2301.0,45013,661.0
Maryland,Baltimore city,"Baltimore city, Maryland",2019,593490,12470.0,12523.0,50177,923.0
Maryland,Columbia CDP,"Columbia CDP, Maryland",2019,104726,3930.0,946.0,104237,1610.0
Maryland,Ellicott City CDP,"Ellicott City CDP, Maryland",2019,72605,,503.0,130930,1528.0
Maryland,Frederick city,"Frederick city, Maryland",2019,72237,2600.0,777.0,86389,1321.0
Maryland,Gaithersburg city,"Gaithersburg city, Maryland",2019,67982,2941.0,599.0,104567,1654.0
Maryland,Germantown CDP,"Germantown CDP, Maryland",2019,83707,,573.0,100064,1621.0
Maryland,Glen Burnie CDP,"Glen Burnie CDP, Maryland",2019,74956,,586.0,83883,1188.0
Maryland,Rockville city,"Rockville city, Maryland",2019,68085,3059.0,1187.0,100677,1801.0
Maryland,Silver Spring CDP,"Silver Spring CDP, Maryland",2019,83247,2523.0,395.0,88954,1677.0
Maryland,Waldorf CDP,"Waldorf CDP, Maryland",2019,80971,,438.0,95206,1480.0
Massachusetts,Boston city,"Boston city, Massachusetts",2019,694295,16428.0,8585.0,79018,1641.0
Massachusetts,Brockton city,"Brockton city, Massachusetts",2019,95705,1003.0,1861.0,60250,996.0
Massachusetts,Cambridge city,"Cambridge city, Massachusetts",2019,118925,4864.0,535.0,119540,2310.0
Massachusetts,Fall River city,"Fall River city, Massachusetts",2019,89534,,2542.0,41346,711.0
Massachusetts,Framingham city,"Framingham city, Massachusetts",2019,74429,2188.0,620.0,80749,1359.0
Massachusetts,Lawrence city,"Lawrence city, Massachusetts",2019,80038,,4342.0,50965,1046.0
Massachusetts,Lowell city,"Lowell city, Massachusetts",2019,110990,2522.0,1756.0,62487,1114.0
Massachusetts,Lynn city,"Lynn city, Massachusetts",2019,94300,889.0,1709.0,61572,1126.0
Massachusetts,New Bedford city,"New Bedford city, Massachusetts",2019,95348,637.0,1362.0,47305,744.0
Massachusetts,Newton city,"Newton city, Massachusetts",2019,88411,4817.0,266.0,150106,1877.0
Massachusetts,Quincy city,"Quincy city, Massachusetts",2019,94468,2429.0,1165.0,80959,1440.0
Massachusetts,Somerville city,"Somerville city, Massachusetts",2019,81358,2423.0,639.0,100643,1973.0
Massachusetts,Springfield city,"Springfield city, Massachusetts",2019,153599,2332.0,3719.0,44596,802.0
Massachusetts,Worcester city,"Worcester city, Massachusetts",2019,185421,6512.0,3565.0,57092,994.0
Michigan,Ann Arbor city,"Ann Arbor city, Michigan",2019,119976,,370.0,72137,1188.0
Michigan,Dearborn city,"Dearborn city, Michigan",2019,93927,,1307.0,53509,834.0
Michigan,Detroit city,"Detroit city, Michigan",2019,670052,8933.0,8803.0,33965,657.0
Michigan,Farmington Hills city,"Farmington Hills city, Michigan",2019,80597,,414.0,86178,1144.0
Michigan,Flint city,"Flint city, Michigan",2019,95541,,1311.0,32236,544.0
Michigan,Grand Rapids city,"Grand Rapids city, Michigan",2019,201004,4685.0,2111.0,51817,836.0
Michigan,Kalamazoo city,"Kalamazoo city, Michigan",2019,76201,,411.0,39494,700.0
Michigan,Lansing city,"Lansing city, Michigan",2019,116677,1261.0,3800.0,41066,686.0
Michigan,Livonia city,"Livonia city, Michigan",2019,93664,,347.0,81305,939.0
Michigan,Rochester Hills city,"Rochester Hills city, Michigan",2019,74509,,300.0,101620,1248.0
Michigan,Southfield city,"Southfield city, Michigan",2019,72700,,648.0,51637,963.0
Michigan,Sterling Heights city,"Sterling Heights city, Michigan",2019,132429,,1693.0,67238,943.0
Michigan,Troy city,"Troy city, Michigan",2019,84087,,527.0,110909,1190.0
Michigan,Warren city,"Warren city, Michigan",2019,133944,1385.0,1667.0,52739,790.0
Michigan,Westland city,"Westland city, Michigan",2019,81524,,430.0,54303,793.0
Michigan,Wyoming city,"Wyoming city, Michigan",2019,75660,,757.0,57570,831.0
Minnesota,Blaine city,"Blaine city, Minnesota",2019,65612,,472.0,86747,1166.0
Minnesota,Bloomington city,"Bloomington city, Minnesota",2019,84935,,1388.0,74675,1193.0
Minnesota,Brooklyn Park city,"Brooklyn Park city, Minnesota",2019,80401,,1138.0,81757,1140.0
Minnesota,Duluth city,"Duluth city, Minnesota",2019,85617,1968.0,1603.0,55819,796.0
Minnesota,Eagan city,"Eagan city, Minnesota",2019,66376,2950.0,825.0,87029,1201.0
Minnesota,Lakeville city,"Lakeville city, Minnesota",2019,67326,,565.0,117083,1057.0
Minnesota,Maple Grove city,"Maple Grove city, Minnesota",2019,72616,,507.0,115097,1290.0
Minnesota,Minneapolis city,"Minneapolis city, Minnesota",2019,429605,17390.0,10414.0,65889,981.0
Minnesota,Plymouth city,"Plymouth city, Minnesota",2019,79785,2799.0,396.0,113878,1386.0
Minnesota,Rochester city,"Rochester city, Minnesota",2019,118924,3260.0,1333.0,74527,921.0
Minnesota,St. Cloud city,"St. Cloud city, Minnesota",2019,66741,,1540.0,53829,785.0
Minnesota,St. Paul city,"St. Paul city, Minnesota",2019,308096,8976.0,6156.0,63174,928.0
Minnesota,Woodbury city,"Woodbury city, Minnesota",2019,72813,,185.0,116517,1495.0
Mississippi,Gulfport city,"Gulfport city, Mississippi",2019,71701,,2292.0,36013,689.0
Mississippi,Jackson city,"Jackson city, Mississippi",2019,160532,,1563.0,38972,654.0
Missouri,Columbia city,"Columbia city, Missouri",2019,123204,,793.0,56501,748.0
Missouri,Independence city,"Independence city, Missouri",2019,116673,,552.0,52325,655.0
Missouri,Kansas City city,"Kansas City city, Missouri",2019,495278,14230.0,4831.0,55259,767.0
Missouri,Lee's Summit city,"Lee's Summit city, Missouri",2019,99290,,245.0,106912,966.0
Missouri,O'Fallon city,"O'Fallon city, Missouri",2019,88659,,310.0,92827,879.0
Missouri,Springfield city,"Springfield city, Missouri",2019,167864,1646.0,1141.0,35677,603.0
Missouri,St. Charles city,"St. Charles city, Missouri",2019,71009,,346.0,72104,861.0
Missouri,St. Joseph city,"St. Joseph city, Missouri",2019,75053,,1236.0,43614,563.0
Missouri,St. Louis city,"St. Louis city, Missouri",2019,300576,5892.0,1705.0,47176,655.0
Montana,Billings city,"Billings city, Montana",2019,109577,,1142.0,58394,792.0
Montana,Missoula city,"Missoula city, Montana",2019,75527,2112.0,1016.0,50194,828.0
Nebraska,Lincoln city,"Lincoln city, Nebraska",2019,289096,4846.0,3314.0,59228,753.0
Nebraska,Omaha city,"Omaha city, Nebraska",2019,478203,11335.0,3163.0,61305,792.0
Nevada,Enterprise CDP,"Enterprise CDP, Nevada",2019,191871,7779.0,1099.0,85795,1330.0
Nevada,Henderson city,"Henderson city, Nevada",2019,320190,10941.0,2318.0,81505,1241.0
Nevada,Las Vegas city,"Las Vegas city, Nevada",2019,651297,13717.0,6832.0,58713,995.0
Nevada,North Las Vegas city,"North Las Vegas city, Nevada",2019,251984,2445.0,1971.0,64460,1094.0
Nevada,Paradise CDP,"Paradise CDP, Nevada",2019,237899,3500.0,3192.0,52843,921.0
Nevada,Reno city,"Reno city, Nevada",2019,255624,7316.0,2778.0,67082,1069.0
Nevada,Sparks city,"Sparks city, Nevada",2019,105011,,1696.0,73568,1179.0
Nevada,Spring Valley CDP,"Spring Valley CDP, Nevada",2019,222372,5473.0,2364.0,60600,1132.0
Nevada,Sunrise Manor CDP,"Sunrise Manor CDP, Nevada",2019,192968,1313.0,3187.0,44422,870.0
New Hampshire,Manchester city,"Manchester city, New Hampshire",2019,112658,,1696.0,64162,1013.0
New Hampshire,Nashua city,"Nashua city, New Hampshire",2019,89356,,543.0,78284,1264.0
New Jersey,Bayonne city,"Bayonne city, New Jersey",2019,64903,961.0,706.0,66213,1190.0
New Jersey,Camden city,"Camden city, New Jersey",2019,73560,,1851.0,33120,782.0
New Jersey,Clifton city,"Clifton city, New Jersey",2019,85053,,616.0,84804,1248.0
New Jersey,East Orange city,"East Orange city, New Jersey",2019,64357,739.0,683.0,50195,1056.0
New Jersey,Elizabeth city,"Elizabeth city, New Jersey",2019,129215,2349.0,764.0,50732,1078.0
New Jersey,Jersey City city,"Jersey City city, New Jersey",2019,262075,6193.0,2933.0,81693,1414.0
New Jersey,Newark city,"Newark city, New Jersey",2019,281999,2406.0,2465.0,40235,1008.0
New Jersey,Passaic city,"Passaic city, New Jersey",2019,69694,,597.0,52158,1040.0
New Jersey,Paterson city,"Paterson city, New Jersey",2019,145227,976.0,1009.0,47369,1101.0
New Jersey,Toms River CDP,"Toms River CDP, New Jersey",2019,91785,,209.0,77191,1306.0
New Jersey,Trenton city,"Trenton city, New Jersey",2019,83211,,827.0,34000,873.0
New Jersey,Union City city,"Union City city, New Jersey",2019,67977,384.0,712.0,60140,1172.0
New Mexico,Albuquerque city,"Albuquerque city, New Mexico",2019,560504,10332.0,8124.0,55567,819.0
New Mexico,Las Cruces city,"Las Cruces city, New Mexico",2019,103436,,3662.0,45130,696.0
New Mexico,Rio Rancho city,"Rio Rancho city, New Mexico",2019,99159,,1079.0,74130,1066.0
New Mexico,Santa Fe city,"Santa Fe city, New Mexico",2019,84700,,1279.0,59247,985.0
New York,Albany city,"Albany city, New York",2019,96460,2880.0,1453.0,49096,874.0
New York,Brentwood CDP,"Brentwood CDP, New York",2019,61930,,718.0,100785,1166.0
New York,Buffalo city,"Buffalo city, New York",2019,255300,4654.0,7212.0,40843,678.0
New York,Cheektowaga CDP,"Cheektowaga CDP, New York",2019,74058,,290.0,50890,751.0
New York,Mount Vernon city,"Mount Vernon city, New York",2019,67330,979.0,1500.0,59289,1145.0
New York,New Rochelle city,"New Rochelle city, New York",2019,78568,1524.0,220.0,74508,1461.0
New York,New York city,"New York city, New York",2019,8336817,187030.0,147847.0,69407,1385.0
New York,Rochester city,"Rochester city, New York",2019,205704,2865.0,7150.0,37711,724.0
New York,Schenectady city,"Schenectady city, New York",2019,65272,,2434.0,40356,796.0
New York,Syracuse city,"Syracuse city, New York",2019,142310,3315.0,4407.0,39494,713.0
New York,Yonkers city,"Yonkers city, New York",2019,200362,3123.0,3330.0,64916,1337.0
North Carolina,Asheville city,"Asheville city, North Carolina",2019,92859,,608.0,52339,973.0
North Carolina,Cary town,"Cary town, North Carolina",2019,171143,9739.0,456.0,106304,1171.0
North Carolina,Charlotte city,"Charlotte city, North Carolina",2019,885707,47780.0,4019.0,63483,1030.0
North Carolina,Concord city,"Concord city, North Carolina",2019,96342,,177.0,75578,913.0
North Carolina,Durham city,"Durham city, North Carolina",2019,279447,10651.0,1182.0,65534,968.0
North Carolina,Fayetteville city,"Fayetteville city, North Carolina",2019,211674,2625.0,1000.0,43789,752.0
North Carolina,Gastonia city,"Gastonia city, North Carolina",2019,77277,,541.0,49172,712.0
North Carolina,Greensboro city,"Greensboro city, North Carolina",2019,296725,7787.0,2572.0,49748,768.0
North Carolina,Greenville city,"Greenville city, North Carolina",2019,93391,,168.0,48169,699.0
North Carolina,High Point city,"High Point city, North Carolina",2019,111756,,366.0,48348,690.0
North Carolina,Jacksonville city,"Jacksonville city, North Carolina",2019,72438,,761.0,46374,778.0
North Carolina,Raleigh city,"Raleigh city, North Carolina",2019,474708,26313.0,1252.0,69333,1019.0
North Carolina,Wilmington city,"Wilmington city, North Carolina",2019,123728,5513.0,191.0,48381,944.0
North Carolina,Winston-Salem city,"Winston-Salem city, North Carolina",2019,247951,5146.0,1202.0,44576,670.0
North Dakota,Bismarck city,"Bismarck city, North Dakota",2019,74632,,691.0,65870,800.0
North Dakota,Fargo city,"Fargo city, North Dakota",2019,123736,1372.0,819.0,52810,743.0
Ohio,Akron city,"Akron city, Ohio",2019,197597,3283.0,5015.0,41013,659.0
Ohio,Canton city,"Canton city, Ohio",2019,70445,,4490.0,32125,494.0
Ohio,Cincinnati city,"Cincinnati city, Ohio",2019,303954,8221.0,4021.0,46260,660.0
Ohio,Cleveland city,"Cleveland city, Ohio",2019,380989,6616.0,7117.0,32053,603.0
Ohio,Columbus city,"Columbus city, Ohio",2019,902073,25024.0,6176.0,57118,827.0
Ohio,Dayton city,"Dayton city, Ohio",2019,140402,1575.0,2057.0,33116,558.0
Ohio,Lorain city,"Lorain city, Ohio",2019,63866,,1775.0,36162,564.0
Ohio,Parma city,"Parma city, Ohio",2019,78093,,1106.0,57376,764.0
Ohio,Toledo city,"Toledo city, Ohio",2019,272778,2567.0,4767.0,36709,594.0
Ohio,Youngstown city,"Youngstown city, Ohio",2019,65479,1050.0,1490.0,29143,509.0
Oklahoma,Broken Arrow city,"Broken Arrow city, Oklahoma",2019,110715,2842.0,516.0,74290,854.0
Oklahoma,Edmond city,"Edmond city, Oklahoma",2019,94058,,687.0,88546,878.0
Oklahoma,Lawton city,"Lawton city, Oklahoma",2019,93026,,1103.0,46886,634.0
Oklahoma,Norman city,"Norman city, Oklahoma",2019,124867,2897.0,573.0,55849,732.0
Oklahoma,Oklahoma City city,"Oklahoma City city, Oklahoma",2019,655158,12351.0,7589.0,55492,721.0
Oklahoma,Tulsa city,"Tulsa city, Oklahoma",2019,401760,7806.0,6540.0,49158,674.0
Oregon,Beaverton city,"Beaverton city, Oregon",2019,99040,3133.0,789.0,73260,1328.0
Oregon,Bend city,"Bend city, Oregon",2019,100430,,521.0,69998,1412.0
Oregon,Eugene city,"Eugene city, Oregon",2019,172614,6300.0,2139.0,51269,979.0
Oregon,Gresham city,"Gresham city, Oregon",2019,109379,3193.0,2667.0,53892,1165.0
Oregon,Hillsboro city,"Hillsboro city, Oregon",2019,109120,1587.0,847.0,86038,1375.0
Oregon,Medford city,"Medford city, Oregon",2019,83084,,855.0,54737,891.0
Oregon,Portland city,"Portland city, Oregon",2019,653467,33516.0,11295.0,76231,1214.0
Oregon,Salem city,"Salem city, Oregon",2019,174377,4609.0,2754.0,61580,907.0
Pennsylvania,Allentown city,"Allentown city, Pennsylvania",2019,121441,2061.0,2824.0,40835,902.0
Pennsylvania,Bethlehem city,"Bethlehem city, Pennsylvania",2019,76044,,2504.0,60268,920.0
Pennsylvania,Erie city,"Erie city, Pennsylvania",2019,95537,1155.0,2139.0,35798,541.0
Pennsylvania,Philadelphia city,"Philadelphia city, Pennsylvania",2019,1584064,36369.0,37482.0,47474,906.0
Pennsylvania,Pittsburgh city,"Pittsburgh city, Pennsylvania",2019,300281,11007.0,5642.0,53799,863.0
Pennsylvania,Reading city,"Reading city, Pennsylvania",2019,88373,,1760.0,39670,667.0
Pennsylvania,Scranton city,"Scranton city, Pennsylvania",2019,76651,2106.0,1102.0,41169,675.0
Rhode Island,Cranston city,"Cranston city, Rhode Island",2019,81459,,461.0,72930,956.0
Rhode Island,Pawtucket city,"Pawtucket city, Rhode Island",2019,72108,,919.0,54143,824.0
Rhode Island,Providence city,"Providence city, Rhode Island",2019,179875,5068.0,7438.0,50097,893.0
Rhode Island,Warwick city,"Warwick city, Rhode Island",2019,81006,,367.0,75384,1090.0
South Carolina,Charleston city,"Charleston city, South Carolina",2019,143151,5437.0,280.0,79359,1235.0
South Carolina,Columbia city,"Columbia city, South Carolina",2019,131323,1845.0,736.0,47386,754.0
South Carolina,Greenville city,"Greenville city, South Carolina",2019,70633,,268.0,59278,957.0
South Carolina,Mount Pleasant town,"Mount Pleasant town, South Carolina",2019,91668,,62.0,121318,1534.0
South Carolina,North Charleston city,"North Charleston city, South Carolina",2019,122400,,610.0,53470,895.0
South Carolina,Rock Hill city,"Rock Hill city, South Carolina",2019,75041,,187.0,51879,845.0
South Dakota,Rapid City city,"Rapid City city, South Dakota",2019,77496,,320.0,51296,733.0
South Dakota,Sioux Falls city,"Sioux Falls city, South Dakota",2019,183799,3275.0,1448.0,61058,769.0
Tennessee,Chattanooga city,"Chattanooga city, Tennessee",2019,182803,4348.0,1635.0,46533,748.0
Tennessee,Clarksville city,"Clarksville city, Tennessee",2019,158152,,1007.0,51281,726.0
Tennessee,Franklin city,"Franklin city, Tennessee",2019,83096,,77.0,103813,1462.0
Tennessee,Jackson city,"Jackson city, Tennessee",2019,67187,,463.0,46112,642.0
Tennessee,Johnson City city,"Johnson City city, Tennessee",2019,67859,,1010.0,42797,632.0
Tennessee,Knoxville city,"Knoxville city, Tennessee",2019,187610,3906.0,3041.0,41388,704.0
Tennessee,Memphis city,"Memphis city, Tennessee",2019,651088,8754.0,5597.0,43794,703.0
Tennessee,Murfreesboro city,"Murfreesboro city, Tennessee",2019,146912,,612.0,68373,1013.0
Tennessee,Nashville-Davidson metropolitan government (balance),"Nashville-Davidson metropolitan government (balance), Tennessee",2019,668580,30860.0,1681.0,63462,1040.0
Texas,Abilene city,"Abilene city, Texas",2019,123201,,458.0,52997,714.0
Texas,Allen city,"Allen city, Texas",2019,105630,,383.0,101360,1307.0
Texas,Amarillo city,"Amarillo city, Texas",2019,197365,2552.0,1118.0,49802,698.0
Texas,Arlington city,"Arlington city, Texas",2019,398860,9960.0,2332.0,61716,977.0
Texas,Atascocita CDP,"Atascocita CDP, Texas",2019,82572,,209.0,104388,1331.0
Texas,Austin city,"Austin city, Texas",2019,979263,61721.0,4003.0,75413,1189.0
Texas,Baytown city,"Baytown city, Texas",2019,76895,,441.0,57765,831.0
Texas,Beaumont city,"Beaumont city, Texas",2019,116822,,422.0,54488,725.0
Texas,Brownsville city,"Brownsville city, Texas",2019,182781,,1172.0,41271,633.0
Texas,Bryan city,"Bryan city, Texas",2019,86268,,811.0,49769,732.0
Texas,Carrollton city,"Carrollton city, Texas",2019,139272,,187.0,85830,1171.0
Texas,Cedar Park city,"Cedar Park city, Texas",2019,77419,,653.0,101496,1362.0
Texas,College Station city,"College Station city, Texas",2019,117911,,538.0,52268,875.0
Texas,Conroe city,"Conroe city, Texas",2019,91081,,87.0,69077,992.0
Texas,Corpus Christi city,"Corpus Christi city, Texas",2019,326590,6245.0,1656.0,55564,868.0
Texas,Dallas city,"Dallas city, Texas",2019,1343565,35189.0,5913.0,55332,979.0
Texas,Denton city,"Denton city, Texas",2019,141522,3817.0,560.0,66644,961.0
Texas,Edinburg city,"Edinburg city, Texas",2019,101168,,91.0,46000,684.0
Texas,El Paso city,"El Paso city, Texas",2019,681729,9175.0,4828.0,48542,724.0
Texas,Flower Mound town,"Flower Mound town, Texas",2019,83205,,127.0,139508,1777.0
Texas,Fort Worth city,"Fort Worth city, Texas",2019,913656,22169.0,4704.0,65356,924.0
Texas,Frisco city,"Frisco city, Texas",2019,200513,,312.0,116884,1429.0
Texas,Garland city,"Garland city, Texas",2019,239539,6529.0,838.0,62556,1014.0
Texas,Georgetown city,"Georgetown city, Texas",2019,79609,,304.0,73552,1090.0
Texas,Grand Prairie city,"Grand Prairie city, Texas",2019,194522,,2807.0,66097,949.0
Texas,Harlingen city,"Harlingen city, Texas",2019,65033,,578.0,36868,596.0
Texas,Houston city,"Houston city, Texas",2019,2316797,49643.0,11077.0,52450,946.0
Texas,Irving city,"Irving city, Texas",2019,239779,4393.0,2665.0,67263,1095.0
Texas,Killeen city,"Killeen city, Texas",2019,151685,,1171.0,48622,718.0
Texas,Laredo city,"Laredo city, Texas",2019,264069,3657.0,911.0,57468,675.0
Texas,League City city,"League City city, Texas",2019,106730,,0.0,115650,1205.0
Texas,Leander city,"Leander city, Texas",2019,68583,,141.0,117892,1343.0
Texas,Lewisville city,"Lewisville city, Texas",2019,108562,,554.0,65836,1098.0
Texas,Longview city,"Longview city, Texas",2019,82461,,407.0,53987,702.0
Texas,Lubbock city,"Lubbock city, Texas",2019,258870,4558.0,980.0,52254,787.0
Texas,Mansfield city,"Mansfield city, Texas",2019,74841,,525.0,105182,1234.0
Texas,McAllen city,"McAllen city, Texas",2019,143258,,436.0,46319,678.0
Texas,McKinney city,"McKinney city, Texas",2019,199174,,372.0,89828,1353.0
Texas,Mesquite city,"Mesquite city, Texas",2019,140795,,683.0,61047,952.0
Texas,Midland city,"Midland city, Texas",2019,146042,,480.0,84955,1214.0
Texas,Mission city,"Mission city, Texas",2019,84336,,528.0,54793,596.0
Texas,Missouri City city,"Missouri City city, Texas",2019,75543,,140.0,86486,1576.0
Texas,New Braunfels city,"New Braunfels city, Texas",2019,90710,,527.0,81131,1042.0
Texas,North Richland Hills city,"North Richland Hills city, Texas",2019,70655,,381.0,75830,1032.0
Texas,Odessa city,"Odessa city, Texas",2019,123163,,350.0,66316,1066.0
Texas,Pasadena city,"Pasadena city, Texas",2019,151230,,804.0,53819,888.0
Texas,Pearland city,"Pearland city, Texas",2019,131448,,367.0,106757,1367.0
Texas,Pflugerville city,"Pflugerville city, Texas",2019,65124,,263.0,90329,1337.0
Texas,Pharr city,"Pharr city, Texas",2019,79115,,307.0,36342,589.0
Texas,Plano city,"Plano city, Texas",2019,285849,14747.0,601.0,93321,1292.0
Texas,Richardson city,"Richardson city, Texas",2019,121331,,347.0,91118,1390.0
Texas,Round Rock city,"Round Rock city, Texas",2019,133435,,275.0,86145,1210.0
Texas,Rowlett city,"Rowlett city, Texas",2019,66805,,155.0,100465,1222.0
Texas,San Angelo city,"San Angelo city, Texas",2019,98193,,1049.0,54972,811.0
Texas,San Antonio city,"San Antonio city, Texas",2019,1547250,28360.0,9309.0,53751,876.0
Texas,Sugar Land city,"Sugar Land city, Texas",2019,118500,,340.0,127598,1558.0
Texas,Temple city,"Temple city, Texas",2019,78437,,338.0,55792,764.0
Texas,The Woodlands CDP,"The Woodlands CDP, Texas",2019,117270,,82.0,127469,1290.0
Texas,Tyler city,"Tyler city, Texas",2019,106991,,622.0,52294,835.0
Texas,Victoria city,"Victoria city, Texas",2019,66920,,315.0,55968,801.0
Texas,Waco city,"Waco city, Texas",2019,139245,,1530.0,41481,728.0
Texas,Wichita Falls city,"Wichita Falls city, Texas",2019,104677,,1331.0,48861,616.0
Utah,Layton city,"Layton city, Utah",2019,78008,,191.0,76032,989.0
Utah,Lehi city,"Lehi city, Utah",2019,69742,,514.0,105280,1218.0
Utah,Ogden city,"Ogden city, Utah",2019,87764,,412.0,60054,784.0
Utah,Orem city,"Orem city, Utah",2019,97839,3405.0,55.0,70465,1026.0
Utah,Provo city,"Provo city, Utah",2019,116616,4850.0,390.0,53864,857.0
Utah,Salt Lake City city,"Salt Lake City city, Utah",2019,200546,7536.0,1070.0,63971,985.0
Utah,Sandy city,"Sandy city, Utah",2019,96385,3871.0,428.0,92032,1267.0
Utah,South Jordan city,"South Jordan city, Utah",2019,76607,,241.0,108626,1302.0
Utah,St. George city,"St. George city, Utah",2019,89586,,627.0,62178,939.0
Utah,West Jordan city,"West Jordan city, Utah",2019,116482,,461.0,87006,1098.0
Utah,West Valley City city,"West Valley City city, Utah",2019,135255,,470.0,73917,1086.0
Virginia,Alexandria city,"Alexandria city, Virginia",2019,159428,6035.0,583.0,103284,1687.0
Virginia,Arlington CDP,"Arlington CDP, Virginia",2019,236842,9087.0,582.0,119755,1913.0
Virginia,Centreville CDP,"Centreville CDP, Virginia",2019,66457,,216.0,126859,1815.0
Virginia,Chesapeake city,"Chesapeake city, Virginia",2019,244835,,1747.0,77847,1071.0
Virginia,Dale City CDP,"Dale City CDP, Virginia",2019,73918,,260.0,95602,1502.0
Virginia,Hampton city,"Hampton city, Virginia",2019,134510,,785.0,56930,934.0
Virginia,Lynchburg city,"Lynchburg city, Virginia",2019,82168,,1777.0,54850,733.0
Virginia,Newport News city,"Newport News city, Virginia",2019,179225,4772.0,1098.0,53029,917.0
Virginia,Norfolk city,"Norfolk city, Virginia",2019,242742,4154.0,2224.0,53093,853.0
Virginia,Portsmouth city,"Portsmouth city, Virginia",2019,94398,,709.0,51195,861.0
Virginia,Richmond city,"Richmond city, Virginia",2019,230436,7813.0,1169.0,51285,909.0
Virginia,Roanoke city,"Roanoke city, Virginia",2019,99143,,1619.0,45838,681.0
Virginia,Suffolk city,"Suffolk city, Virginia",2019,92108,,236.0,80481,1027.0
Virginia,Virginia Beach city,"Virginia Beach city, Virginia",2019,449974,11654.0,1152.0,79054,1195.0
Washington,Auburn city,"Auburn city, Washington",2019,82021,2081.0,1056.0,73466,1289.0
Washington,Bellevue city,"Bellevue city, Washington",2019,148145,7779.0,1103.0,127402,1986.0
Washington,Bellingham city,"Bellingham city, Washington",2019,92327,4619.0,1810.0,58492,1081.0
Washington,Everett city,"Everett city, Washington",2019,111489,,2341.0,64183,1196.0
Washington,Federal Way city,"Federal Way city, Washington",2019,96297,1265.0,745.0,64263,1366.0
Washington,Kennewick city,"Kennewick city, Washington",2019,84354,,786.0,61983,878.0
Washington,Kent city,"Kent city, Washington",2019,132320,2547.0,1367.0,81423,1401.0
Washington,Kirkland city,"Kirkland city, Washington",2019,93027,3755.0,171.0,121588,1858.0
Washington,Marysville city,"Marysville city, Washington",2019,70306,,643.0,81335,1225.0
Washington,Pasco city,"Pasco city, Washington",2019,74846,,1404.0,60377,900.0
Washington,Redmond city,"Redmond city, Washington",2019,71941,,1084.0,142920,1850.0
Washington,Renton city,"Renton city, Washington",2019,101747,2882.0,551.0,80310,1490.0
Washington,Sammamish city,"Sammamish city, Washington",2019,65880,,218.0,188120,2356.0
Washington,Seattle city,"Seattle city, Washington",2019,753655,36349.0,7674.0,102486,1648.0
Washington,South Hill CDP,"South Hill CDP, Washington",2019,66020,,817.0,92979,1428.0
Washington,Spokane Valley city,"Spokane Valley city, Washington",2019,101075,,2111.0,57513,883.0
Washington,Spokane city,"Spokane city, Washington",2019,222082,5460.0,3959.0,52447,785.0
Washington,Tacoma city,"Tacoma city, Washington",2019,217834,4909.0,3166.0,70411,1135.0
Washington,Vancouver city,"Vancouver city, Washington",2019,184452,5493.0,1851.0,66679,1239.0
Washington,Yakima city,"Yakima city, Washington",2019,93638,,1432.0,44292,692.0
Wisconsin,Appleton city,"Appleton city, Wisconsin",2019,75382,,335.0,60129,654.0
Wisconsin,Eau Claire city,"Eau Claire city, Wisconsin",2019,68936,,313.0,59684,724.0
Wisconsin,Green Bay city,"Green Bay city, Wisconsin",2019,104565,,1147.0,49029,634.0
Wisconsin,Kenosha city,"Kenosha city, Wisconsin",2019,99933,,869.0,55594,855.0
Wisconsin,Madison city,"Madison city, Wisconsin",2019,259673,9050.0,1380.0,66847,1054.0
Wisconsin,Milwaukee city,"Milwaukee city, Wisconsin",2019,590157,9612.0,6188.0,44192,740.0
Wisconsin,Oshkosh city,"Oshkosh city, Wisconsin",2019,67010,,450.0,54925,679.0
Wisconsin,Racine city,"Racine city, Wisconsin",2019,76747,,1331.0,43748,666.0
Wisconsin,Waukesha city,"Waukesha city, Wisconsin",2019,72308,,474.0,72411,870.0
Alabama,Auburn city,"Auburn city, Alabama",2021,78552,,612.0,48531,832.0
Alabama,Birmingham city,"Birmingham city, Alabama",2021,196410,,2835.0,36614,700.0
Alabama,Dothan city,"Dothan city, Alabama",2021,71283,,611.0,45088,638.0
Alabama,Hoover city,"Hoover city, Alabama",2021,92588,,326.0,99276,1012.0
Alabama,Huntsville city,"Huntsville city, Alabama",2021,215482,,2269.0,70757,827.0
Alabama,Mobile city,"Mobile city, Alabama",2021,184960,,1255.0,43786,709.0
Alabama,Montgomery city,"Montgomery city, Alabama",2021,198659,,1094.0,46957,711.0
Alabama,Tuscaloosa city,"Tuscaloosa city, Alabama",2021,100606,,1688.0,41770,753.0
Alaska,Anchorage municipality,"Anchorage municipality, Alaska",2021,288121,18335.0,7859.0,86654,1189.0
Arizona,Avondale city,"Avondale city, Arizona",2021,90562,,927.0,71423,1413.0
Arizona,Buckeye city,"Buckeye city, Arizona",2021,101314,,375.0,75417,1103.0
Arizona,Casas Adobes CDP,"Casas Adobes CDP, Arizona",2021,73450,,1093.0,71547,1165.0
Arizona,Chandler city,"Chandler city, Arizona",2021,279445,43927.0,2556.0,94613,1458.0
Arizona,Flagstaff city,"Flagstaff city, Arizona",2021,76984,,755.0,61386,1290.0
Arizona,Gilbert town,"Gilbert town, Arizona",2021,273138,,2039.0,104802,1609.0
Arizona,Glendale city,"Glendale city, Arizona",2021,249627,16242.0,3078.0,62910,1094.0
Arizona,Goodyear city,"Goodyear city, Arizona",2021,101744,,1130.0,90577,1359.0
Arizona,Mesa city,"Mesa city, Arizona",2021,509492,50470.0,5854.0,69266,1165.0
Arizona,Peoria city,"Peoria city, Arizona",2021,194910,,2265.0,92566,1296.0
Arizona,Phoenix city,"Phoenix city, Arizona",2021,1624539,177257.0,21887.0,68435,1133.0
Arizona,Queen Creek town,"Queen Creek town, Arizona",2021,69311,,146.0,121262,1778.0
Arizona,San Tan Valley CDP,"San Tan Valley CDP, Arizona",2021,103399,,1332.0,81956,1384.0
Arizona,Scottsdale city,"Scottsdale city, Arizona",2021,242754,,2391.0,99097,1504.0
Arizona,Surprise city,"Surprise city, Arizona",2021,149191,,1043.0,78411,1480.0
Arizona,Tempe city,"Tempe city, Arizona",2021,184109,28189.0,3588.0,68662,1284.0
Arizona,Tucson city,"Tucson city, Arizona",2021,543215,44592.0,6038.0,50306,825.0
Arizona,Yuma city,"Yuma city, Arizona",2021,97097,,406.0,54260,831.0
Arkansas,Conway city,"Conway city, Arkansas",2021,65126,,272.0,53029,686.0
Arkansas,Fayetteville city,"Fayetteville city, Arkansas",2021,95231,,1153.0,61428,752.0
Arkansas,Fort Smith city,"Fort Smith city, Arkansas",2021,89574,,781.0,44718,537.0
Arkansas,Jonesboro city,"Jonesboro city, Arkansas",2021,79330,,242.0,45497,696.0
Arkansas,Little Rock city,"Little Rock city, Arkansas",2021,201984,14114.0,1288.0,53565,782.0
Arkansas,Rogers city,"Rogers city, Arkansas",2021,71114,,232.0,67408,866.0
Arkansas,Springdale city,"Springdale city, Arkansas",2021,87255,,797.0,63396,861.0
California,Alameda city,"Alameda city, California",2021,76352,,1393.0,115468,1917.0
California,Alhambra city,"Alhambra city, California",2021,81219,6785.0,1771.0,72222,1608.0
California,Anaheim city,"Anaheim city, California",2021,345935,22243.0,5648.0,81747,1696.0
California,Antioch city,"Antioch city, California",2021,114801,7171.0,2781.0,81008,1789.0
California,Apple Valley town,"Apple Valley town, California",2021,76217,,790.0,63031,1034.0
California,Arden-Arcade CDP,"Arden-Arcade CDP, California",2021,100613,,3183.0,62145,1165.0
California,Bakersfield city,"Bakersfield city, California",2021,407581,18619.0,6041.0,66666,985.0
California,Baldwin Park city,"Baldwin Park city, California",2021,70634,,1035.0,69854,1552.0
California,Bellflower city,"Bellflower city, California",2021,77407,,1043.0,67909,1548.0
California,Berkeley city,"Berkeley city, California",2021,117147,26899.0,1126.0,101048,1867.0
California,Buena Park city,"Buena Park city, California",2021,83017,,1196.0,101346,1786.0
California,Burbank city,"Burbank city, California",2021,105407,,3748.0,81177,1758.0
California,Camarillo city,"Camarillo city, California",2021,70838,,971.0,100238,2158.0
California,Carlsbad city,"Carlsbad city, California",2021,115291,,1898.0,124669,2267.0
California,Carmichael CDP,"Carmichael CDP, California",2021,81039,,2708.0,71656,1217.0
California,Carson city,"Carson city, California",2021,93526,,1315.0,92609,1547.0
California,Castro Valley CDP,"Castro Valley CDP, California",2021,66408,,952.0,121384,2109.0
California,Chico city,"Chico city, California",2021,102340,,2179.0,61850,1126.0
California,Chino Hills city,"Chino Hills city, California",2021,78675,,972.0,113811,2238.0
California,Chino city,"Chino city, California",2021,92988,,693.0,97473,1784.0
California,Chula Vista city,"Chula Vista city, California",2021,277211,20430.0,3224.0,91949,1776.0
California,Citrus Heights city,"Citrus Heights city, California",2021,87411,,2350.0,66607,1372.0
California,Clovis city,"Clovis city, California",2021,122985,,1863.0,84837,1179.0
California,Compton city,"Compton city, California",2021,93584,,2525.0,62050,1244.0
California,Concord city,"Concord city, California",2021,124091,14595.0,2269.0,96961,1877.0
California,Corona city,"Corona city, California",2021,159749,,2337.0,92606,1700.0
California,Costa Mesa city,"Costa Mesa city, California",2021,110750,15003.0,2419.0,97904,1931.0
California,Daly City city,"Daly City city, California",2021,101221,9733.0,2585.0,95424,2170.0
California,Davis city,"Davis city, California",2021,66798,,663.0,84074,1836.0
California,Downey city,"Downey city, California",2021,111637,,2423.0,72556,1590.0
California,Dublin city,"Dublin city, California",2021,71680,,1037.0,205219,2736.0
California,East Los Angeles CDP,"East Los Angeles CDP, California",2021,115803,6063.0,1385.0,65971,1208.0
California,Eastvale city,"Eastvale city, California",2021,71374,,754.0,136834,2396.0
California,El Cajon city,"El Cajon city, California",2021,105431,,3903.0,61356,1512.0
California,El Monte city,"El Monte city, California",2021,106913,3688.0,2355.0,55609,1375.0
California,Elk Grove city,"Elk Grove city, California",2021,178988,20831.0,2279.0,109242,1832.0
California,Escondido city,"Escondido city, California",2021,150656,12079.0,2428.0,80749,1706.0
California,Fairfield city,"Fairfield city, California",2021,119710,6896.0,2628.0,90346,1781.0
California,Folsom city,"Folsom city, California",2021,81212,,299.0,125010,1827.0
California,Fontana city,"Fontana city, California",2021,210786,17349.0,1304.0,93851,1392.0
California,Fremont city,"Fremont city, California",2021,227523,55065.0,4552.0,155968,2456.0
California,Fresno city,"Fresno city, California",2021,544500,27136.0,11800.0,61250,972.0
California,Fullerton city,"Fullerton city, California",2021,141875,12565.0,1782.0,95431,1820.0
California,Garden Grove city,"Garden Grove city, California",2021,170492,11008.0,3453.0,74109,1716.0
California,Glendale city,"Glendale city, California",2021,192376,18644.0,3457.0,79633,1752.0
California,Hawthorne city,"Hawthorne city, California",2021,86093,,1350.0,70122,1442.0
California,Hayward city,"Hayward city, California",2021,159839,15603.0,4378.0,96386,1967.0
California,Hemet city,"Hemet city, California",2021,90446,,1438.0,45042,1175.0
California,Hesperia city,"Hesperia city, California",2021,100959,,1478.0,67950,1316.0
California,Huntington Beach city,"Huntington Beach city, California",2021,196650,26065.0,3356.0,107808,2078.0
California,Indio city,"Indio city, California",2021,90421,,1418.0,66841,1042.0
California,Inglewood city,"Inglewood city, California",2021,105179,8610.0,1749.0,68135,1410.0
California,Irvine city,"Irvine city, California",2021,309014,,5498.0,105774,2367.0
California,Jurupa Valley city,"Jurupa Valley city, California",2021,106937,,1398.0,81052,1231.0
California,Lake Elsinore city,"Lake Elsinore city, California",2021,71573,,875.0,76707,1680.0
California,Lake Forest city,"Lake Forest city, California",2021,85732,,1001.0,108838,2150.0
California,Lakewood city,"Lakewood city, California",2021,80607,,1050.0,104534,1809.0
California,Lancaster city,"Lancaster city, California",2021,170134,7709.0,3727.0,64242,1300.0
California,Livermore city,"Livermore city, California",2021,86812,,1204.0,130111,2103.0
California,Lodi city,"Lodi city, California",2021,67020,,451.0,76874,1158.0
California,Long Beach city,"Long Beach city, California",2021,456063,44800.0,10532.0,73905,1545.0
California,Los Angeles city,"Los Angeles city, California",2021,3849306,432722.0,96232.0,70372,1570.0
California,Lynwood city,"Lynwood city, California",2021,65502,,846.0,61695,1358.0
California,Madera city,"Madera city, California",2021,67956,,1746.0,49358,893.0
California,Manteca city,"Manteca city, California",2021,85799,,1634.0,82068,1460.0
California,Menifee city,"Menifee city, California",2021,106396,,1277.0,85175,1620.0
California,Merced city,"Merced city, California",2021,89292,,1254.0,52127,971.0
California,Milpitas city,"Milpitas city, California",2021,79074,,894.0,169460,2592.0
California,Mission Viejo city,"Mission Viejo city, California",2021,92449,,1572.0,124971,2180.0
California,Modesto city,"Modesto city, California",2021,218782,8331.0,3315.0,70469,1194.0
California,Moreno Valley city,"Moreno Valley city, California",2021,211607,8522.0,2714.0,79840,1631.0
California,Mountain View city,"Mountain View city, California",2021,81517,,935.0,157243,2634.0
California,Murrieta city,"Murrieta city, California",2021,112984,,934.0,104708,1886.0
California,Napa city,"Napa city, California",2021,78824,,1780.0,92878,1718.0
California,Newport Beach city,"Newport Beach city, California",2021,84784,,1639.0,136588,2715.0
California,Norwalk city,"Norwalk city, California",2021,100369,,1686.0,79850,1629.0
California,Oakland city,"Oakland city, California",2021,433797,72737.0,11385.0,82236,1617.0
California,Oceanside city,"Oceanside city, California",2021,172990,14046.0,1661.0,78125,1811.0
California,Ontario city,"Ontario city, California",2021,177961,7431.0,2551.0,73872,1545.0
California,Orange city,"Orange city, California",2021,137287,16387.0,1747.0,103045,1932.0
California,Oxnard city,"Oxnard city, California",2021,201898,7380.0,3140.0,88268,1734.0
California,Palmdale city,"Palmdale city, California",2021,165795,,3831.0,73417,1466.0
California,Palo Alto city,"Palo Alto city, California",2021,66666,,1382.0,195781,2923.0
California,Pasadena city,"Pasadena city, California",2021,135745,20792.0,2390.0,86677,1842.0
California,Perris city,"Perris city, California",2021,79831,,1405.0,69843,1344.0
California,Pittsburg city,"Pittsburg city, California",2021,76551,,1939.0,92800,1719.0
California,Pleasanton city,"Pleasanton city, California",2021,78250,,1207.0,145263,2249.0
California,Pomona city,"Pomona city, California",2021,148339,7225.0,2244.0,70494,1468.0
California,Rancho Cordova city,"Rancho Cordova city, California",2021,80423,,1629.0,84037,1328.0
California,Rancho Cucamonga city,"Rancho Cucamonga city, California",2021,175138,,2429.0,83850,1863.0
California,Redding city,"Redding city, California",2021,93466,,2277.0,58702,920.0
California,Redlands city,"Redlands city, California",2021,73280,,845.0,87634,1481.0
California,Redondo Beach city,"Redondo Beach city, California",2021,69779,,1838.0,121445,2211.0
California,Redwood City city,"Redwood City city, California",2021,81653,,1222.0,145128,2753.0
California,Rialto city,"Rialto city, California",2021,104380,,845.0,69982,1280.0
California,Richmond city,"Richmond city, California",2021,115642,10463.0,1920.0,85754,1633.0
California,Riverside city,"Riverside city, California",2021,317257,17473.0,3007.0,76558,1441.0
California,Rocklin city,"Rocklin city, California",2021,72986,,713.0,107520,1796.0
California,Roseville city,"Roseville city, California",2021,151902,,2559.0,107714,1720.0
California,Sacramento city,"Sacramento city, California",2021,525028,59241.0,13069.0,75311,1375.0
California,Salinas city,"Salinas city, California",2021,162780,2740.0,953.0,80154,1606.0
California,San Bernardino city,"San Bernardino city, California",2021,222194,,3617.0,65311,1171.0
California,San Buenaventura (Ventura) city,"San Buenaventura (Ventura) city, California",2021,109938,,1624.0,97816,1842.0
California,San Diego city,"San Diego city, California",2021,1381600,183424.0,25099.0,93042,1856.0
California,San Francisco city,"San Francisco city, California",2021,815201,200083.0,18559.0,121826,2072.0
California,San Jose city,"San Jose city, California",2021,983530,143618.0,14151.0,126377,2209.0
California,San Leandro city,"San Leandro city, California",2021,88878,7670.0,1961.0,84017,1689.0
California,San Marcos city,"San Marcos city, California",2021,94927,,861.0,89239,1742.0
California,San Mateo city,"San Mateo city, California",2021,102175,18837.0,796.0,129957,2463.0
California,San Ramon city,"San Ramon city, California",2021,86939,,934.0,162388,2664.0
California,Santa Ana city,"Santa Ana city, California",2021,309468,20647.0,4371.0,80265,1685.0
California,Santa Barbara city,"Santa Barbara city, California",2021,88252,11145.0,1508.0,90711,2019.0
California,Santa Clara city,"Santa Clara city, California",2021,127155,,2249.0,155238,2514.0
California,Santa Clarita city,"Santa Clarita city, California",2021,224588,21258.0,3334.0,109336,2035.0
California,Santa Maria city,"Santa Maria city, California",2021,109709,1885.0,956.0,69714,1587.0
California,Santa Monica city,"Santa Monica city, California",2021,91103,,2545.0,94906,2087.0
California,Santa Rosa city,"Santa Rosa city, California",2021,176942,13360.0,2553.0,86459,1765.0
California,Simi Valley city,"Simi Valley city, California",2021,125967,,1071.0,101621,2175.0
California,South Gate city,"South Gate city, California",2021,91148,,1559.0,65351,1169.0
California,Stockton city,"Stockton city, California",2021,322107,10389.0,5424.0,69844,1127.0
California,Sunnyvale city,"Sunnyvale city, California",2021,152258,38319.0,2177.0,156059,2478.0
California,Temecula city,"Temecula city, California",2021,110863,,1503.0,99805,1848.0
California,Thousand Oaks city,"Thousand Oaks city, California",2021,125766,,2884.0,114791,2175.0
California,Torrance city,"Torrance city, California",2021,143589,,1580.0,100392,1891.0
California,Tracy city,"Tracy city, California",2021,95384,,1284.0,102263,1846.0
California,Tulare city,"Tulare city, California",2021,70724,,1210.0,63668,848.0
California,Turlock city,"Turlock city, California",2021,72673,,507.0,74032,1160.0
California,Tustin city,"Tustin city, California",2021,79428,,1905.0,98092,1995.0
California,Union City city,"Union City city, California",2021,68668,,1811.0,114700,2332.0
California,Upland city,"Upland city, California",2021,79264,,1888.0,88346,1610.0
California,Vacaville city,"Vacaville city, California",2021,103092,,935.0,97777,1972.0
California,Vallejo city,"Vallejo city, California",2021,124869,6039.0,2792.0,77711,1489.0
California,Victorville city,"Victorville city, California",2021,135952,,2812.0,65478,1123.0
California,Visalia city,"Visalia city, California",2021,142976,,2723.0,64165,1022.0
California,Vista city,"Vista city, California",2021,98671,,1387.0,84262,1800.0
California,Walnut Creek city,"Walnut Creek city, California",2021,69705,,959.0,118483,2236.0
California,West Covina city,"West Covina city, California",2021,107031,,1223.0,88476,1788.0
California,Westminster city,"Westminster city, California",2021,90213,5651.0,1805.0,66862,1741.0
California,Whittier city,"Whittier city, California",2021,85306,,913.0,84320,1599.0
California,Yorba Linda city,"Yorba Linda city, California",2021,67992,,918.0,133365,1804.0
California,Yuba City city,"Yuba City city, California",2021,69544,,2038.0,61443,1100.0
Colorado,Arvada city,"Arvada city, Colorado",2021,123829,,1525.0,92647,1485.0
Colorado,Aurora city,"Aurora city, Colorado",2021,389675,39733.0,4979.0,71647,1388.0
Colorado,Boulder city,"Boulder city, Colorado",2021,104178,23613.0,2000.0,84167,1843.0
Colorado,Broomfield city,"Broomfield city, Colorado",2021,75325,,460.0,107638,1818.0
Colorado,Castle Rock town,"Castle Rock town, Colorado",2021,76366,,193.0,125657,1768.0
Colorado,Centennial city,"Centennial city, Colorado",2021,106957,,1077.0,108531,1860.0
Colorado,Colorado Springs city,"Colorado Springs city, Colorado",2021,483969,45350.0,8024.0,74579,1238.0
Colorado,Denver city,"Denver city, Colorado",2021,711463,130374.0,12389.0,81630,1449.0
Colorado,Fort Collins city,"Fort Collins city, Colorado",2021,168535,24219.0,1603.0,73945,1332.0
Colorado,Grand Junction city,"Grand Junction city, Colorado",2021,66951,,844.0,59201,818.0
Colorado,Greeley city,"Greeley city, Colorado",2021,109340,,867.0,64853,1033.0
Colorado,Highlands Ranch CDP,"Highlands Ranch CDP, Colorado",2021,98239,,483.0,137241,1980.0
Colorado,Lakewood city,"Lakewood city, Colorado",2021,156612,23392.0,1998.0,77122,1427.0
Colorado,Longmont city,"Longmont city, Colorado",2021,100427,,2164.0,72911,1384.0
Colorado,Loveland city,"Loveland city, Colorado",2021,77185,,1356.0,66535,1352.0
Colorado,Pueblo city,"Pueblo city, Colorado",2021,112358,,3133.0,49598,777.0
Colorado,Thornton city,"Thornton city, Colorado",2021,142599,,2691.0,93873,1511.0
Colorado,Westminster city,"Westminster city, Colorado",2021,114573,,1789.0,86688,1482.0
Connecticut,Bridgeport city,"Bridgeport city, Connecticut",2021,148345,6653.0,2147.0,46445,1044.0
Connecticut,Danbury city,"Danbury city, Connecticut",2021,86749,,275.0,79079,1416.0
Connecticut,Hartford city,"Hartford city, Connecticut",2021,120593,,4246.0,42468,952.0
Connecticut,New Britain city,"New Britain city, Connecticut",2021,73835,,1116.0,51586,887.0
Connecticut,New Haven city,"New Haven city, Connecticut",2021,135076,10346.0,2405.0,50569,1106.0
Connecticut,Norwalk city,"Norwalk city, Connecticut",2021,91203,,2055.0,89047,1700.0
Connecticut,Stamford city,"Stamford city, Connecticut",2021,136312,16685.0,1527.0,100543,1863.0
Connecticut,Waterbury city,"Waterbury city, Connecticut",2021,113820,,2435.0,48793,844.0
Delaware,Wilmington city,"Wilmington city, Delaware",2021,70750,,1612.0,55136,875.0
District of Columbia,Washington city,"Washington city, District of Columbia",2021,670050,170971.0,15853.0,90088,1586.0
Florida,Alafaya CDP,"Alafaya CDP, Florida",2021,95779.0,,1443.0,74796,1522.0
Florida,Boca Raton city,"Boca Raton city, Florida",2021,95785.0,,1563.0,85194,1879.0
Florida,Boynton Beach city,"Boynton Beach city, Florida",2021,80083.0,,1938.0,61293,1461.0
Florida,Brandon CDP,"Brandon CDP, Florida",2021,116994.0,,426.0,64357,1285.0
Florida,Cape Coral city,"Cape Coral city, Florida",2021,204519.0,,2377.0,66425,1273.0
Florida,Clearwater city,"Clearwater city, Florida",2021,116667.0,,2051.0,56626,1028.0
Florida,Coral Springs city,"Coral Springs city, Florida",2021,132822.0,,894.0,81067,1487.0
Florida,Davie town,"Davie town, Florida",2021,104873.0,,657.0,73332,1439.0
Florida,Daytona Beach city,"Daytona Beach city, Florida",2021,74435.0,,865.0,43864,954.0
Florida,Deerfield Beach city,"Deerfield Beach city, Florida",2021,86355.0,,1728.0,49865,1278.0
Florida,Delray Beach city,"Delray Beach city, Florida",2021,66579.0,,1001.0,64730,1451.0
Florida,Deltona city,"Deltona city, Florida",2021,95771.0,,1172.0,63727,1182.0
Florida,Doral city,"Doral city, Florida",2021,75954.0,,2238.0,84956,2041.0
Florida,Fort Lauderdale city,"Fort Lauderdale city, Florida",2021,181666.0,18894.0,1251.0,64912,1378.0
Florida,Fort Myers city,"Fort Myers city, Florida",2021,92244.0,,1821.0,53583,1028.0
Florida,Gainesville city,"Gainesville city, Florida",2021,140406.0,,1520.0,40822,939.0
Florida,Hialeah city,"Hialeah city, Florida",2021,220479.0,15230.0,3100.0,46674,1241.0
Florida,Hollywood city,"Hollywood city, Florida",2021,152139.0,12949.0,1527.0,60490,1214.0
Florida,Homestead city,"Homestead city, Florida",2021,80523.0,,1041.0,52365,1202.0
Florida,Horizon West CDP,"Horizon West CDP, Florida",2021,,,375.0,121007,1883.0
Florida,Jacksonville city,"Jacksonville city, Florida",2021,954624.0,73598.0,11776.0,58621,1036.0
Florida,Kendall CDP,"Kendall CDP, Florida",2021,81524.0,,1520.0,76255,1490.0
Florida,Kissimmee city,"Kissimmee city, Florida",2021,79440.0,,1562.0,42615,1235.0
Florida,Lakeland city,"Lakeland city, Florida",2021,115401.0,,2279.0,55029,965.0
Florida,Largo city,"Largo city, Florida",2021,82333.0,,1297.0,55228,1103.0
Florida,Lauderhill city,"Lauderhill city, Florida",2021,73461.0,,1115.0,44975,1253.0
Florida,Lehigh Acres CDP,"Lehigh Acres CDP, Florida",2021,126557.0,,1218.0,58422,1119.0
Florida,Melbourne city,"Melbourne city, Florida",2021,85091.0,,1023.0,57132,1081.0
Florida,Miami Beach city,"Miami Beach city, Florida",2021,80673.0,12024.0,3460.0,55512,1435.0
Florida,Miami Gardens city,"Miami Gardens city, Florida",2021,110881.0,,2742.0,54276,1321.0
Florida,Miami city,"Miami city, Florida",2021,439906.0,41929.0,7809.0,48789,1309.0
Florida,Miramar city,"Miramar city, Florida",2021,135066.0,,414.0,79282,1489.0
Florida,North Port city,"North Port city, Florida",2021,80027.0,,915.0,68583,1201.0
Florida,Orlando city,"Orlando city, Florida",2021,309193.0,30862.0,6566.0,54167,1276.0
Florida,Palm Bay city,"Palm Bay city, Florida",2021,122932.0,,2779.0,54746,1090.0
Florida,Palm Coast city,"Palm Coast city, Florida",2021,93845.0,,870.0,60648,1210.0
Florida,Pembroke Pines city,"Pembroke Pines city, Florida",2021,169388.0,,1741.0,76439,1412.0
Florida,Pine Hills CDP,"Pine Hills CDP, Florida",2021,85927.0,,764.0,42153,1042.0
Florida,Plantation city,"Plantation city, Florida",2021,92981.0,,1207.0,72955,1697.0
Florida,Poinciana CDP,"Poinciana CDP, Florida",2021,65257.0,,984.0,57296,1206.0
Florida,Pompano Beach city,"Pompano Beach city, Florida",2021,111356.0,,1587.0,53737,1274.0
Florida,Port Charlotte CDP,"Port Charlotte CDP, Florida",2021,65671.0,,1638.0,54814,987.0
Florida,Port St. Lucie city,"Port St. Lucie city, Florida",2021,217535.0,,2889.0,71381,1379.0
Florida,Riverview CDP,"Riverview CDP, Florida",2021,114560.0,,1116.0,81195,1475.0
Florida,Spring Hill CDP,"Spring Hill CDP, Florida",2021,123509.0,,2327.0,59363,973.0
Florida,St. Petersburg city,"St. Petersburg city, Florida",2021,258214.0,29689.0,3320.0,64141,1190.0
Florida,Sunrise city,"Sunrise city, Florida",2021,96031.0,,1224.0,66184,1489.0
Florida,Tallahassee city,"Tallahassee city, Florida",2021,197103.0,21272.0,2481.0,51224,956.0
Florida,Tamarac city,"Tamarac city, Florida",2021,71522.0,,733.0,59885,1399.0
Florida,Tampa city,"Tampa city, Florida",2021,387037.0,48532.0,4434.0,63404,1191.0
Florida,The Villages CDP,"The Villages CDP, Florida",2021,,,79.0,65117,
Florida,Town 'n' Country CDP,"Town 'n' Country CDP, Florida",2021,87862.0,,2079.0,58140,1263.0
Florida,Wesley Chapel CDP,"Wesley Chapel CDP, Florida",2021,77319.0,,763.0,90878,1690.0
Florida,West Palm Beach city,"West Palm Beach city, Florida",2021,117253.0,,1148.0,59400,1343.0
Florida,Weston city,"Weston city, Florida",2021,67322.0,,929.0,122774,2124.0
Georgia,Albany city,"Albany city, Georgia",2021,67146,,1025.0,38999,601.0
Georgia,Alpharetta city,"Alpharetta city, Georgia",2021,66108,,780.0,122326,1533.0
Georgia,Athens-Clarke County unified government (balance),"Athens-Clarke County unified government (balance), Georgia",2021,126006,,1426.0,50299,891.0
Georgia,Atlanta city,"Atlanta city, Georgia",2021,496480,99940.0,6470.0,74107,1326.0
Georgia,Augusta-Richmond County consolidated government (balance),"Augusta-Richmond County consolidated government (balance), Georgia",2021,200032,,3493.0,47921,773.0
Georgia,Columbus city,"Columbus city, Georgia",2021,205617,,1386.0,52734,726.0
Georgia,Johns Creek city,"Johns Creek city, Georgia",2021,82078,,782.0,132870,1669.0
Georgia,Macon-Bibb County,"Macon-Bibb County, Georgia",2021,156762,,1333.0,48176,699.0
Georgia,Roswell city,"Roswell city, Georgia",2021,92532,,783.0,104825,1333.0
Georgia,Sandy Springs city,"Sandy Springs city, Georgia",2021,107179,,2114.0,94456,1361.0
Georgia,Savannah city,"Savannah city, Georgia",2021,147087,6100.0,1426.0,49612,924.0
Georgia,South Fulton city,"South Fulton city, Georgia",2021,108573,,230.0,73958,1171.0
Georgia,Warner Robins city,"Warner Robins city, Georgia",2021,82252,,569.0,58864,840.0
Hawaii,Urban Honolulu CDP,"Urban Honolulu CDP, Hawaii",2021,345532,20978.0,7871.0,73434,1541.0
Idaho,Boise City city,"Boise City city, Idaho",2021,237457,26271.0,3986.0,70217,1129.0
Idaho,Idaho Falls city,"Idaho Falls city, Idaho",2021,66895,,966.0,61833,739.0
Idaho,Meridian city,"Meridian city, Idaho",2021,125959,,2208.0,88088,1312.0
Idaho,Nampa city,"Nampa city, Idaho",2021,106186,,1512.0,63471,945.0
Illinois,Arlington Heights village,"Arlington Heights village, Illinois",2021,75579,,483.0,102237,1378.0
Illinois,Aurora city,"Aurora city, Illinois",2021,183491,20380.0,2196.0,83996,1181.0
Illinois,Bloomington city,"Bloomington city, Illinois",2021,78283,,956.0,71700,769.0
Illinois,Bolingbrook village,"Bolingbrook village, Illinois",2021,74526,,1261.0,94040,1334.0
Illinois,Champaign city,"Champaign city, Illinois",2021,89116,,1037.0,53410,897.0
Illinois,Chicago city,"Chicago city, Illinois",2021,2696561,354820.0,54531.0,66576,1109.0
Illinois,Cicero town,"Cicero town, Illinois",2021,83167,2578.0,1549.0,57495,907.0
Illinois,Decatur city,"Decatur city, Illinois",2021,70676,,1365.0,40368,516.0
Illinois,Elgin city,"Elgin city, Illinois",2021,117850,,1992.0,79120,1023.0
Illinois,Evanston city,"Evanston city, Illinois",2021,77532,12461.0,914.0,82154,1539.0
Illinois,Joliet city,"Joliet city, Illinois",2021,152563,,1701.0,76495,945.0
Illinois,Naperville city,"Naperville city, Illinois",2021,148863,,1837.0,129664,1473.0
Illinois,Palatine village,"Palatine village, Illinois",2021,66272,,1225.0,75479,1235.0
Illinois,Peoria city,"Peoria city, Illinois",2021,110915,,2282.0,47287,659.0
Illinois,Rockford city,"Rockford city, Illinois",2021,148539,,2867.0,44525,701.0
Illinois,Schaumburg village,"Schaumburg village, Illinois",2021,75913,,712.0,79308,1447.0
Illinois,Skokie village,"Skokie village, Illinois",2021,66410,,1215.0,88618,1265.0
Illinois,Springfield city,"Springfield city, Illinois",2021,114340,,1530.0,62505,676.0
Illinois,Waukegan city,"Waukegan city, Illinois",2021,85791,,1240.0,64178,861.0
Indiana,Bloomington city,"Bloomington city, Indiana",2021,78988,,874.0,37734,856.0
Indiana,Carmel city,"Carmel city, Indiana",2021,100780,,439.0,106990,1211.0
Indiana,Evansville city,"Evansville city, Indiana",2021,117273,4089.0,3874.0,46662,656.0
Indiana,Fishers city,"Fishers city, Indiana",2021,103081,,334.0,121501,1327.0
Indiana,Fort Wayne city,"Fort Wayne city, Indiana",2021,263814,10491.0,2320.0,54737,686.0
Indiana,Hammond city,"Hammond city, Indiana",2021,76991,,1244.0,46248,803.0
Indiana,Indianapolis city (balance),"Indianapolis city (balance), Indiana",2021,882327,70856.0,11765.0,58479,800.0
Indiana,Lafayette city,"Lafayette city, Indiana",2021,72041,,649.0,47456,715.0
Indiana,Noblesville city,"Noblesville city, Indiana",2021,71810,,453.0,81849,1078.0
Indiana,South Bend city,"South Bend city, Indiana",2021,104523,5075.0,2069.0,50248,683.0
Iowa,Ames city,"Ames city, Iowa",2021,66422,,422.0,52005,801.0
Iowa,Ankeny city,"Ankeny city, Iowa",2021,70289,,169.0,94508,1007.0
Iowa,Cedar Rapids city,"Cedar Rapids city, Iowa",2021,136464,,1340.0,60977,747.0
Iowa,Davenport city,"Davenport city, Iowa",2021,101010,,2897.0,53914,703.0
Iowa,Des Moines city,"Des Moines city, Iowa",2021,212333,18279.0,2902.0,60693,799.0
Iowa,Iowa City city,"Iowa City city, Iowa",2021,74582,6888.0,1854.0,61301,858.0
Iowa,Sioux City city,"Sioux City city, Iowa",2021,86369,,1290.0,55622,723.0
Iowa,Waterloo city,"Waterloo city, Iowa",2021,66934,,845.0,50549,664.0
Iowa,West Des Moines city,"West Des Moines city, Iowa",2021,69951,,594.0,62073,903.0
Kansas,Kansas City city,"Kansas City city, Kansas",2021,154804,9393.0,963.0,53884,755.0
Kansas,Lawrence city,"Lawrence city, Kansas",2021,95251,,1099.0,52475,746.0
Kansas,Olathe city,"Olathe city, Kansas",2021,143006,,809.0,99631,971.0
Kansas,Overland Park city,"Overland Park city, Kansas",2021,197113,,1488.0,89280,1119.0
Kansas,Shawnee city,"Shawnee city, Kansas",2021,67521,,342.0,92844,898.0
Kansas,Topeka city,"Topeka city, Kansas",2021,125969,,828.0,49040,629.0
Kansas,Wichita city,"Wichita city, Kansas",2021,395707,17227.0,5548.0,56293,670.0
Kentucky,Bowling Green city,"Bowling Green city, Kentucky",2021,73513,,1331.0,43443,661.0
Kentucky,Lexington-Fayette urban county,"Lexington-Fayette urban county, Kentucky",2021,321793,22485.0,2238.0,60942,839.0
Kentucky,Louisville/Jefferson County metro government (balance),"Louisville/Jefferson County metro government (balance), Kentucky",2021,628577,46653.0,6262.0,57182,769.0
Louisiana,Baton Rouge city,"Baton Rouge city, Louisiana",2021,222177,9112.0,1212.0,41257,788.0
Louisiana,Kenner city,"Kenner city, Louisiana",2021,65376,,1094.0,55753,926.0
Louisiana,Lafayette city,"Lafayette city, Louisiana",2021,121763,,557.0,57953,768.0
Louisiana,Lake Charles city,"Lake Charles city, Louisiana",2021,81102,,291.0,45995,826.0
Louisiana,Metairie CDP,"Metairie CDP, Louisiana",2021,144999,,2353.0,66074,948.0
Louisiana,New Orleans city,"New Orleans city, Louisiana",2021,376971,29234.0,4343.0,46942,883.0
Louisiana,Shreveport city,"Shreveport city, Louisiana",2021,183489,,538.0,42034,685.0
Maryland,Baltimore city,"Baltimore city, Maryland",2021,576498,63694.0,17036.0,54652,990.0
Maryland,Bethesda CDP,"Bethesda CDP, Maryland",2021,68014,,320.0,167162,2185.0
Maryland,Columbia CDP,"Columbia CDP, Maryland",2021,104043,,1543.0,110002,1634.0
Maryland,Ellicott City CDP,"Ellicott City CDP, Maryland",2021,76286,,361.0,141110,1631.0
Maryland,Frederick city,"Frederick city, Maryland",2021,79588,,657.0,81411,1386.0
Maryland,Gaithersburg city,"Gaithersburg city, Maryland",2021,69109,12809.0,1627.0,99429,1697.0
Maryland,Germantown CDP,"Germantown CDP, Maryland",2021,85247,,823.0,91931,1628.0
Maryland,Glen Burnie CDP,"Glen Burnie CDP, Maryland",2021,71019,,1080.0,83577,1291.0
Maryland,Rockville city,"Rockville city, Maryland",2021,67133,,613.0,118903,1837.0
Maryland,Silver Spring CDP,"Silver Spring CDP, Maryland",2021,80265,16355.0,863.0,84223,1583.0
Maryland,Waldorf CDP,"Waldorf CDP, Maryland",2021,80123,,1192.0,103784,1619.0
Massachusetts,Boston city,"Boston city, Massachusetts",2021,654281,106028.0,10732.0,79283,1696.0
Massachusetts,Brockton city,"Brockton city, Massachusetts",2021,105455,6300.0,2321.0,68581,1278.0
Massachusetts,Cambridge city,"Cambridge city, Massachusetts",2021,117097,31257.0,2185.0,104746,2269.0
Massachusetts,Fall River city,"Fall River city, Massachusetts",2021,93883,,3200.0,46672,801.0
Massachusetts,Framingham city,"Framingham city, Massachusetts",2021,71260,,882.0,94023,1510.0
Massachusetts,Haverhill city,"Haverhill city, Massachusetts",2021,67356,,3356.0,80388,1297.0
Massachusetts,Lawrence city,"Lawrence city, Massachusetts",2021,88511,2600.0,5424.0,49087,1190.0
Massachusetts,Lowell city,"Lowell city, Massachusetts",2021,114005,7537.0,1922.0,64221,1310.0
Massachusetts,Lynn city,"Lynn city, Massachusetts",2021,100831,5159.0,2399.0,64986,1298.0
Massachusetts,Malden city,"Malden city, Massachusetts",2021,65057,,1913.0,86410,1702.0
Massachusetts,New Bedford city,"New Bedford city, Massachusetts",2021,100947,2676.0,2798.0,49237,801.0
Massachusetts,Newton city,"Newton city, Massachusetts",2021,87455,19957.0,1097.0,183208,2087.0
Massachusetts,Quincy city,"Quincy city, Massachusetts",2021,101131,,2154.0,81748,1644.0
Massachusetts,Somerville city,"Somerville city, Massachusetts",2021,79819,19070.0,1283.0,107651,2074.0
Massachusetts,Springfield city,"Springfield city, Massachusetts",2021,154788,,4898.0,42498,831.0
Massachusetts,Worcester city,"Worcester city, Massachusetts",2021,205917,11919.0,4491.0,63194,1108.0
Michigan,Ann Arbor city,"Ann Arbor city, Michigan",2021,121541,,1246.0,68864,1277.0
Michigan,Dearborn city,"Dearborn city, Michigan",2021,108419,,1861.0,61079,903.0
Michigan,Detroit city,"Detroit city, Michigan",2021,632589,32626.0,13378.0,36140,707.0
Michigan,Farmington Hills city,"Farmington Hills city, Michigan",2021,83289,,1146.0,95960,1082.0
Michigan,Flint city,"Flint city, Michigan",2021,80628,,1405.0,37102,545.0
Michigan,Grand Rapids city,"Grand Rapids city, Michigan",2021,197423,15908.0,4477.0,59596,930.0
Michigan,Kalamazoo city,"Kalamazoo city, Michigan",2021,73255,,1663.0,40227,736.0
Michigan,Lansing city,"Lansing city, Michigan",2021,111833,11025.0,3777.0,48818,719.0
Michigan,Livonia city,"Livonia city, Michigan",2021,94407,,818.0,87332,968.0
Michigan,Novi city,"Novi city, Michigan",2021,66575,,807.0,104597,1341.0
Michigan,Rochester Hills city,"Rochester Hills city, Michigan",2021,76021,,714.0,103023,1261.0
Michigan,Southfield city,"Southfield city, Michigan",2021,75901,,919.0,55463,1064.0
Michigan,Sterling Heights city,"Sterling Heights city, Michigan",2021,133256,,3433.0,69104,955.0
Michigan,Troy city,"Troy city, Michigan",2021,86837,,1386.0,98170,1224.0
Michigan,Warren city,"Warren city, Michigan",2021,138142,,4853.0,60042,857.0
Michigan,Westland city,"Westland city, Michigan",2021,84528,,1378.0,56191,864.0
Michigan,Wyoming city,"Wyoming city, Michigan",2021,76747,,1388.0,61583,885.0
Minnesota,Blaine city,"Blaine city, Minnesota",2021,70953,,1068.0,89533,1339.0
Minnesota,Bloomington city,"Bloomington city, Minnesota",2021,89308,,1760.0,80577,1220.0
Minnesota,Brooklyn Park city,"Brooklyn Park city, Minnesota",2021,84533,,1044.0,74807,1107.0
Minnesota,Duluth city,"Duluth city, Minnesota",2021,86373,,1092.0,61944,898.0
Minnesota,Eagan city,"Eagan city, Minnesota",2021,68646,,1061.0,100490,1362.0
Minnesota,Lakeville city,"Lakeville city, Minnesota",2021,72805,,1147.0,131125,1622.0
Minnesota,Maple Grove city,"Maple Grove city, Minnesota",2021,70730,,583.0,117442,1594.0
Minnesota,Minneapolis city,"Minneapolis city, Minnesota",2021,425338,81628.0,12690.0,69397,1138.0
Minnesota,Plymouth city,"Plymouth city, Minnesota",2021,79833,,1022.0,106962,1357.0
Minnesota,Rochester city,"Rochester city, Minnesota",2021,121471,8051.0,2584.0,75902,1045.0
Minnesota,St. Cloud city,"St. Cloud city, Minnesota",2021,69809,,1290.0,53036,784.0
Minnesota,St. Paul city,"St. Paul city, Minnesota",2021,307176,40456.0,8424.0,66098,1002.0
Minnesota,Woodbury city,"Woodbury city, Minnesota",2021,76994,,312.0,114592,1518.0
Mississippi,Gulfport city,"Gulfport city, Mississippi",2021,72096,,1097.0,43066,712.0
Mississippi,Jackson city,"Jackson city, Mississippi",2021,149813,,1510.0,35070,696.0
Missouri,Columbia city,"Columbia city, Missouri",2021,126850,,1022.0,60662,789.0
Missouri,Independence city,"Independence city, Missouri",2021,122083,,1882.0,52919,714.0
Missouri,Kansas City city,"Kansas City city, Missouri",2021,508415,52196.0,8690.0,63396,861.0
Missouri,Lee's Summit city,"Lee's Summit city, Missouri",2021,102506,,308.0,100246,1156.0
Missouri,O'Fallon city,"O'Fallon city, Missouri",2021,93651,,993.0,97868,1062.0
Missouri,Springfield city,"Springfield city, Missouri",2021,169850,,1648.0,41808,650.0
Missouri,St. Charles city,"St. Charles city, Missouri",2021,70832,,213.0,76340,912.0
Missouri,St. Joseph city,"St. Joseph city, Missouri",2021,75763,,1224.0,46089,637.0
Missouri,St. Louis city,"St. Louis city, Missouri",2021,293310,28480.0,3449.0,49965,683.0
Montana,Billings city,"Billings city, Montana",2021,117453,,1827.0,65818,852.0
Montana,Missoula city,"Missoula city, Montana",2021,74834,,1747.0,63270,931.0
Nebraska,Lincoln city,"Lincoln city, Nebraska",2021,292648,22126.0,2582.0,62294,790.0
Nebraska,Omaha city,"Omaha city, Nebraska",2021,487299,45741.0,4572.0,62948,855.0
Nevada,Enterprise CDP,"Enterprise CDP, Nevada",2021,245286,,3274.0,84902,1483.0
Nevada,Henderson city,"Henderson city, Nevada",2021,322202,26798.0,3231.0,77924,1348.0
Nevada,Las Vegas city,"Las Vegas city, Nevada",2021,646776,38038.0,11877.0,59746,1109.0
Nevada,North Las Vegas city,"North Las Vegas city, Nevada",2021,274146,10261.0,4407.0,67035,1223.0
Nevada,Paradise CDP,"Paradise CDP, Nevada",2021,185849,10119.0,5489.0,50096,997.0
Nevada,Reno city,"Reno city, Nevada",2021,268843,17850.0,4704.0,67478,1182.0
Nevada,Sparks city,"Sparks city, Nevada",2021,109788,,540.0,78778,1409.0
Nevada,Spring Valley CDP,"Spring Valley CDP, Nevada",2021,213552,,5675.0,61179,1309.0
Nevada,Sunrise Manor CDP,"Sunrise Manor CDP, Nevada",2021,196147,4473.0,3414.0,51287,972.0
New Hampshire,Manchester city,"Manchester city, New Hampshire",2021,115470,,1156.0,73639,1142.0
New Hampshire,Nashua city,"Nashua city, New Hampshire",2021,91122,,1059.0,85870,1394.0
New Jersey,Bayonne city,"Bayonne city, New Jersey",2021,69195,5979.0,288.0,73110,1230.0
New Jersey,Camden city,"Camden city, New Jersey",2021,71771,1491.0,1453.0,39654,851.0
New Jersey,Clifton city,"Clifton city, New Jersey",2021,89382,,1585.0,81857,1479.0
New Jersey,East Orange city,"East Orange city, New Jersey",2021,68893,,1174.0,51368,1125.0
New Jersey,Elizabeth city,"Elizabeth city, New Jersey",2021,135405,4116.0,1488.0,51549,1161.0
New Jersey,Jersey City city,"Jersey City city, New Jersey",2021,283943,47565.0,4133.0,81958,1631.0
New Jersey,Lakewood CDP,"Lakewood CDP, New Jersey",2021,66405,,1056.0,40338,1466.0
New Jersey,Newark city,"Newark city, New Jersey",2021,307216,10193.0,6110.0,43242,1049.0
New Jersey,Passaic city,"Passaic city, New Jersey",2021,69637,,486.0,51806,1131.0
New Jersey,Paterson city,"Paterson city, New Jersey",2021,157783,3791.0,2484.0,46451,1143.0
New Jersey,Toms River CDP,"Toms River CDP, New Jersey",2021,93947,,1013.0,87797,1294.0
New Jersey,Trenton city,"Trenton city, New Jersey",2021,90458,,1510.0,41715,905.0
New Jersey,Union City city,"Union City city, New Jersey",2021,65639,4164.0,1198.0,59393,1308.0
New Mexico,Albuquerque city,"Albuquerque city, New Mexico",2021,562591,51240.0,13316.0,58512,840.0
New Mexico,Las Cruces city,"Las Cruces city, New Mexico",2021,112907,,2348.0,42058,677.0
New Mexico,Rio Rancho city,"Rio Rancho city, New Mexico",2021,105839,,3801.0,76096,1042.0
New Mexico,Santa Fe city,"Santa Fe city, New Mexico",2021,88196,,448.0,60517,1071.0
New York,Albany city,"Albany city, New York",2021,98624,,2812.0,49763,919.0
New York,Buffalo city,"Buffalo city, New York",2021,276804,13025.0,6880.0,40669,747.0
New York,Cheektowaga CDP,"Cheektowaga CDP, New York",2021,76676,,1190.0,64106,766.0
New York,Mount Vernon city,"Mount Vernon city, New York",2021,72584,,1465.0,78562,1344.0
New York,New Rochelle city,"New Rochelle city, New York",2021,81590,,1686.0,106386,1711.0
New York,New York city,"New York city, New York",2021,8467513,891353.0,218723.0,67997,1490.0
New York,Rochester city,"Rochester city, New York",2021,210594,13098.0,5559.0,41980,788.0
New York,Schenectady city,"Schenectady city, New York",2021,66985,,508.0,53316,828.0
New York,Syracuse city,"Syracuse city, New York",2021,146124,8960.0,3995.0,40076,764.0
New York,Yonkers city,"Yonkers city, New York",2021,209506,14845.0,3418.0,66395,1412.0
North Carolina,Asheville city,"Asheville city, North Carolina",2021,94070,,696.0,59758,1047.0
North Carolina,Cary town,"Cary town, North Carolina",2021,178508,,1049.0,123857,1286.0
North Carolina,Charlotte city,"Charlotte city, North Carolina",2021,879697,162470.0,7017.0,70869,1157.0
North Carolina,Concord city,"Concord city, North Carolina",2021,107688,,679.0,79329,1065.0
North Carolina,Durham city,"Durham city, North Carolina",2021,285439,46386.0,3293.0,71343,1052.0
North Carolina,Fayetteville city,"Fayetteville city, North Carolina",2021,208792,7349.0,1837.0,51629,874.0
North Carolina,Gastonia city,"Gastonia city, North Carolina",2021,81159,,925.0,53424,864.0
North Carolina,Greensboro city,"Greensboro city, North Carolina",2021,298250,20897.0,3298.0,51825,843.0
North Carolina,Greenville city,"Greenville city, North Carolina",2021,88733,,237.0,36687,685.0
North Carolina,High Point city,"High Point city, North Carolina",2021,115287,,917.0,57698,767.0
North Carolina,Jacksonville city,"Jacksonville city, North Carolina",2021,72881,,421.0,44497,976.0
North Carolina,Raleigh city,"Raleigh city, North Carolina",2021,469502,81253.0,3779.0,74612,1133.0
North Carolina,Wilmington city,"Wilmington city, North Carolina",2021,117642,,958.0,53186,990.0
North Carolina,Winston-Salem city,"Winston-Salem city, North Carolina",2021,250337,17399.0,4238.0,54228,749.0
North Dakota,Bismarck city,"Bismarck city, North Dakota",2021,74141,,1089.0,61861,784.0
North Dakota,Fargo city,"Fargo city, North Dakota",2021,124843,10466.0,585.0,59089,723.0
Ohio,Akron city,"Akron city, Ohio",2021,189343,,12850.0,41628,641.0
Ohio,Canton city,"Canton city, Ohio",2021,70438,,1672.0,40934,579.0
Ohio,Cincinnati city,"Cincinnati city, Ohio",2021,308913,29782.0,4922.0,42733,717.0
Ohio,Cleveland city,"Cleveland city, Ohio",2021,368006,19204.0,8684.0,35562,655.0
Ohio,Columbus city,"Columbus city, Ohio",2021,907310,111379.0,8928.0,58202,928.0
Ohio,Dayton city,"Dayton city, Ohio",2021,137581,,2764.0,39315,608.0
Ohio,Lorain city,"Lorain city, Ohio",2021,65440,,923.0,43410,645.0
Ohio,Parma city,"Parma city, Ohio",2021,79984,,1105.0,57444,822.0
Ohio,Toledo city,"Toledo city, Ohio",2021,268504,9370.0,5221.0,44150,620.0
Oklahoma,Broken Arrow city,"Broken Arrow city, Oklahoma",2021,117775,,961.0,73628,928.0
Oklahoma,Edmond city,"Edmond city, Oklahoma",2021,95334,,1019.0,90384,989.0
Oklahoma,Lawton city,"Lawton city, Oklahoma",2021,91058,,1017.0,44751,638.0
Oklahoma,Norman city,"Norman city, Oklahoma",2021,128087,,1357.0,57786,752.0
Oklahoma,Oklahoma City city,"Oklahoma City city, Oklahoma",2021,687691,45142.0,12393.0,59214,775.0
Oklahoma,Tulsa city,"Tulsa city, Oklahoma",2021,411905,25446.0,6173.0,51008,738.0
Oregon,Beaverton city,"Beaverton city, Oregon",2021,98204,,2292.0,76520,1437.0
Oregon,Bend city,"Bend city, Oregon",2021,102079,,1268.0,82102,1440.0
Oregon,Eugene city,"Eugene city, Oregon",2021,175102,17813.0,4993.0,59338,1054.0
Oregon,Gresham city,"Gresham city, Oregon",2021,113106,8225.0,4297.0,66129,1216.0
Oregon,Hillsboro city,"Hillsboro city, Oregon",2021,106651,,1093.0,97436,1533.0
Oregon,Medford city,"Medford city, Oregon",2021,86374,,1418.0,63703,1040.0
Oregon,Portland city,"Portland city, Oregon",2021,642218,122913.0,17989.0,79057,1284.0
Oregon,Salem city,"Salem city, Oregon",2021,177727,,4963.0,63927,1009.0
Pennsylvania,Allentown city,"Allentown city, Pennsylvania",2021,125934,,3912.0,46745,971.0
Pennsylvania,Bethlehem city,"Bethlehem city, Pennsylvania",2021,75134,,2425.0,57320,906.0
Pennsylvania,Erie city,"Erie city, Pennsylvania",2021,94013,,1958.0,43186,613.0
Pennsylvania,Philadelphia city,"Philadelphia city, Pennsylvania",2021,1576251,170574.0,44010.0,52899,999.0
Pennsylvania,Pittsburgh city,"Pittsburgh city, Pennsylvania",2021,300454,44982.0,7255.0,57821,930.0
Pennsylvania,Reading city,"Reading city, Pennsylvania",2021,94834,2208.0,3199.0,37107,727.0
Pennsylvania,Scranton city,"Scranton city, Pennsylvania",2021,75867,,861.0,54279,695.0
Rhode Island,Cranston city,"Cranston city, Rhode Island",2021,82568,,1495.0,80564,1104.0
Rhode Island,Pawtucket city,"Pawtucket city, Rhode Island",2021,75379,,2265.0,51817,860.0
Rhode Island,Providence city,"Providence city, Rhode Island",2021,189697,17249.0,6862.0,60970,1033.0
Rhode Island,Warwick city,"Warwick city, Rhode Island",2021,83014,,1615.0,72025,1103.0
South Carolina,Charleston city,"Charleston city, South Carolina",2021,152046,15950.0,1263.0,74139,1247.0
South Carolina,Columbia city,"Columbia city, South Carolina",2021,137960,,526.0,47524,880.0
South Carolina,Greenville city,"Greenville city, South Carolina",2021,72103,,1069.0,57253,973.0
South Carolina,Mount Pleasant town,"Mount Pleasant town, South Carolina",2021,92398,,473.0,99298,1705.0
South Carolina,North Charleston city,"North Charleston city, South Carolina",2021,117463,,875.0,55864,1005.0
South Carolina,Rock Hill city,"Rock Hill city, South Carolina",2021,74107,,153.0,60237,912.0
South Dakota,Rapid City city,"Rapid City city, South Dakota",2021,76173,,1304.0,61495,862.0
South Dakota,Sioux Falls city,"Sioux Falls city, South Dakota",2021,196528,15342.0,1152.0,73273,803.0
Tennessee,Chattanooga city,"Chattanooga city, Tennessee",2021,182111,13091.0,1573.0,55065,891.0
Tennessee,Clarksville city,"Clarksville city, Tennessee",2021,170966,,1776.0,60686,945.0
Tennessee,Franklin city,"Franklin city, Tennessee",2021,85473,,155.0,104515,1453.0
Tennessee,Jackson city,"Jackson city, Tennessee",2021,68114,,447.0,45651,735.0
Tennessee,Johnson City city,"Johnson City city, Tennessee",2021,70889,,486.0,56248,757.0
Tennessee,Knoxville city,"Knoxville city, Tennessee",2021,192657,10446.0,2671.0,45700,827.0
Tennessee,Memphis city,"Memphis city, Tennessee",2021,628118,28812.0,5424.0,44317,750.0
Tennessee,Murfreesboro city,"Murfreesboro city, Tennessee",2021,157509,,1556.0,77584,1061.0
Tennessee,Nashville-Davidson metropolitan government (balance),"Nashville-Davidson metropolitan government (balance), Tennessee",2021,678845,83484.0,9222.0,64857,1179.0
Texas,Abilene city,"Abilene city, Texas",2021,129601,,617.0,51931,789.0
Texas,Allen city,"Allen city, Texas",2021,106868,,716.0,107438,1587.0
Texas,Amarillo city,"Amarillo city, Texas",2021,198781,,2558.0,55572,741.0
Texas,Arlington city,"Arlington city, Texas",2021,392802,27028.0,2961.0,59889,1076.0
Texas,Atascocita CDP,"Atascocita CDP, Texas",2021,85808,,913.0,101686,1183.0
Texas,Austin city,"Austin city, Texas",2021,964000,219183.0,14946.0,79542,1307.0
Texas,Baytown city,"Baytown city, Texas",2021,79676,,674.0,48287,959.0
Texas,Beaumont city,"Beaumont city, Texas",2021,112559,,665.0,51361,741.0
Texas,Brownsville city,"Brownsville city, Texas",2021,187840,5502.0,1956.0,47435,658.0
Texas,Bryan city,"Bryan city, Texas",2021,86851,,823.0,44017,896.0
Texas,Carrollton city,"Carrollton city, Texas",2021,132569,,1256.0,86647,1247.0
Texas,Cedar Park city,"Cedar Park city, Texas",2021,78326,,783.0,114450,1388.0
Texas,College Station city,"College Station city, Texas",2021,120032,,990.0,49215,884.0
Texas,Conroe city,"Conroe city, Texas",2021,94401,,926.0,68428,1070.0
Texas,Corpus Christi city,"Corpus Christi city, Texas",2021,317768,8456.0,2545.0,59812,930.0
Texas,Dallas city,"Dallas city, Texas",2021,1288441,119747.0,15465.0,57995,1079.0
Texas,Denton city,"Denton city, Texas",2021,148139,,2302.0,64873,994.0
Texas,Edinburg city,"Edinburg city, Texas",2021,102477,,737.0,47596,702.0
Texas,El Paso city,"El Paso city, Texas",2021,678422,29842.0,9208.0,51241,775.0
Texas,Flower Mound town,"Flower Mound town, Texas",2021,78375,,490.0,144642,1591.0
Texas,Fort Worth city,"Fort Worth city, Texas",2021,940437,68596.0,9839.0,68235,1083.0
Texas,Frisco city,"Frisco city, Texas",2021,210735,,2235.0,130118,1492.0
Texas,Garland city,"Garland city, Texas",2021,241870,,960.0,61607,1170.0
Texas,Georgetown city,"Georgetown city, Texas",2021,75407,,303.0,79601,1354.0
Texas,Grand Prairie city,"Grand Prairie city, Texas",2021,197338,,2462.0,68473,1149.0
Texas,Harlingen city,"Harlingen city, Texas",2021,71928,,1042.0,50861,659.0
Texas,Houston city,"Houston city, Texas",2021,2287047,170371.0,35865.0,55499,974.0
Texas,Irving city,"Irving city, Texas",2021,254190,32873.0,2385.0,70340,1150.0
Texas,Killeen city,"Killeen city, Texas",2021,156260,,1168.0,51619,759.0
Texas,Laredo city,"Laredo city, Texas",2021,258014,6086.0,2107.0,52438,701.0
Texas,League City city,"League City city, Texas",2021,114664,,652.0,101382,1235.0
Texas,Leander city,"Leander city, Texas",2021,68993,,381.0,120165,1563.0
Texas,Lewisville city,"Lewisville city, Texas",2021,112853,,1995.0,75915,1193.0
Texas,Longview city,"Longview city, Texas",2021,81877,,766.0,51209,755.0
Texas,Lubbock city,"Lubbock city, Texas",2021,260990,9239.0,3290.0,54747,814.0
Texas,Mansfield city,"Mansfield city, Texas",2021,74106,,174.0,91255,1347.0
Texas,McAllen city,"McAllen city, Texas",2021,143922,,1928.0,57359,767.0
Texas,McKinney city,"McKinney city, Texas",2021,202680,,945.0,98317,1424.0
Texas,Mesquite city,"Mesquite city, Texas",2021,148087,,1252.0,60957,1046.0
Texas,Midland city,"Midland city, Texas",2021,131292,,873.0,72038,869.0
Texas,Mission city,"Mission city, Texas",2021,86215,,710.0,57749,649.0
Texas,Missouri City city,"Missouri City city, Texas",2021,76462,,770.0,81451,1572.0
Texas,New Braunfels city,"New Braunfels city, Texas",2021,96630,,1086.0,89073,1195.0
Texas,North Richland Hills city,"North Richland Hills city, Texas",2021,70212,,892.0,78496,1172.0
Texas,Odessa city,"Odessa city, Texas",2021,116436,,1821.0,61964,950.0
Texas,Pasadena city,"Pasadena city, Texas",2021,148629,,2955.0,60939,954.0
Texas,Pearland city,"Pearland city, Texas",2021,120694,,2480.0,103227,1194.0
Texas,Pflugerville city,"Pflugerville city, Texas",2021,66700,,599.0,103687,1354.0
Texas,Pharr city,"Pharr city, Texas",2021,79697,,547.0,32217,746.0
Texas,Plano city,"Plano city, Texas",2021,287037,,2866.0,95002,1439.0
Texas,Richardson city,"Richardson city, Texas",2021,116369,,1042.0,85580,1357.0
Texas,Round Rock city,"Round Rock city, Texas",2021,127130,,683.0,79649,1307.0
Texas,San Angelo city,"San Angelo city, Texas",2021,101063,,1302.0,60030,793.0
Texas,San Antonio city,"San Antonio city, Texas",2021,1451863,102316.0,19093.0,54923,965.0
Texas,San Marcos city,"San Marcos city, Texas",2021,68578,,953.0,36080,1117.0
Texas,Spring CDP,"Spring CDP, Texas",2021,71893,,1052.0,79884,1320.0
Texas,Sugar Land city,"Sugar Land city, Texas",2021,109337,,1818.0,112868,1507.0
Texas,Temple city,"Temple city, Texas",2021,85428,,515.0,58284,837.0
Texas,The Woodlands CDP,"The Woodlands CDP, Texas",2021,116251,,1608.0,104787,1307.0
Texas,Tyler city,"Tyler city, Texas",2021,107199,,1510.0,54998,846.0
Texas,Victoria city,"Victoria city, Texas",2021,65384,,660.0,54786,833.0
Texas,Waco city,"Waco city, Texas",2021,139601,,741.0,49952,852.0
Texas,Wichita Falls city,"Wichita Falls city, Texas",2021,102986,,464.0,50786,729.0
Utah,Layton city,"Layton city, Utah",2021,83299,,154.0,81011,1240.0
Utah,Lehi city,"Lehi city, Utah",2021,79979,,854.0,114136,1486.0
Utah,Ogden city,"Ogden city, Utah",2021,86800,,556.0,56501,817.0
Utah,Orem city,"Orem city, Utah",2021,97872,,937.0,72449,1057.0
Utah,Provo city,"Provo city, Utah",2021,114085,12451.0,979.0,57659,938.0
Utah,Salt Lake City city,"Salt Lake City city, Utah",2021,200475,30332.0,3159.0,66658,1096.0
Utah,Sandy city,"Sandy city, Utah",2021,95038,,571.0,100153,1409.0
Utah,South Jordan city,"South Jordan city, Utah",2021,80142,,525.0,104170,1465.0
Utah,St. George city,"St. George city, Utah",2021,99965,,588.0,59365,1016.0
Utah,West Jordan city,"West Jordan city, Utah",2021,116544,,593.0,86252,1317.0
Utah,West Valley City city,"West Valley City city, Utah",2021,139094,11085.0,932.0,74348,1180.0
Virginia,Alexandria city,"Alexandria city, Virginia",2021,154706,39424.0,2066.0,101162,1742.0
Virginia,Arlington CDP,"Arlington CDP, Virginia",2021,232965,69593.0,1803.0,125651,1896.0
Virginia,Centreville CDP,"Centreville CDP, Virginia",2021,75010,,962.0,113518,1807.0
Virginia,Chesapeake city,"Chesapeake city, Virginia",2021,251269,,2022.0,88815,1110.0
Virginia,Dale City CDP,"Dale City CDP, Virginia",2021,79782,,430.0,107272,1285.0
Virginia,Hampton city,"Hampton city, Virginia",2021,137746,,1568.0,57647,1013.0
Virginia,Lynchburg city,"Lynchburg city, Virginia",2021,79009,,1771.0,56110,793.0
Virginia,Newport News city,"Newport News city, Virginia",2021,184587,,2645.0,58937,931.0
Virginia,Norfolk city,"Norfolk city, Virginia",2021,235089,14772.0,3186.0,58591,938.0
Virginia,Portsmouth city,"Portsmouth city, Virginia",2021,97840,,1172.0,54429,918.0
Virginia,Richmond city,"Richmond city, Virginia",2021,226604,27408.0,4009.0,51770,976.0
Virginia,Roanoke city,"Roanoke city, Virginia",2021,98865,,2910.0,47202,696.0
Virginia,Suffolk city,"Suffolk city, Virginia",2021,96194,,639.0,79556,1044.0
Virginia,Virginia Beach city,"Virginia Beach city, Virginia",2021,457672,38703.0,5029.0,81634,1260.0
Washington,Auburn city,"Auburn city, Washington",2021,87061,,1321.0,79368,1293.0
Washington,Bellevue city,"Bellevue city, Washington",2021,149429,,1794.0,144274,2080.0
Washington,Bellingham city,"Bellingham city, Washington",2021,92290,,2208.0,58597,1261.0
Washington,Everett city,"Everett city, Washington",2021,110820,,1678.0,70023,1369.0
Washington,Federal Way city,"Federal Way city, Washington",2021,99028,,2167.0,78734,1416.0
Washington,Kennewick city,"Kennewick city, Washington",2021,84478,,1439.0,56041,930.0
Washington,Kent city,"Kent city, Washington",2021,134837,,2025.0,81373,1461.0
Washington,Kirkland city,"Kirkland city, Washington",2021,92105,,1108.0,130397,1911.0
Washington,Marysville city,"Marysville city, Washington",2021,71151,,1034.0,92347,1577.0
Washington,Pasco city,"Pasco city, Washington",2021,84190,,949.0,82561,896.0
Washington,Redmond city,"Redmond city, Washington",2021,76360,,480.0,155426,1924.0
Washington,Renton city,"Renton city, Washington",2021,105200,,1755.0,83699,1649.0
Washington,Sammamish city,"Sammamish city, Washington",2021,66630,,707.0,201370,2323.0
Washington,Seattle city,"Seattle city, Washington",2021,733904,205297.0,16833.0,110781,1670.0
Washington,South Hill CDP,"South Hill CDP, Washington",2021,66875,,664.0,97622,1617.0
Washington,Spokane Valley city,"Spokane Valley city, Washington",2021,105912,,2692.0,58904,993.0
Washington,Spokane city,"Spokane city, Washington",2021,229065,17157.0,5335.0,58714,875.0
Washington,Tacoma city,"Tacoma city, Washington",2021,219203,23213.0,5621.0,77141,1286.0
Washington,Vancouver city,"Vancouver city, Washington",2021,192176,17698.0,3764.0,69993,1311.0
Washington,Yakima city,"Yakima city, Washington",2021,96565,,2183.0,52689,746.0
Wisconsin,Appleton city,"Appleton city, Wisconsin",2021,72951,5804.0,759.0,66449,675.0
Wisconsin,Eau Claire city,"Eau Claire city, Wisconsin",2021,69196,,1269.0,57732,734.0
Wisconsin,Green Bay city,"Green Bay city, Wisconsin",2021,107020,,1355.0,51908,662.0
Wisconsin,Janesville city,"Janesville city, Wisconsin",2021,65953,,1014.0,63435,739.0
Wisconsin,Kenosha city,"Kenosha city, Wisconsin",2021,99285,,1135.0,67223,896.0
Wisconsin,Madison city,"Madison city, Wisconsin",2021,269162,40279.0,3118.0,67270,1126.0
Wisconsin,Milwaukee city,"Milwaukee city, Wisconsin",2021,569326,40377.0,9010.0,46637,788.0
Wisconsin,Oshkosh city,"Oshkosh city, Wisconsin",2021,66594,,1553.0,55446,677.0
Wisconsin,Racine city,"Racine city, Wisconsin",2021,77131,,1687.0,47861,738.0
Wisconsin,Waukesha city,"Waukesha city, Wisconsin",2021,71254,,1161.0,69533,926.0
Alabama,Auburn city,"Auburn city, Alabama",2022,80009,,81.0,54839,856.0
Alabama,Birmingham city,"Birmingham city, Alabama",2022,196353,7248.0,1648.0,39326,753.0
Alabama,Dothan city,"Dothan city, Alabama",2022,70524,,753.0,53929,645.0
Alabama,Hoover city,"Hoover city, Alabama",2022,92427,,266.0,103194,1189.0
Alabama,Huntsville city,"Huntsville city, Alabama",2022,222363,15121.0,1593.0,68930,885.0
Alabama,Mobile city,"Mobile city, Alabama",2022,183282,,563.0,50051,763.0
Alabama,Montgomery city,"Montgomery city, Alabama",2022,196986,,256.0,55108,742.0
Alabama,Tuscaloosa city,"Tuscaloosa city, Alabama",2022,110598,,2495.0,49005,772.0
Alaska,Anchorage municipality,"Anchorage municipality, Alaska",2022,287145,17867.0,6357.0,100751,1274.0
Arizona,Avondale city,"Avondale city, Arizona",2022,91618,,1086.0,66801,1506.0
Arizona,Buckeye city,"Buckeye city, Arizona",2022,105567,,1163.0,95235,1597.0
Arizona,Casas Adobes CDP,"Casas Adobes CDP, Arizona",2022,75513,,605.0,75650,1346.0
Arizona,Chandler city,"Chandler city, Arizona",2022,280684,40924.0,1063.0,98664,1692.0
Arizona,Flagstaff city,"Flagstaff city, Arizona",2022,75902,4817.0,344.0,63612,1301.0
Arizona,Gilbert town,"Gilbert town, Arizona",2022,275359,37338.0,1441.0,111393,1819.0
Arizona,Glendale city,"Glendale city, Arizona",2022,252141,22242.0,1188.0,72411,1244.0
Arizona,Goodyear city,"Goodyear city, Arizona",2022,105404,,226.0,96522,1696.0
Arizona,Maricopa city,"Maricopa city, Arizona",2022,66287,,187.0,90985,1518.0
Arizona,Mesa city,"Mesa city, Arizona",2022,512523,51956.0,3577.0,79496,1335.0
Arizona,Peoria city,"Peoria city, Arizona",2022,197862,18969.0,1356.0,86948,1711.0
Arizona,Phoenix city,"Phoenix city, Arizona",2022,1644403,169934.0,11147.0,75969,1331.0
Arizona,Queen Creek town,"Queen Creek town, Arizona",2022,69345,,80.0,129605,2096.0
Arizona,San Tan Valley CDP,"San Tan Valley CDP, Arizona",2022,117415,,344.0,89081,1668.0
Arizona,Scottsdale city,"Scottsdale city, Arizona",2022,243027,43272.0,1997.0,100636,1811.0
Arizona,Surprise city,"Surprise city, Arizona",2022,154194,16178.0,952.0,96912,1739.0
Arizona,Tempe city,"Tempe city, Arizona",2022,185939,25691.0,1094.0,76007,1566.0
Arizona,Tucson city,"Tucson city, Arizona",2022,546598,34383.0,7914.0,51281,912.0
Arizona,Yuma city,"Yuma city, Arizona",2022,98517,,394.0,58043,799.0
Arkansas,Conway city,"Conway city, Arkansas",2022,67616,,458.0,61898,718.0
Arkansas,Fayetteville city,"Fayetteville city, Arkansas",2022,99288,,1554.0,52991,775.0
Arkansas,Fort Smith city,"Fort Smith city, Arkansas",2022,89981,,857.0,47669,598.0
Arkansas,Jonesboro city,"Jonesboro city, Arkansas",2022,79884,,803.0,61057,711.0
Arkansas,Little Rock city,"Little Rock city, Arkansas",2022,202851,11762.0,1260.0,55065,759.0
Arkansas,Rogers city,"Rogers city, Arkansas",2022,72996,,403.0,81770,998.0
Arkansas,Springdale city,"Springdale city, Arkansas",2022,85844,,586.0,59027,739.0
California,Alameda city,"Alameda city, California",2022,76039,,1919.0,131116,2063.0
California,Alhambra city,"Alhambra city, California",2022,80264,,906.0,72406,1628.0
California,Anaheim city,"Anaheim city, California",2022,344462,20455.0,3705.0,85133,1813.0
California,Antioch city,"Antioch city, California",2022,115268,6874.0,1296.0,100178,1806.0
California,Apple Valley town,"Apple Valley town, California",2022,75856,,1038.0,56187,1192.0
California,Arden-Arcade CDP,"Arden-Arcade CDP, California",2022,95936,,1922.0,71457,1362.0
California,Bakersfield city,"Bakersfield city, California",2022,410654,13312.0,4539.0,72017,1072.0
California,Baldwin Park city,"Baldwin Park city, California",2022,69450,,727.0,70418,1565.0
California,Bellflower city,"Bellflower city, California",2022,76405,,1187.0,74131,1616.0
California,Berkeley city,"Berkeley city, California",2022,118942,21643.0,981.0,94846,1876.0
California,Brentwood city,"Brentwood city, California",2022,66120,,647.0,132610,2319.0
California,Buena Park city,"Buena Park city, California",2022,82451,,975.0,102840,1830.0
California,Burbank city,"Burbank city, California",2022,103919,,4116.0,92581,1871.0
California,Camarillo city,"Camarillo city, California",2022,70287,,248.0,100594,2324.0
California,Carlsbad city,"Carlsbad city, California",2022,114161,,636.0,146596,2752.0
California,Carmichael CDP,"Carmichael CDP, California",2022,82145,,682.0,81823,1401.0
California,Carson city,"Carson city, California",2022,92391,3303.0,1252.0,98862,1674.0
California,Castro Valley CDP,"Castro Valley CDP, California",2022,66506,,207.0,133285,2401.0
California,Chico city,"Chico city, California",2022,101304,7580.0,1529.0,65021,1232.0
California,Chino Hills city,"Chino Hills city, California",2022,77923,,756.0,105978,2290.0
California,Chino city,"Chino city, California",2022,93149,,487.0,95721,2016.0
California,Chula Vista city,"Chula Vista city, California",2022,279158,17376.0,2581.0,101190,1879.0
California,Citrus Heights city,"Citrus Heights city, California",2022,86440,,1222.0,73923,1474.0
California,Clovis city,"Clovis city, California",2022,124546,,2091.0,100399,1328.0
California,Compton city,"Compton city, California",2022,91979,,1894.0,68355,1507.0
California,Concord city,"Concord city, California",2022,122616,9509.0,938.0,104523,1824.0
California,Corona city,"Corona city, California",2022,159534,,1343.0,99953,1994.0
California,Costa Mesa city,"Costa Mesa city, California",2022,109527,14039.0,911.0,103891,2244.0
California,Daly City city,"Daly City city, California",2022,99990,9942.0,710.0,109227,2257.0
California,Davis city,"Davis city, California",2022,67057,,907.0,67373,1865.0
California,Downey city,"Downey city, California",2022,109908,6502.0,1080.0,85089,1727.0
California,Dublin city,"Dublin city, California",2022,72061,,626.0,186892,2588.0
California,East Los Angeles CDP,"East Los Angeles CDP, California",2022,112965,3812.0,1116.0,64156,1245.0
California,Eastvale city,"Eastvale city, California",2022,71015,,152.0,144364,2689.0
California,El Cajon city,"El Cajon city, California",2022,104417,,3059.0,66045,1566.0
California,El Monte city,"El Monte city, California",2022,105307,1888.0,2357.0,59368,1410.0
California,Elk Grove city,"Elk Grove city, California",2022,177558,,2399.0,106572,1844.0
California,Escondido city,"Escondido city, California",2022,150258,11364.0,987.0,87664,1791.0
California,Fairfield city,"Fairfield city, California",2022,119333,7372.0,625.0,97467,1905.0
California,Folsom city,"Folsom city, California",2022,83273,,592.0,129045,2004.0
California,Fontana city,"Fontana city, California",2022,212448,11176.0,2142.0,93581,1500.0
California,Fremont city,"Fremont city, California",2022,223859,39339.0,2123.0,162336,2626.0
California,Fresno city,"Fresno city, California",2022,545564,28525.0,12753.0,64196,1087.0
California,Fullerton city,"Fullerton city, California",2022,140552,10707.0,1428.0,97004,1914.0
California,Garden Grove city,"Garden Grove city, California",2022,169265,10049.0,2004.0,86975,1873.0
California,Glendale city,"Glendale city, California",2022,189228,19094.0,2962.0,77483,1842.0
California,Hawthorne city,"Hawthorne city, California",2022,84564,3996.0,1536.0,73515,1535.0
California,Hayward city,"Hayward city, California",2022,156773,10542.0,2567.0,101199,1986.0
California,Hemet city,"Hemet city, California",2022,90688,,2226.0,54156,1237.0
California,Hesperia city,"Hesperia city, California",2022,100766,,1229.0,73821,1183.0
California,Huntington Beach city,"Huntington Beach city, California",2022,194306,20927.0,2269.0,111122,2296.0
California,Indio city,"Indio city, California",2022,91991,,1785.0,79372,1177.0
California,Inglewood city,"Inglewood city, California",2022,103628,4894.0,1426.0,62601,1583.0
California,Irvine city,"Irvine city, California",2022,313705,44608.0,4528.0,123003,2624.0
California,Jurupa Valley city,"Jurupa Valley city, California",2022,107603,3231.0,698.0,92883,1440.0
California,Lake Elsinore city,"Lake Elsinore city, California",2022,71905,,1521.0,91479,1378.0
California,Lake Forest city,"Lake Forest city, California",2022,85635,,492.0,128033,2359.0
California,Lakewood city,"Lakewood city, California",2022,79042,,650.0,109309,2092.0
California,Lancaster city,"Lancaster city, California",2022,169192,6703.0,2780.0,79113,1438.0
California,Livermore city,"Livermore city, California",2022,84722,,483.0,145919,2058.0
California,Lodi city,"Lodi city, California",2022,67273,,747.0,88440,1244.0
California,Long Beach city,"Long Beach city, California",2022,451319,34015.0,7499.0,80493,1643.0
California,Los Angeles city,"Los Angeles city, California",2022,3822224,384360.0,71334.0,76135,1648.0
California,Lynwood city,"Lynwood city, California",2022,64081,,559.0,64481,1435.0
California,Madera city,"Madera city, California",2022,68042,,1760.0,67454,1023.0
California,Manteca city,"Manteca city, California",2022,86940,,349.0,83380,1635.0
California,Menifee city,"Menifee city, California",2022,109399,,1272.0,86206,1574.0
California,Merced city,"Merced city, California",2022,91572,,2373.0,64160,1045.0
California,Milpitas city,"Milpitas city, California",2022,77744,,1186.0,169818,2870.0
California,Mission Viejo city,"Mission Viejo city, California",2022,91775,,831.0,126469,2422.0
California,Modesto city,"Modesto city, California",2022,218071,7302.0,2912.0,73275,1299.0
California,Moreno Valley city,"Moreno Valley city, California",2022,211915,7786.0,1538.0,86909,1712.0
California,Mountain View city,"Mountain View city, California",2022,81058,13423.0,688.0,165448,2579.0
California,Murrieta city,"Murrieta city, California",2022,113774,,885.0,106709,1905.0
California,Napa city,"Napa city, California",2022,78308,,516.0,94248,1913.0
California,Newport Beach city,"Newport Beach city, California",2022,83981,,237.0,127353,2807.0
California,Norwalk city,"Norwalk city, California",2022,98537,5355.0,1471.0,94851,1721.0
California,Oakland city,"Oakland city, California",2022,430531,70598.0,10865.0,93146,1741.0
California,Oceanside city,"Oceanside city, California",2022,172190,15470.0,1248.0,83271,1947.0
California,Ontario city,"Ontario city, California",2022,179062,8383.0,2263.0,79129,1740.0
California,Orange city,"Orange city, California",2022,136175,11832.0,1232.0,105572,1892.0
California,Oxnard city,"Oxnard city, California",2022,200437,7448.0,1576.0,84941,1876.0
California,Palmdale city,"Palmdale city, California",2022,163455,7277.0,3030.0,90330,1383.0
California,Palo Alto city,"Palo Alto city, California",2022,66021,,225.0,179707,2920.0
California,Pasadena city,"Pasadena city, California",2022,134214,19868.0,1900.0,95134,1886.0
California,Perris city,"Perris city, California",2022,80258,,1410.0,80234,1460.0
California,Pittsburg city,"Pittsburg city, California",2022,77585,,878.0,88842,1918.0
California,Pleasanton city,"Pleasanton city, California",2022,76689,,577.0,183969,2642.0
California,Pomona city,"Pomona city, California",2022,146015,6387.0,1112.0,77609,1519.0
California,Rancho Cordova city,"Rancho Cordova city, California",2022,80594,,903.0,82178,1475.0
California,Rancho Cucamonga city,"Rancho Cucamonga city, California",2022,176359,12721.0,1516.0,108345,2057.0
California,Redding city,"Redding city, California",2022,92896,,871.0,68551,934.0
California,Redlands city,"Redlands city, California",2022,73853,,755.0,92787,1687.0
California,Redondo Beach city,"Redondo Beach city, California",2022,68908,,617.0,140786,2463.0
California,Redwood City city,"Redwood City city, California",2022,80529,10799.0,344.0,137512,2556.0
California,Rialto city,"Rialto city, California",2022,103564,,1814.0,85585,1462.0
California,Richmond city,"Richmond city, California",2022,114287,7087.0,1031.0,88594,1601.0
California,Riverside city,"Riverside city, California",2022,320785,15984.0,4008.0,81228,1552.0
California,Rocklin city,"Rocklin city, California",2022,73850,,236.0,119436,1895.0
California,Roseville city,"Roseville city, California",2022,154826,,1960.0,100739,1946.0
California,Sacramento city,"Sacramento city, California",2022,528026,49757.0,7105.0,80254,1473.0
California,Salinas city,"Salinas city, California",2022,161019,3384.0,1214.0,80560,1713.0
California,San Bernardino city,"San Bernardino city, California",2022,220314,5371.0,4973.0,62801,1172.0
California,San Buenaventura (Ventura) city,"San Buenaventura (Ventura) city, California",2022,109528,8494.0,1532.0,100073,1906.0
California,San Diego city,"San Diego city, California",2022,1381182,152868.0,13560.0,100010,1971.0
California,San Francisco city,"San Francisco city, California",2022,808437,151314.0,12993.0,136692,2226.0
California,San Jose city,"San Jose city, California",2022,971265,103141.0,10140.0,133835,2301.0
California,San Leandro city,"San Leandro city, California",2022,86761,7441.0,1214.0,92651,1893.0
California,San Marcos city,"San Marcos city, California",2022,94855,,517.0,103595,1837.0
California,San Mateo city,"San Mateo city, California",2022,100996,14982.0,747.0,159275,2792.0
California,San Ramon city,"San Ramon city, California",2022,85959,,536.0,192291,2649.0
California,Santa Ana city,"Santa Ana city, California",2022,308203,11347.0,2482.0,79351,1800.0
California,Santa Barbara city,"Santa Barbara city, California",2022,87519,7883.0,1479.0,104001,2159.0
California,Santa Clara city,"Santa Clara city, California",2022,126920,19734.0,965.0,158614,2694.0
California,Santa Clarita city,"Santa Clarita city, California",2022,221362,19274.0,2219.0,111236,2156.0
California,Santa Maria city,"Santa Maria city, California",2022,110124,3089.0,1077.0,81447,1633.0
California,Santa Monica city,"Santa Monica city, California",2022,89951,,1292.0,110030,2061.0
California,Santa Rosa city,"Santa Rosa city, California",2022,177185,9736.0,2035.0,95403,1701.0
California,Simi Valley city,"Simi Valley city, California",2022,124395,,809.0,113992,2154.0
California,South Gate city,"South Gate city, California",2022,90935,3460.0,989.0,70939,1326.0
California,Stockton city,"Stockton city, California",2022,321796,11369.0,6231.0,76231,1215.0
California,Sunnyvale city,"Sunnyvale city, California",2022,153076,26056.0,1224.0,169781,2592.0
California,Temecula city,"Temecula city, California",2022,111763,,1089.0,113168,1960.0
California,Thousand Oaks city,"Thousand Oaks city, California",2022,124257,,1079.0,124811,2210.0
California,Torrance city,"Torrance city, California",2022,141127,12776.0,1462.0,108406,1986.0
California,Tracy city,"Tracy city, California",2022,97328,7291.0,773.0,113083,1980.0
California,Tulare city,"Tulare city, California",2022,70690,,904.0,58586,973.0
California,Turlock city,"Turlock city, California",2022,72307,,794.0,76031,1341.0
California,Tustin city,"Tustin city, California",2022,78412,,692.0,104427,2105.0
California,Union City city,"Union City city, California",2022,67049,,721.0,148460,2305.0
California,Upland city,"Upland city, California",2022,78851,,1101.0,97838,1702.0
California,Vacaville city,"Vacaville city, California",2022,101898,,944.0,97289,1983.0
California,Vallejo city,"Vallejo city, California",2022,123583,8199.0,997.0,88063,1780.0
California,Victorville city,"Victorville city, California",2022,137224,,2739.0,69569,1334.0
California,Visalia city,"Visalia city, California",2022,143965,,2075.0,81362,1221.0
California,Vista city,"Vista city, California",2022,97766,,586.0,88839,1874.0
California,Walnut Creek city,"Walnut Creek city, California",2022,68969,8324.0,1244.0,106141,2205.0
California,West Covina city,"West Covina city, California",2022,105032,,2338.0,84663,1882.0
California,Westminster city,"Westminster city, California",2022,89399,,1334.0,85229,1943.0
California,Whittier city,"Whittier city, California",2022,84503,,481.0,91457,1636.0
California,Yorba Linda city,"Yorba Linda city, California",2022,67077,,285.0,151534,2454.0
California,Yuba City city,"Yuba City city, California",2022,69004,,1311.0,59588,1194.0
Colorado,Arvada city,"Arvada city, Colorado",2022,121672,,1015.0,110100,1850.0
Colorado,Aurora city,"Aurora city, Colorado",2022,393319,33912.0,4715.0,81395,1598.0
Colorado,Boulder city,"Boulder city, Colorado",2022,105482,19180.0,1347.0,81608,1700.0
Colorado,Broomfield city,"Broomfield city, Colorado",2022,76121,,509.0,115833,1846.0
Colorado,Castle Rock town,"Castle Rock town, Colorado",2022,80192,,309.0,142927,1653.0
Colorado,Centennial city,"Centennial city, Colorado",2022,105860,,983.0,126224,1767.0
Colorado,Colorado Springs city,"Colorado Springs city, Colorado",2022,486228,48261.0,4577.0,78568,1357.0
Colorado,Commerce City city,"Commerce City city, Colorado",2022,66116,,289.0,102607,1047.0
Colorado,Denver city,"Denver city, Colorado",2022,713252,115001.0,8880.0,88213,1623.0
Colorado,Fort Collins city,"Fort Collins city, Colorado",2022,169248,18756.0,1921.0,80227,1474.0
Colorado,Grand Junction city,"Grand Junction city, Colorado",2022,68054,,507.0,61458,1037.0
Colorado,Greeley city,"Greeley city, Colorado",2022,109203,4122.0,1431.0,69338,1121.0
Colorado,Highlands Ranch CDP,"Highlands Ranch CDP, Colorado",2022,103830,,450.0,152038,2239.0
Colorado,Lakewood city,"Lakewood city, Colorado",2022,156114,,987.0,85988,1566.0
Colorado,Longmont city,"Longmont city, Colorado",2022,100656,,811.0,89010,1631.0
Colorado,Loveland city,"Loveland city, Colorado",2022,77890,,988.0,81149,1476.0
Colorado,Pueblo city,"Pueblo city, Colorado",2022,111449,,2697.0,51697,808.0
Colorado,Thornton city,"Thornton city, Colorado",2022,143279,,779.0,105116,1686.0
Colorado,Westminster city,"Westminster city, Colorado",2022,114539,,685.0,101529,1582.0
Connecticut,Bridgeport city,"Bridgeport city, Connecticut",2022,148365,5100.0,1432.0,50311,1162.0
Connecticut,Danbury city,"Danbury city, Connecticut",2022,86971,,208.0,88132,1546.0
Connecticut,Hartford city,"Hartford city, Connecticut",2022,120682,,5706.0,41529,980.0
Connecticut,New Britain city,"New Britain city, Connecticut",2022,74408,,1300.0,50209,907.0
Connecticut,New Haven city,"New Haven city, Connecticut",2022,138909,9886.0,1769.0,53909,1214.0
Connecticut,Norwalk city,"Norwalk city, Connecticut",2022,91381,,400.0,107140,1688.0
Connecticut,Stamford city,"Stamford city, Connecticut",2022,136197,18759.0,1145.0,89797,1910.0
Connecticut,Waterbury city,"Waterbury city, Connecticut",2022,115009,3435.0,3579.0,51572,881.0
Delaware,Wilmington city,"Wilmington city, Delaware",2022,71568,,541.0,52768,941.0
District of Columbia,Washington city,"Washington city, District of Columbia",2022,671803,126259.0,12698.0,101027,1768.0
Florida,Alafaya CDP,"Alafaya CDP, Florida",2022,91249.0,,556.0,88731,1616.0
Florida,Boca Raton city,"Boca Raton city, Florida",2022,98997.0,8493.0,359.0,88620,2177.0
Florida,Boynton Beach city,"Boynton Beach city, Florida",2022,80866.0,,716.0,66472,1686.0
Florida,Brandon CDP,"Brandon CDP, Florida",2022,126628.0,,728.0,75294,1597.0
Florida,Cape Coral city,"Cape Coral city, Florida",2022,216984.0,,1115.0,76991,1595.0
Florida,Clearwater city,"Clearwater city, Florida",2022,117010.0,,1794.0,56474,1289.0
Florida,Coral Springs city,"Coral Springs city, Florida",2022,133365.0,,1077.0,85570,1752.0
Florida,Davie town,"Davie town, Florida",2022,106488.0,,547.0,79963,1776.0
Florida,Daytona Beach city,"Daytona Beach city, Florida",2022,77957.0,,1382.0,51881,1114.0
Florida,Deerfield Beach city,"Deerfield Beach city, Florida",2022,86781.0,,751.0,65465,1538.0
Florida,Delray Beach city,"Delray Beach city, Florida",2022,67035.0,,535.0,80000,1622.0
Florida,Deltona city,"Deltona city, Florida",2022,97285.0,,779.0,73115,1385.0
Florida,Doral city,"Doral city, Florida",2022,76999.0,,335.0,85790,2405.0
Florida,Fort Lauderdale city,"Fort Lauderdale city, Florida",2022,183156.0,20611.0,1002.0,81544,1658.0
Florida,Fort Myers city,"Fort Myers city, Florida",2022,95935.0,,1045.0,62981,1364.0
Florida,Four Corners CDP,"Four Corners CDP, Florida",2022,77430.0,,471.0,76295,1583.0
Florida,Gainesville city,"Gainesville city, Florida",2022,145212.0,10049.0,1715.0,42453,1068.0
Florida,Hialeah city,"Hialeah city, Florida",2022,220274.0,16971.0,5079.0,52674,1371.0
Florida,Hollywood city,"Hollywood city, Florida",2022,152662.0,9282.0,990.0,59917,1398.0
Florida,Homestead city,"Homestead city, Florida",2022,81559.0,,600.0,60530,1313.0
Florida,Jacksonville city,"Jacksonville city, Florida",2022,971315.0,84027.0,9599.0,69309,1230.0
Florida,Kendall CDP,"Kendall CDP, Florida",2022,80912.0,7006.0,454.0,89441,1681.0
Florida,Kissimmee city,"Kissimmee city, Florida",2022,80009.0,,799.0,44445,1238.0
Florida,Lakeland city,"Lakeland city, Florida",2022,120044.0,,1618.0,58524,1113.0
Florida,Largo city,"Largo city, Florida",2022,82474.0,,777.0,56408,1274.0
Florida,Lauderhill city,"Lauderhill city, Florida",2022,73637.0,,324.0,44755,1430.0
Florida,Lehigh Acres CDP,"Lehigh Acres CDP, Florida",2022,136910.0,,890.0,65816,1340.0
Florida,Melbourne city,"Melbourne city, Florida",2022,86439.0,,1129.0,64331,1251.0
Florida,Miami Beach city,"Miami Beach city, Florida",2022,80027.0,12378.0,2400.0,69258,1625.0
Florida,Miami Gardens city,"Miami Gardens city, Florida",2022,110491.0,,1187.0,61496,1411.0
Florida,Miami city,"Miami city, Florida",2022,449484.0,43131.0,5057.0,60989,1460.0
Florida,Miramar city,"Miramar city, Florida",2022,137208.0,,1011.0,80661,1672.0
Florida,North Port city,"North Port city, Florida",2022,85102.0,,538.0,78587,1653.0
Florida,Ocala city,"Ocala city, Florida",2022,65498.0,,269.0,44756,937.0
Florida,Orlando city,"Orlando city, Florida",2022,316086.0,30245.0,2408.0,65354,1425.0
Florida,Palm Bay city,"Palm Bay city, Florida",2022,129246.0,,1500.0,71645,1266.0
Florida,Palm Coast city,"Palm Coast city, Florida",2022,98411.0,,183.0,68434,1408.0
Florida,Palm Harbor CDP,"Palm Harbor CDP, Florida",2022,68005.0,,280.0,85256,1614.0
Florida,Pembroke Pines city,"Pembroke Pines city, Florida",2022,169875.0,,1501.0,79144,1777.0
Florida,Pine Hills CDP,"Pine Hills CDP, Florida",2022,72291.0,,814.0,43452,1150.0
Florida,Plantation city,"Plantation city, Florida",2022,96046.0,,625.0,82830,1830.0
Florida,Poinciana CDP,"Poinciana CDP, Florida",2022,75778.0,,604.0,59367,1563.0
Florida,Pompano Beach city,"Pompano Beach city, Florida",2022,112308.0,,1578.0,61037,1370.0
Florida,Port Charlotte CDP,"Port Charlotte CDP, Florida",2022,69625.0,,521.0,64195,1260.0
Florida,Port St. Lucie city,"Port St. Lucie city, Florida",2022,231804.0,,1384.0,70613,1472.0
Florida,Riverview CDP,"Riverview CDP, Florida",2022,114454.0,,902.0,98470,1657.0
Florida,Spring Hill CDP,"Spring Hill CDP, Florida",2022,125603.0,,1365.0,62670,1104.0
Florida,St. Petersburg city,"St. Petersburg city, Florida",2022,261245.0,29118.0,2798.0,69941,1387.0
Florida,Sunrise city,"Sunrise city, Florida",2022,96291.0,,645.0,74047,1837.0
Florida,Tallahassee city,"Tallahassee city, Florida",2022,201728.0,9105.0,819.0,53867,975.0
Florida,Tamarac city,"Tamarac city, Florida",2022,71915.0,,502.0,54574,1499.0
Florida,Tampa city,"Tampa city, Florida",2022,398160.0,44286.0,3114.0,71089,1444.0
Florida,The Villages CDP,"The Villages CDP, Florida",2022,,,234.0,75062,1775.0
Florida,Town 'n' Country CDP,"Town 'n' Country CDP, Florida",2022,87521.0,,358.0,65783,1466.0
Florida,Wesley Chapel CDP,"Wesley Chapel CDP, Florida",2022,81390.0,,202.0,102188,1733.0
Florida,West Palm Beach city,"West Palm Beach city, Florida",2022,120922.0,,1070.0,71138,1483.0
Florida,Weston city,"Weston city, Florida",2022,67676.0,,327.0,130462,2754.0
Georgia,Albany city,"Albany city, Georgia",2022,67922,,363.0,39422,624.0
Georgia,Alpharetta city,"Alpharetta city, Georgia",2022,67276,,236.0,129946,1806.0
Georgia,Athens-Clarke County unified government (balance),"Athens-Clarke County unified government (balance), Georgia",2022,127981,8672.0,953.0,46523,911.0
Georgia,Atlanta city,"Atlanta city, Georgia",2022,499121,82142.0,2416.0,83251,1477.0
Georgia,Augusta-Richmond County consolidated government (balance),"Augusta-Richmond County consolidated government (balance), Georgia",2022,202596,7657.0,2064.0,49838,787.0
Georgia,Columbus city,"Columbus city, Georgia",2022,202616,,2632.0,53750,807.0
Georgia,Johns Creek city,"Johns Creek city, Georgia",2022,82458,,343.0,149145,1838.0
Georgia,Macon-Bibb County,"Macon-Bibb County, Georgia",2022,156197,,1000.0,47625,787.0
Georgia,Roswell city,"Roswell city, Georgia",2022,92945,,185.0,130088,1607.0
Georgia,Sandy Springs city,"Sandy Springs city, Georgia",2022,107767,19936.0,782.0,104394,1582.0
Georgia,Savannah city,"Savannah city, Georgia",2022,147987,8606.0,503.0,53258,1005.0
Georgia,South Fulton city,"South Fulton city, Georgia",2022,111151,,686.0,84232,1280.0
Georgia,Warner Robins city,"Warner Robins city, Georgia",2022,81833,,0.0,57967,833.0
Hawaii,Urban Honolulu CDP,"Urban Honolulu CDP, Hawaii",2022,343437,17390.0,5260.0,82006,1516.0
Idaho,Boise City city,"Boise City city, Idaho",2022,236632,22357.0,2517.0,81425,1255.0
Idaho,Caldwell city,"Caldwell city, Idaho",2022,65925,,751.0,63939,1094.0
Idaho,Idaho Falls city,"Idaho Falls city, Idaho",2022,67718,,656.0,72007,861.0
Idaho,Meridian city,"Meridian city, Idaho",2022,129730,,1041.0,89683,1679.0
Idaho,Nampa city,"Nampa city, Idaho",2022,110932,,695.0,71060,1198.0
Illinois,Arlington Heights village,"Arlington Heights village, Illinois",2022,74207,,379.0,113970,1423.0
Illinois,Aurora city,"Aurora city, Illinois",2022,182336,15113.0,1523.0,84578,1195.0
Illinois,Bloomington city,"Bloomington city, Illinois",2022,78874,,405.0,67592,808.0
Illinois,Bolingbrook village,"Bolingbrook village, Illinois",2022,75444,,331.0,91928,1562.0
Illinois,Champaign city,"Champaign city, Illinois",2022,89245,,995.0,56148,889.0
Illinois,Chicago city,"Chicago city, Illinois",2022,2665064,288422.0,41302.0,70386,1161.0
Illinois,Cicero town,"Cicero town, Illinois",2022,81916,,267.0,67111,929.0
Illinois,Decatur city,"Decatur city, Illinois",2022,70396,,863.0,49714,566.0
Illinois,Elgin city,"Elgin city, Illinois",2022,109634,,1350.0,85167,1007.0
Illinois,Evanston city,"Evanston city, Illinois",2022,75538,11516.0,682.0,97144,1448.0
Illinois,Joliet city,"Joliet city, Illinois",2022,147696,,1105.0,86928,975.0
Illinois,Naperville city,"Naperville city, Illinois",2022,148508,20265.0,939.0,140831,1609.0
Illinois,Palatine village,"Palatine village, Illinois",2022,65428,,432.0,92621,1307.0
Illinois,Peoria city,"Peoria city, Illinois",2022,109221,,2145.0,55955,696.0
Illinois,Rockford city,"Rockford city, Illinois",2022,145835,6455.0,2981.0,53994,728.0
Illinois,Schaumburg village,"Schaumburg village, Illinois",2022,78285,,898.0,92666,1504.0
Illinois,Skokie village,"Skokie village, Illinois",2022,65503,,689.0,97059,1385.0
Illinois,Springfield city,"Springfield city, Illinois",2022,113331,,960.0,60082,698.0
Illinois,Waukegan city,"Waukegan city, Illinois",2022,86472,,640.0,64299,968.0
Indiana,Bloomington city,"Bloomington city, Indiana",2022,77358,,1359.0,47360,904.0
Indiana,Carmel city,"Carmel city, Indiana",2022,101286,,342.0,130332,1444.0
Indiana,Evansville city,"Evansville city, Indiana",2022,118521,,1950.0,48127,691.0
Indiana,Fishers city,"Fishers city, Indiana",2022,102152,,289.0,125159,1305.0
Indiana,Fort Wayne city,"Fort Wayne city, Indiana",2022,267436,12423.0,2608.0,58439,761.0
Indiana,Gary city,"Gary city, Indiana",2022,67742,,1630.0,36153,740.0
Indiana,Hammond city,"Hammond city, Indiana",2022,76562,,1092.0,53878,852.0
Indiana,Indianapolis city (balance),"Indianapolis city (balance), Indiana",2022,876564,62781.0,9393.0,61501,846.0
Indiana,Lafayette city,"Lafayette city, Indiana",2022,72326,,461.0,51439,830.0
Indiana,Muncie city,"Muncie city, Indiana",2022,65160,,758.0,40968,702.0
Indiana,Noblesville city,"Noblesville city, Indiana",2022,74262,,444.0,106025,1141.0
Indiana,South Bend city,"South Bend city, Indiana",2022,105984,3548.0,1278.0,51610,763.0
Iowa,Ames city,"Ames city, Iowa",2022,66950,3057.0,481.0,52565,814.0
Iowa,Ankeny city,"Ankeny city, Iowa",2022,72219,,72.0,103578,1134.0
Iowa,Cedar Rapids city,"Cedar Rapids city, Iowa",2022,136438,,334.0,64435,745.0
Iowa,Davenport city,"Davenport city, Iowa",2022,100491,,963.0,54630,782.0
Iowa,Des Moines city,"Des Moines city, Iowa",2022,210936,15006.0,3175.0,58018,873.0
Iowa,Iowa City city,"Iowa City city, Iowa",2022,75231,4776.0,0.0,55598,914.0
Iowa,Sioux City city,"Sioux City city, Iowa",2022,83215,,885.0,61836,784.0
Iowa,Waterloo city,"Waterloo city, Iowa",2022,66555,,571.0,52888,658.0
Iowa,West Des Moines city,"West Des Moines city, Iowa",2022,73965,,106.0,85731,1075.0
Kansas,Kansas City city,"Kansas City city, Kansas",2022,152561,,766.0,58233,797.0
Kansas,Lawrence city,"Lawrence city, Kansas",2022,95784,,404.0,59963,836.0
Kansas,Olathe city,"Olathe city, Kansas",2022,145597,,353.0,100972,1093.0
Kansas,Overland Park city,"Overland Park city, Kansas",2022,197747,,312.0,96694,1194.0
Kansas,Shawnee city,"Shawnee city, Kansas",2022,69220,,124.0,101063,1027.0
Kansas,Topeka city,"Topeka city, Kansas",2022,125464,,1425.0,50709,670.0
Kansas,Wichita city,"Wichita city, Kansas",2022,396205,13266.0,3279.0,59277,709.0
Kentucky,Bowling Green city,"Bowling Green city, Kentucky",2022,74929,,806.0,45812,772.0
Kentucky,Lexington-Fayette urban county,"Lexington-Fayette urban county, Kentucky",2022,320347,19417.0,2640.0,62908,878.0
Kentucky,Louisville/Jefferson County metro government (balance),"Louisville/Jefferson County metro government (balance), Kentucky",2022,624450,43297.0,4615.0,63049,840.0
Louisiana,Baton Rouge city,"Baton Rouge city, Louisiana",2022,221451,8476.0,1224.0,50304,832.0
Louisiana,Kenner city,"Kenner city, Louisiana",2022,63991,,201.0,56906,934.0
Louisiana,Lafayette city,"Lafayette city, Louisiana",2022,121367,,913.0,50504,875.0
Louisiana,Lake Charles city,"Lake Charles city, Louisiana",2022,79106,,386.0,56666,915.0
Louisiana,Metairie CDP,"Metairie CDP, Louisiana",2022,144729,,1061.0,74528,976.0
Louisiana,New Orleans city,"New Orleans city, Louisiana",2022,369749,23881.0,2953.0,52322,948.0
Louisiana,Shreveport city,"Shreveport city, Louisiana",2022,179551,,737.0,43643,717.0
Maryland,Baltimore city,"Baltimore city, Maryland",2022,569931,48227.0,13879.0,55198,1043.0
Maryland,Bethesda CDP,"Bethesda CDP, Maryland",2022,68522,,230.0,158720,2039.0
Maryland,Columbia CDP,"Columbia CDP, Maryland",2022,101734,,275.0,120675,1751.0
Maryland,Dundalk CDP,"Dundalk CDP, Maryland",2022,66537,,1843.0,50648,1191.0
Maryland,Ellicott City CDP,"Ellicott City CDP, Maryland",2022,73239,,437.0,165588,2008.0
Maryland,Frederick city,"Frederick city, Maryland",2022,82169,,1118.0,94767,1514.0
Maryland,Gaithersburg city,"Gaithersburg city, Maryland",2022,68952,,227.0,95453,1770.0
Maryland,Germantown CDP,"Germantown CDP, Maryland",2022,93203,,1514.0,108426,1555.0
Maryland,Glen Burnie CDP,"Glen Burnie CDP, Maryland",2022,71182,,779.0,77666,1274.0
Maryland,Rockville city,"Rockville city, Maryland",2022,66915,11075.0,709.0,106338,1954.0
Maryland,Silver Spring CDP,"Silver Spring CDP, Maryland",2022,75313,12031.0,692.0,81557,1620.0
Maryland,Waldorf CDP,"Waldorf CDP, Maryland",2022,84642,,706.0,107462,1734.0
Massachusetts,Boston city,"Boston city, Massachusetts",2022,649768,75823.0,10831.0,86331,1814.0
Massachusetts,Brockton city,"Brockton city, Massachusetts",2022,104833,,1955.0,74799,1292.0
Massachusetts,Cambridge city,"Cambridge city, Massachusetts",2022,118489,21085.0,1102.0,109358,2330.0
Massachusetts,Fall River city,"Fall River city, Massachusetts",2022,93689,,2603.0,46789,815.0
Massachusetts,Framingham city,"Framingham city, Massachusetts",2022,70947,5451.0,505.0,89494,1645.0
Massachusetts,Haverhill city,"Haverhill city, Massachusetts",2022,67151,,500.0,85561,1408.0
Massachusetts,Lawrence city,"Lawrence city, Massachusetts",2022,87952,,2441.0,60632,1319.0
Massachusetts,Lowell city,"Lowell city, Massachusetts",2022,113594,,2857.0,72349,1303.0
Massachusetts,Lynn city,"Lynn city, Massachusetts",2022,100892,3975.0,1837.0,62374,1288.0
Massachusetts,Malden city,"Malden city, Massachusetts",2022,64718,6322.0,537.0,99497,1887.0
Massachusetts,Medford city,"Medford city, Massachusetts",2022,65412,,1172.0,113253,2059.0
Massachusetts,New Bedford city,"New Bedford city, Massachusetts",2022,100676,,2063.0,53024,858.0
Massachusetts,Newton city,"Newton city, Massachusetts",2022,87382,,499.0,163074,2063.0
Massachusetts,Quincy city,"Quincy city, Massachusetts",2022,101716,,1680.0,90205,1759.0
Massachusetts,Somerville city,"Somerville city, Massachusetts",2022,79761,18072.0,802.0,124110,2062.0
Massachusetts,Springfield city,"Springfield city, Massachusetts",2022,154058,5804.0,2940.0,44286,849.0
Massachusetts,Worcester city,"Worcester city, Massachusetts",2022,205317,11362.0,4414.0,61935,1146.0
Michigan,Ann Arbor city,"Ann Arbor city, Michigan",2022,119871,16282.0,1284.0,78740,1381.0
Michigan,Dearborn city,"Dearborn city, Michigan",2022,107712,,1091.0,58467,1072.0
Michigan,Detroit city,"Detroit city, Michigan",2022,620410,25103.0,13364.0,36453,735.0
Michigan,Farmington Hills city,"Farmington Hills city, Michigan",2022,82738,,1146.0,104593,1324.0
Michigan,Flint city,"Flint city, Michigan",2022,79865,,1382.0,33036,573.0
Michigan,Grand Rapids city,"Grand Rapids city, Michigan",2022,196904,14401.0,2566.0,65660,1117.0
Michigan,Kalamazoo city,"Kalamazoo city, Michigan",2022,72883,,370.0,43509,908.0
Michigan,Lansing city,"Lansing city, Michigan",2022,112963,,3455.0,48962,773.0
Michigan,Livonia city,"Livonia city, Michigan",2022,93786,,544.0,92125,1028.0
Michigan,Novi city,"Novi city, Michigan",2022,66375,,219.0,101756,1657.0
Michigan,Rochester Hills city,"Rochester Hills city, Michigan",2022,75947,,175.0,107137,1334.0
Michigan,Southfield city,"Southfield city, Michigan",2022,75454,,2139.0,65316,1034.0
Michigan,Sterling Heights city,"Sterling Heights city, Michigan",2022,132554,,1000.0,78049,1056.0
Michigan,Troy city,"Troy city, Michigan",2022,87182,,778.0,109444,1248.0
Michigan,Warren city,"Warren city, Michigan",2022,137111,,1640.0,60285,924.0
Michigan,Westland city,"Westland city, Michigan",2022,84023,,1675.0,56630,927.0
Michigan,Wyoming city,"Wyoming city, Michigan",2022,76730,,764.0,64499,941.0
Minnesota,Blaine city,"Blaine city, Minnesota",2022,71738,,412.0,105987,1343.0
Minnesota,Bloomington city,"Bloomington city, Minnesota",2022,87799,,633.0,87282,1348.0
Minnesota,Brooklyn Park city,"Brooklyn Park city, Minnesota",2022,83319,,1954.0,80275,1067.0
Minnesota,Duluth city,"Duluth city, Minnesota",2022,86615,5401.0,1563.0,59583,922.0
Minnesota,Eagan city,"Eagan city, Minnesota",2022,67526,,871.0,97838,1404.0
Minnesota,Lakeville city,"Lakeville city, Minnesota",2022,74551,,1058.0,124452,1462.0
Minnesota,Maple Grove city,"Maple Grove city, Minnesota",2022,70588,,585.0,111829,1627.0
Minnesota,Minneapolis city,"Minneapolis city, Minnesota",2022,425104,59021.0,10628.0,74473,1159.0
Minnesota,Plymouth city,"Plymouth city, Minnesota",2022,78669,,659.0,106858,1489.0
Minnesota,Rochester city,"Rochester city, Minnesota",2022,121894,9125.0,1662.0,81198,1096.0
Minnesota,St. Cloud city,"St. Cloud city, Minnesota",2022,69813,,2267.0,55803,928.0
Minnesota,St. Paul city,"St. Paul city, Minnesota",2022,303160,29896.0,5815.0,67725,1120.0
Minnesota,Woodbury city,"Woodbury city, Minnesota",2022,78560,,345.0,117201,1672.0
Mississippi,Gulfport city,"Gulfport city, Mississippi",2022,72228,,535.0,43047,792.0
Mississippi,Jackson city,"Jackson city, Mississippi",2022,146019,,1375.0,40631,762.0
Missouri,Columbia city,"Columbia city, Missouri",2022,128545,,308.0,58067,809.0
Missouri,Independence city,"Independence city, Missouri",2022,121211,,1109.0,53082,783.0
Missouri,Kansas City city,"Kansas City city, Missouri",2022,509247,49862.0,7167.0,62175,959.0
Missouri,Lee's Summit city,"Lee's Summit city, Missouri",2022,104336,,485.0,89140,1095.0
Missouri,O'Fallon city,"O'Fallon city, Missouri",2022,93648,,342.0,105240,1161.0
Missouri,Springfield city,"Springfield city, Missouri",2022,170062,8821.0,1411.0,45400,736.0
Missouri,St. Charles city,"St. Charles city, Missouri",2022,71190,,211.0,85798,962.0
Missouri,St. Joseph city,"St. Joseph city, Missouri",2022,70682,,1307.0,53012,622.0
Missouri,St. Louis city,"St. Louis city, Missouri",2022,286578,26543.0,4508.0,52847,744.0
Montana,Billings city,"Billings city, Montana",2022,119969,4241.0,851.0,77711,981.0
Montana,Missoula city,"Missoula city, Montana",2022,76960,5720.0,585.0,59590,967.0
Nebraska,Lincoln city,"Lincoln city, Nebraska",2022,292623,18333.0,2999.0,62391,880.0
Nebraska,Omaha city,"Omaha city, Nebraska",2022,485146,38100.0,4527.0,67450,931.0
Nevada,Enterprise CDP,"Enterprise CDP, Nevada",2022,231446,16958.0,2697.0,90005,1632.0
Nevada,Henderson city,"Henderson city, Nevada",2022,331408,30733.0,3292.0,81695,1567.0
Nevada,Las Vegas city,"Las Vegas city, Nevada",2022,656302,39152.0,8036.0,68905,1277.0
Nevada,North Las Vegas city,"North Las Vegas city, Nevada",2022,280539,11717.0,4289.0,75459,1356.0
Nevada,Paradise CDP,"Paradise CDP, Nevada",2022,183321,11800.0,3244.0,55578,1177.0
Nevada,Reno city,"Reno city, Nevada",2022,273447,13884.0,3387.0,72103,1310.0
Nevada,Sparks city,"Sparks city, Nevada",2022,109227,5899.0,901.0,81512,1448.0
Nevada,Spring Valley CDP,"Spring Valley CDP, Nevada",2022,220707,16228.0,2429.0,66959,1444.0
Nevada,Sunrise Manor CDP,"Sunrise Manor CDP, Nevada",2022,204985,6426.0,2881.0,58130,1086.0
New Hampshire,Manchester city,"Manchester city, New Hampshire",2022,115141,,871.0,74769,1235.0
New Hampshire,Nashua city,"Nashua city, New Hampshire",2022,91162,,638.0,96911,1483.0
New Jersey,Bayonne city,"Bayonne city, New Jersey",2022,69527,4854.0,1027.0,79363,1302.0
New Jersey,Camden city,"Camden city, New Jersey",2022,70998,922.0,1963.0,37075,873.0
New Jersey,Clifton city,"Clifton city, New Jersey",2022,88722,,1060.0,95147,1368.0
New Jersey,East Orange city,"East Orange city, New Jersey",2022,68445,,1507.0,43527,1074.0
New Jersey,Elizabeth city,"Elizabeth city, New Jersey",2022,134274,3538.0,1403.0,64113,1240.0
New Jersey,Jersey City city,"Jersey City city, New Jersey",2022,286661,40498.0,4406.0,94080,1738.0
New Jersey,Lakewood CDP,"Lakewood CDP, New Jersey",2022,74485,,445.0,59460,1381.0
New Jersey,Newark city,"Newark city, New Jersey",2022,305339,8409.0,4487.0,49688,1126.0
New Jersey,Passaic city,"Passaic city, New Jersey",2022,69121,2443.0,1390.0,51551,1203.0
New Jersey,Paterson city,"Paterson city, New Jersey",2022,156639,3045.0,3354.0,47373,1227.0
New Jersey,Toms River CDP,"Toms River CDP, New Jersey",2022,95021,,1004.0,92295,1300.0
New Jersey,Trenton city,"Trenton city, New Jersey",2022,89658,,1678.0,52508,965.0
New Jersey,Union City city,"Union City city, New Jersey",2022,65365,3447.0,1093.0,58020,1199.0
New Mexico,Albuquerque city,"Albuquerque city, New Mexico",2022,561006,41245.0,9283.0,64757,918.0
New Mexico,Las Cruces city,"Las Cruces city, New Mexico",2022,113881,,2906.0,50372,731.0
New Mexico,Rio Rancho city,"Rio Rancho city, New Mexico",2022,108072,,803.0,85374,1267.0
New Mexico,Santa Fe city,"Santa Fe city, New Mexico",2022,89001,7013.0,1168.0,68793,1233.0
New York,Albany city,"Albany city, New York",2022,100832,,1966.0,51386,914.0
New York,Buffalo city,"Buffalo city, New York",2022,276491,16938.0,5742.0,48904,797.0
New York,Cheektowaga CDP,"Cheektowaga CDP, New York",2022,75261,,918.0,59167,900.0
New York,Mount Vernon city,"Mount Vernon city, New York",2022,71717,3310.0,2091.0,68075,1341.0
New York,New Rochelle city,"New Rochelle city, New York",2022,82292,7770.0,214.0,102682,1598.0
New York,New York city,"New York city, New York",2022,8335897,634778.0,197498.0,74694,1573.0
New York,Rochester city,"Rochester city, New York",2022,209325,10759.0,6276.0,43631,859.0
New York,Schenectady city,"Schenectady city, New York",2022,68810,,1206.0,55465,856.0
New York,Syracuse city,"Syracuse city, New York",2022,144459,7379.0,3350.0,45179,775.0
New York,Yonkers city,"Yonkers city, New York",2022,208112,7081.0,3861.0,67456,1472.0
North Carolina,Apex town,"Apex town, North Carolina",2022,71064,,317.0,126583,1596.0
North Carolina,Asheville city,"Asheville city, North Carolina",2022,93782,,793.0,64548,1132.0
North Carolina,Cary town,"Cary town, North Carolina",2022,179256,,858.0,125414,1420.0
North Carolina,Charlotte city,"Charlotte city, North Carolina",2022,897720,152076.0,3843.0,74401,1334.0
North Carolina,Concord city,"Concord city, North Carolina",2022,109898,,1392.0,77573,1119.0
North Carolina,Durham city,"Durham city, North Carolina",2022,291844,36328.0,2038.0,78105,1246.0
North Carolina,Fayetteville city,"Fayetteville city, North Carolina",2022,208888,,1491.0,56685,942.0
North Carolina,Gastonia city,"Gastonia city, North Carolina",2022,82666,,976.0,58745,882.0
North Carolina,Greensboro city,"Greensboro city, North Carolina",2022,301118,19986.0,2919.0,55120,915.0
North Carolina,Greenville city,"Greenville city, North Carolina",2022,89222,,345.0,50120,765.0
North Carolina,High Point city,"High Point city, North Carolina",2022,114339,,1395.0,63930,903.0
North Carolina,Jacksonville city,"Jacksonville city, North Carolina",2022,70433,,884.0,50930,1097.0
North Carolina,Raleigh city,"Raleigh city, North Carolina",2022,477084,64845.0,2031.0,75424,1309.0
North Carolina,Wilmington city,"Wilmington city, North Carolina",2022,120320,,1006.0,63835,1154.0
North Carolina,Winston-Salem city,"Winston-Salem city, North Carolina",2022,251343,16733.0,1572.0,54195,840.0
North Dakota,Bismarck city,"Bismarck city, North Dakota",2022,74444,,1014.0,74247,822.0
North Dakota,Fargo city,"Fargo city, North Dakota",2022,133879,,516.0,59698,815.0
Ohio,Akron city,"Akron city, Ohio",2022,188498,9436.0,2492.0,45534,721.0
Ohio,Canton city,"Canton city, Ohio",2022,69666,,1007.0,40711,613.0
Ohio,Cincinnati city,"Cincinnati city, Ohio",2022,309536,24152.0,4192.0,48130,777.0
Ohio,Cleveland city,"Cleveland city, Ohio",2022,361654,18439.0,6243.0,37351,705.0
Ohio,Columbus city,"Columbus city, Ohio",2022,908372,88381.0,8060.0,61727,1005.0
Ohio,Dayton city,"Dayton city, Ohio",2022,135938,5171.0,1874.0,43780,612.0
Ohio,Lorain city,"Lorain city, Ohio",2022,65366,,795.0,46592,643.0
Ohio,Parma city,"Parma city, Ohio",2022,79356,,992.0,65105,839.0
Ohio,Toledo city,"Toledo city, Ohio",2022,266289,6627.0,5130.0,47365,673.0
Oklahoma,Broken Arrow city,"Broken Arrow city, Oklahoma",2022,120448,,600.0,79075,1021.0
Oklahoma,Edmond city,"Edmond city, Oklahoma",2022,96304,,228.0,102896,1092.0
Oklahoma,Lawton city,"Lawton city, Oklahoma",2022,91553,,838.0,50969,711.0
Oklahoma,Norman city,"Norman city, Oklahoma",2022,129624,,2043.0,61030,806.0
Oklahoma,Oklahoma City city,"Oklahoma City city, Oklahoma",2022,694768,40368.0,7655.0,63713,833.0
Oklahoma,Tulsa city,"Tulsa city, Oklahoma",2022,413142,21190.0,5873.0,54040,802.0
Oregon,Beaverton city,"Beaverton city, Oregon",2022,97064,,1285.0,82916,1533.0
Oregon,Bend city,"Bend city, Oregon",2022,103263,,972.0,88516,1598.0
Oregon,Eugene city,"Eugene city, Oregon",2022,177930,14440.0,3092.0,61288,1142.0
Oregon,Gresham city,"Gresham city, Oregon",2022,111634,,2744.0,71006,1271.0
Oregon,Hillsboro city,"Hillsboro city, Oregon",2022,107319,16324.0,1392.0,103170,1666.0
Oregon,Medford city,"Medford city, Oregon",2022,85556,,1440.0,67303,1129.0
Oregon,Portland city,"Portland city, Oregon",2022,635296,101430.0,15026.0,81119,1369.0
Oregon,Salem city,"Salem city, Oregon",2022,177490,11428.0,2691.0,70220,1150.0
Pennsylvania,Allentown city,"Allentown city, Pennsylvania",2022,125105,,4410.0,55949,1025.0
Pennsylvania,Bethlehem city,"Bethlehem city, Pennsylvania",2022,78854,,2033.0,61786,1043.0
Pennsylvania,Erie city,"Erie city, Pennsylvania",2022,93517,,3019.0,43839,621.0
Pennsylvania,Philadelphia city,"Philadelphia city, Pennsylvania",2022,1567258,143519.0,39347.0,56517,1073.0
Pennsylvania,Pittsburgh city,"Pittsburgh city, Pennsylvania",2022,302905,35888.0,4421.0,63380,981.0
Pennsylvania,Reading city,"Reading city, Pennsylvania",2022,94860,1690.0,2663.0,43496,822.0
Pennsylvania,Scranton city,"Scranton city, Pennsylvania",2022,75838,,1632.0,48279,760.0
Rhode Island,Cranston city,"Cranston city, Rhode Island",2022,82432,,1658.0,76892,993.0
Rhode Island,Pawtucket city,"Pawtucket city, Rhode Island",2022,75057,,1274.0,63173,922.0
Rhode Island,Providence city,"Providence city, Rhode Island",2022,189575,15067.0,5084.0,64184,1195.0
Rhode Island,Warwick city,"Warwick city, Rhode Island",2022,83024,,1598.0,77898,1049.0
South Carolina,Charleston city,"Charleston city, South Carolina",2022,153743,18015.0,678.0,83103,1549.0
South Carolina,Columbia city,"Columbia city, South Carolina",2022,139343,,526.0,56175,975.0
South Carolina,Greenville city,"Greenville city, South Carolina",2022,72310,,510.0,67340,1035.0
South Carolina,Mount Pleasant town,"Mount Pleasant town, South Carolina",2022,94550,,351.0,114237,1710.0
South Carolina,North Charleston city,"North Charleston city, South Carolina",2022,118604,,519.0,62091,1123.0
South Carolina,Rock Hill city,"Rock Hill city, South Carolina",2022,75361,,706.0,62589,1017.0
South Dakota,Rapid City city,"Rapid City city, South Dakota",2022,78833,,704.0,59397,898.0
South Dakota,Sioux Falls city,"Sioux Falls city, South Dakota",2022,202090,13282.0,1279.0,71246,866.0
Tennessee,Chattanooga city,"Chattanooga city, Tennessee",2022,184071,,922.0,64340,1009.0
Tennessee,Clarksville city,"Clarksville city, Tennessee",2022,176977,,1774.0,63723,1011.0
Tennessee,Franklin city,"Franklin city, Tennessee",2022,86904,,256.0,108354,1793.0
Tennessee,Jackson city,"Jackson city, Tennessee",2022,68381,,308.0,50466,804.0
Tennessee,Johnson City city,"Johnson City city, Tennessee",2022,71444,,580.0,55228,777.0
Tennessee,Knoxville city,"Knoxville city, Tennessee",2022,195871,13081.0,1707.0,52826,889.0
Tennessee,Memphis city,"Memphis city, Tennessee",2022,621050,30376.0,4176.0,50622,817.0
Tennessee,Murfreesboro city,"Murfreesboro city, Tennessee",2022,162402,,1307.0,70160,1154.0
Tennessee,Nashville-Davidson metropolitan government (balance),"Nashville-Davidson metropolitan government (balance), Tennessee",2022,683639,85001.0,4204.0,71767,1313.0
Texas,Abilene city,"Abilene city, Texas",2022,128149,,386.0,61694,905.0
Texas,Allen city,"Allen city, Texas",2022,111548,,419.0,121127,1630.0
Texas,Amarillo city,"Amarillo city, Texas",2022,203477,6272.0,1919.0,62260,833.0
Texas,Arlington city,"Arlington city, Texas",2022,394573,31948.0,2072.0,70433,1162.0
Texas,Atascocita CDP,"Atascocita CDP, Texas",2022,107626,,300.0,107633,1729.0
Texas,Austin city,"Austin city, Texas",2022,975335,181680.0,6663.0,89415,1437.0
Texas,Baytown city,"Baytown city, Texas",2022,86203,,320.0,60787,1021.0
Texas,Beaumont city,"Beaumont city, Texas",2022,112090,,1323.0,57944,818.0
Texas,Brownsville city,"Brownsville city, Texas",2022,189381,,1951.0,46912,704.0
Texas,Bryan city,"Bryan city, Texas",2022,87793,,1135.0,59771,887.0
Texas,Carrollton city,"Carrollton city, Texas",2022,133240,,222.0,92734,1408.0
Texas,Cedar Park city,"Cedar Park city, Texas",2022,80212,,130.0,114735,1661.0
Texas,College Station city,"College Station city, Texas",2022,124326,9894.0,195.0,51228,957.0
Texas,Conroe city,"Conroe city, Texas",2022,101414,,726.0,65728,1059.0
Texas,Corpus Christi city,"Corpus Christi city, Texas",2022,316228,7204.0,2776.0,60958,963.0
Texas,Dallas city,"Dallas city, Texas",2022,1299553,110249.0,12302.0,65400,1208.0
Texas,Denton city,"Denton city, Texas",2022,150357,10866.0,548.0,71711,1136.0
Texas,Edinburg city,"Edinburg city, Texas",2022,104302,,822.0,50964,757.0
Texas,El Paso city,"El Paso city, Texas",2022,677469,27988.0,5360.0,52645,826.0
Texas,Flower Mound town,"Flower Mound town, Texas",2022,77947,,77.0,144901,1793.0
Texas,Fort Worth city,"Fort Worth city, Texas",2022,961160,72190.0,6064.0,71527,1182.0
Texas,Frisco city,"Frisco city, Texas",2022,219571,,561.0,145914,1679.0
Texas,Garland city,"Garland city, Texas",2022,240667,15664.0,824.0,71191,1257.0
Texas,Georgetown city,"Georgetown city, Texas",2022,86505,,231.0,97533,1790.0
Texas,Grand Prairie city,"Grand Prairie city, Texas",2022,201791,,2562.0,72271,1216.0
Texas,Harlingen city,"Harlingen city, Texas",2022,71669,,1298.0,50166,724.0
Texas,Houston city,"Houston city, Texas",2022,2304414,142374.0,23479.0,60426,1089.0
Texas,Irving city,"Irving city, Texas",2022,254712,24610.0,2941.0,78326,1332.0
Texas,Killeen city,"Killeen city, Texas",2022,159170,,793.0,54529,857.0
Texas,Laredo city,"Laredo city, Texas",2022,254041,7567.0,1606.0,59751,789.0
Texas,League City city,"League City city, Texas",2022,118550,,927.0,104867,1428.0
Texas,Leander city,"Leander city, Texas",2022,73808,,33.0,138111,1540.0
Texas,Lewisville city,"Lewisville city, Texas",2022,130933,,482.0,78955,1440.0
Texas,Longview city,"Longview city, Texas",2022,83119,,416.0,65897,909.0
Texas,Lubbock city,"Lubbock city, Texas",2022,263937,8380.0,1862.0,56910,882.0
Texas,Mansfield city,"Mansfield city, Texas",2022,76586,,284.0,119508,1558.0
Texas,McAllen city,"McAllen city, Texas",2022,144585,9116.0,795.0,55898,813.0
Texas,McKinney city,"McKinney city, Texas",2022,207506,27255.0,556.0,104619,1685.0
Texas,Mesquite city,"Mesquite city, Texas",2022,147723,,1986.0,68134,1156.0
Texas,Midland city,"Midland city, Texas",2022,134398,,1481.0,80235,1135.0
Texas,Mission city,"Mission city, Texas",2022,86634,,897.0,53859,648.0
Texas,Missouri City city,"Missouri City city, Texas",2022,74815,,522.0,101775,1416.0
Texas,New Braunfels city,"New Braunfels city, Texas",2022,98643,,647.0,79336,1453.0
Texas,North Richland Hills city,"North Richland Hills city, Texas",2022,70666,,288.0,82005,1402.0
Texas,Odessa city,"Odessa city, Texas",2022,116669,,921.0,63385,1054.0
Texas,Pasadena city,"Pasadena city, Texas",2022,147665,,905.0,57078,983.0
Texas,Pearland city,"Pearland city, Texas",2022,127170,,316.0,103496,1447.0
Texas,Pflugerville city,"Pflugerville city, Texas",2022,65374,,573.0,111956,1692.0
Texas,Pharr city,"Pharr city, Texas",2022,80170,,365.0,48631,755.0
Texas,Plano city,"Plano city, Texas",2022,290108,46416.0,1048.0,103916,1546.0
Texas,Richardson city,"Richardson city, Texas",2022,118830,,665.0,86175,1560.0
Texas,Round Rock city,"Round Rock city, Texas",2022,124790,,426.0,81804,1572.0
Texas,Rowlett city,"Rowlett city, Texas",2022,65284,,0.0,106355,1827.0
Texas,San Angelo city,"San Angelo city, Texas",2022,99871,,820.0,57625,925.0
Texas,San Antonio city,"San Antonio city, Texas",2022,1472904,97710.0,14302.0,58829,1060.0
Texas,San Marcos city,"San Marcos city, Texas",2022,70308,,270.0,52040,987.0
Texas,Spring CDP,"Spring CDP, Texas",2022,73085,,325.0,81641,1309.0
Texas,Sugar Land city,"Sugar Land city, Texas",2022,109395,,652.0,132766,1664.0
Texas,Temple city,"Temple city, Texas",2022,89455,,863.0,63219,992.0
Texas,The Woodlands CDP,"The Woodlands CDP, Texas",2022,117970,,120.0,137335,1642.0
Texas,Tyler city,"Tyler city, Texas",2022,109277,,819.0,60811,965.0
Texas,Victoria city,"Victoria city, Texas",2022,65372,,77.0,66060,966.0
Texas,Waco city,"Waco city, Texas",2022,143987,,603.0,54248,943.0
Texas,Wichita Falls city,"Wichita Falls city, Texas",2022,102659,,482.0,56091,761.0
Utah,Layton city,"Layton city, Utah",2022,82600,,541.0,100185,1383.0
Utah,Lehi city,"Lehi city, Utah",2022,84368,,140.0,123842,1602.0
Utah,Ogden city,"Ogden city, Utah",2022,86813,,1316.0,67102,918.0
Utah,Orem city,"Orem city, Utah",2022,95918,8594.0,407.0,77718,1270.0
Utah,Provo city,"Provo city, Utah",2022,113516,9751.0,310.0,59290,982.0
Utah,Salt Lake City city,"Salt Lake City city, Utah",2022,204653,25519.0,1100.0,75529,1256.0
Utah,Sandy city,"Sandy city, Utah",2022,93029,,809.0,104577,1507.0
Utah,South Jordan city,"South Jordan city, Utah",2022,83520,,51.0,118560,1732.0
Utah,St. George city,"St. George city, Utah",2022,102523,,197.0,70386,1378.0
Utah,West Jordan city,"West Jordan city, Utah",2022,116662,,374.0,95434,1519.0
Utah,West Valley City city,"West Valley City city, Utah",2022,136639,7152.0,572.0,82378,1228.0
Virginia,Alexandria city,"Alexandria city, Virginia",2022,155525,30015.0,1490.0,111955,1864.0
Virginia,Arlington CDP,"Arlington CDP, Virginia",2022,234000,53843.0,2607.0,132380,2042.0
Virginia,Centreville CDP,"Centreville CDP, Virginia",2022,69345,,398.0,131444,1984.0
Virginia,Chesapeake city,"Chesapeake city, Virginia",2022,252488,,1038.0,87749,1219.0
Virginia,Dale City CDP,"Dale City CDP, Virginia",2022,66140,,827.0,97214,1429.0
Virginia,Hampton city,"Hampton city, Virginia",2022,138037,,2683.0,64924,1092.0
Virginia,Lynchburg city,"Lynchburg city, Virginia",2022,79287,,1913.0,49076,742.0
Virginia,Newport News city,"Newport News city, Virginia",2022,184306,7154.0,2183.0,64102,1013.0
Virginia,Norfolk city,"Norfolk city, Virginia",2022,232995,9042.0,3051.0,61090,1035.0
Virginia,Portsmouth city,"Portsmouth city, Virginia",2022,97029,,1234.0,54611,1047.0
Virginia,Richmond city,"Richmond city, Virginia",2022,229395,25388.0,2921.0,58988,1050.0
Virginia,Roanoke city,"Roanoke city, Virginia",2022,97847,,1598.0,49570,773.0
Virginia,Suffolk city,"Suffolk city, Virginia",2022,98537,,1001.0,83144,1209.0
Virginia,Virginia Beach city,"Virginia Beach city, Virginia",2022,455618,36727.0,4079.0,83245,1401.0
Washington,Auburn city,"Auburn city, Washington",2022,83976,,1242.0,92622,1600.0
Washington,Bellevue city,"Bellevue city, Washington",2022,152765,32045.0,1188.0,153779,2302.0
Washington,Bellingham city,"Bellingham city, Washington",2022,93899,,2639.0,64748,1372.0
Washington,Everett city,"Everett city, Washington",2022,111348,9083.0,1925.0,79723,1541.0
Washington,Federal Way city,"Federal Way city, Washington",2022,97863,,884.0,76732,1458.0
Washington,Kennewick city,"Kennewick city, Washington",2022,84757,,1636.0,73800,986.0
Washington,Kent city,"Kent city, Washington",2022,134400,8828.0,2955.0,83314,1510.0
Washington,Kirkland city,"Kirkland city, Washington",2022,92155,,879.0,130620,2283.0
Washington,Marysville city,"Marysville city, Washington",2022,72280,,971.0,104433,1878.0
Washington,Pasco city,"Pasco city, Washington",2022,80205,,1276.0,76499,1083.0
Washington,Redmond city,"Redmond city, Washington",2022,76739,,697.0,152851,2142.0
Washington,Renton city,"Renton city, Washington",2022,104060,,1313.0,93388,1766.0
Washington,Sammamish city,"Sammamish city, Washington",2022,65844,,458.0,223849,2412.0
Washington,Seattle city,"Seattle city, Washington",2022,749267,165175.0,11180.0,115409,1762.0
Washington,South Hill CDP,"South Hill CDP, Washington",2022,64623,,612.0,109848,1802.0
Washington,Spokane Valley city,"Spokane Valley city, Washington",2022,107325,,1374.0,66484,1076.0
Washington,Spokane city,"Spokane city, Washington",2022,230176,20443.0,3598.0,62287,980.0
Washington,Tacoma city,"Tacoma city, Washington",2022,221790,17880.0,4334.0,80784,1426.0
Washington,Vancouver city,"Vancouver city, Washington",2022,194509,16140.0,3277.0,76799,1452.0
Washington,Yakima city,"Yakima city, Washington",2022,97017,,1781.0,56821,896.0
Wisconsin,Appleton city,"Appleton city, Wisconsin",2022,75018,6141.0,535.0,75262,814.0
Wisconsin,Eau Claire city,"Eau Claire city, Wisconsin",2022,69073,,1124.0,57289,798.0
Wisconsin,Green Bay city,"Green Bay city, Wisconsin",2022,106096,4355.0,2959.0,55177,709.0
Wisconsin,Janesville city,"Janesville city, Wisconsin",2022,65901,,469.0,66497,828.0
Wisconsin,Kenosha city,"Kenosha city, Wisconsin",2022,98490,,2076.0,64105,869.0
Wisconsin,Madison city,"Madison city, Wisconsin",2022,272907,31368.0,2608.0,73647,1171.0
Wisconsin,Milwaukee city,"Milwaukee city, Wisconsin",2022,563306,32590.0,6057.0,49270,812.0
Wisconsin,Oshkosh city,"Oshkosh city, Wisconsin",2022,65934,,365.0,58134,730.0
Wisconsin,Racine city,"Racine city, Wisconsin",2022,76455,,497.0,59499,683.0
Wisconsin,Waukesha city,"Waukesha city, Wisconsin",2022,70465,,735.0,74675,975.0
Alabama,Auburn city,"Auburn city, Alabama",2023,82030,,252.0,52259,914.0
Alabama,Birmingham city,"Birmingham city, Alabama",2023,196518,7046.0,1901.0,44951,821.0
Alabama,Dothan city,"Dothan city, Alabama",2023,71577,,592.0,54598,745.0
Alabama,Hoover city,"Hoover city, Alabama",2023,92459,,299.0,102009,1216.0
Alabama,Huntsville city,"Huntsville city, Alabama",2023,227571,,1536.0,73319,1029.0
Alabama,Mobile city,"Mobile city, Alabama",2023,182594,9978.0,622.0,50156,853.0
Alabama,Montgomery city,"Montgomery city, Alabama",2023,195275,6198.0,1480.0,57300,775.0
Alabama,Tuscaloosa city,"Tuscaloosa city, Alabama",2023,111339,,1043.0,43235,784.0
Alaska,Anchorage municipality,"Anchorage municipality, Alaska",2023,286075,13526.0,5821.0,94437,1371.0
Arizona,Avondale city,"Avondale city, Arizona",2023,93555,,904.0,86428,1715.0
Arizona,Buckeye city,"Buckeye city, Arizona",2023,108900,,411.0,99178,1684.0
Arizona,Casas Adobes CDP,"Casas Adobes CDP, Arizona",2023,70641,,493.0,79754,1409.0
Arizona,Chandler city,"Chandler city, Arizona",2023,280171,35558.0,1016.0,105393,1865.0
Arizona,Flagstaff city,"Flagstaff city, Arizona",2023,76595,4633.0,796.0,71402,1562.0
Arizona,Gilbert town,"Gilbert town, Arizona",2023,275408,36189.0,566.0,122445,1973.0
Arizona,Glendale city,"Glendale city, Arizona",2023,253868,17608.0,1928.0,70600,1371.0
Arizona,Goodyear city,"Goodyear city, Arizona",2023,111807,,523.0,105160,1792.0
Arizona,Maricopa city,"Maricopa city, Arizona",2023,71021,,305.0,83604,1730.0
Arizona,Mesa city,"Mesa city, Arizona",2023,511624,45265.0,2356.0,79145,1547.0
Arizona,Peoria city,"Peoria city, Arizona",2023,198753,,714.0,97296,1698.0
Arizona,Phoenix city,"Phoenix city, Arizona",2023,1650051,149357.0,13411.0,79664,1480.0
Arizona,Queen Creek town,"Queen Creek town, Arizona",2023,76046,,164.0,135444,2063.0
Arizona,San Tan Valley CDP,"San Tan Valley CDP, Arizona",2023,119497,,682.0,92963,1745.0
Arizona,Scottsdale city,"Scottsdale city, Arizona",2023,244421,,1355.0,106058,1984.0
Arizona,Surprise city,"Surprise city, Arizona",2023,158282,,655.0,89560,1858.0
Arizona,Tempe city,"Tempe city, Arizona",2023,189839,21733.0,906.0,91079,1678.0
Arizona,Tucson city,"Tucson city, Arizona",2023,547232,30697.0,6401.0,55708,1023.0
Arizona,Yuma city,"Yuma city, Arizona",2023,100861,,518.0,61977,989.0
Arkansas,Conway city,"Conway city, Arkansas",2023,69577,,240.0,62886,793.0
Arkansas,Fayetteville city,"Fayetteville city, Arkansas",2023,101694,,169.0,51513,870.0
Arkansas,Fort Smith city,"Fort Smith city, Arkansas",2023,89771,,406.0,54009,686.0
Arkansas,Jonesboro city,"Jonesboro city, Arkansas",2023,80655,,255.0,57264,826.0
Arkansas,Little Rock city,"Little Rock city, Arkansas",2023,203844,12949.0,1782.0,59762,880.0
Arkansas,Rogers city,"Rogers city, Arkansas",2023,74047,,267.0,84093,1083.0
Arkansas,Springdale city,"Springdale city, Arkansas",2023,89394,,0.0,68544,907.0
California,Alameda city,"Alameda city, California",2023,75344,10520.0,118.0,121817,2286.0
California,Alhambra city,"Alhambra city, California",2023,79798,4702.0,1189.0,79637,1754.0
California,Anaheim city,"Anaheim city, California",2023,340505,17202.0,4155.0,84872,1944.0
California,Antioch city,"Antioch city, California",2023,117097,,1252.0,91256,1972.0
California,Apple Valley town,"Apple Valley town, California",2023,75040,,1809.0,77159,1224.0
California,Arden-Arcade CDP,"Arden-Arcade CDP, California",2023,90934,,1709.0,89781,1389.0
California,Bakersfield city,"Bakersfield city, California",2023,413376,12259.0,5649.0,79355,1159.0
California,Baldwin Park city,"Baldwin Park city, California",2023,68799,,1104.0,78662,1669.0
California,Bellflower city,"Bellflower city, California",2023,75111,,1308.0,76296,1727.0
California,Berkeley city,"Berkeley city, California",2023,118962,19360.0,820.0,98086,1938.0
California,Brentwood city,"Brentwood city, California",2023,65115,,896.0,140312,1875.0
California,Buena Park city,"Buena Park city, California",2023,81965,,560.0,115247,1891.0
California,Burbank city,"Burbank city, California",2023,102768,,3063.0,91926,1891.0
California,Camarillo city,"Camarillo city, California",2023,69514,,220.0,111847,2597.0
California,Carlsbad city,"Carlsbad city, California",2023,113491,,851.0,131257,2698.0
California,Carmichael CDP,"Carmichael CDP, California",2023,75718,,1833.0,86754,1469.0
California,Carson city,"Carson city, California",2023,91122,,913.0,100041,1807.0
California,Castro Valley CDP,"Castro Valley CDP, California",2023,65354,,598.0,132000,2339.0
California,Chico city,"Chico city, California",2023,101296,5540.0,1647.0,61464,1339.0
California,Chino Hills city,"Chino Hills city, California",2023,77237,,391.0,127294,2787.0
California,Chino city,"Chino city, California",2023,93122,,607.0,104185,2079.0
California,Chula Vista city,"Chula Vista city, California",2023,274344,15286.0,2740.0,106623,2014.0
California,Citrus Heights city,"Citrus Heights city, California",2023,86238,,656.0,81123,1635.0
California,Clovis city,"Clovis city, California",2023,125833,,1973.0,88828,1537.0
California,Compton city,"Compton city, California",2023,91004,2067.0,1539.0,69965,1498.0
California,Concord city,"Concord city, California",2023,122325,8678.0,981.0,100442,1977.0
California,Corona city,"Corona city, California",2023,160255,12932.0,1657.0,104871,2111.0
California,Costa Mesa city,"Costa Mesa city, California",2023,108367,,1583.0,101433,2387.0
California,Daly City city,"Daly City city, California",2023,99838,8112.0,1708.0,104079,2262.0
California,Davis city,"Davis city, California",2023,65837,7501.0,284.0,89386,2007.0
California,Downey city,"Downey city, California",2023,108795,3301.0,1508.0,96699,1686.0
California,Dublin city,"Dublin city, California",2023,69129,,164.0,204946,2841.0
California,East Los Angeles CDP,"East Los Angeles CDP, California",2023,106903,4047.0,1554.0,69891,1286.0
California,Eastvale city,"Eastvale city, California",2023,70514,,563.0,162853,3102.0
California,El Cajon city,"El Cajon city, California",2023,102989,4551.0,3386.0,67773,1720.0
California,El Monte city,"El Monte city, California",2023,103782,2895.0,2473.0,64991,1546.0
California,Elk Grove city,"Elk Grove city, California",2023,178425,16107.0,1580.0,119330,2013.0
California,Escondido city,"Escondido city, California",2023,148119,,1243.0,95052,1816.0
California,Fairfield city,"Fairfield city, California",2023,120764,,1136.0,100126,1999.0
California,Folsom city,"Folsom city, California",2023,84775,10918.0,576.0,124531,2222.0
California,Fontana city,"Fontana city, California",2023,215485,16461.0,1975.0,100890,1681.0
California,Fremont city,"Fremont city, California",2023,226211,25096.0,2390.0,170934,2614.0
California,Fresno city,"Fresno city, California",2023,545717,24873.0,11847.0,67603,1147.0
California,Fullerton city,"Fullerton city, California",2023,139254,7168.0,1069.0,97427,2052.0
California,Garden Grove city,"Garden Grove city, California",2023,168246,,1635.0,87407,1856.0
California,Glendale city,"Glendale city, California",2023,187032,16774.0,3603.0,81365,1900.0
California,Hawthorne city,"Hawthorne city, California",2023,83386,,1469.0,65166,1633.0
California,Hayward city,"Hayward city, California",2023,155672,8644.0,2802.0,112121,2133.0
California,Hemet city,"Hemet city, California",2023,92385,,1860.0,52824,1377.0
California,Hesperia city,"Hesperia city, California",2023,100631,,1889.0,67348,1553.0
California,Huntington Beach city,"Huntington Beach city, California",2023,192151,,1936.0,120231,2363.0
California,Indio city,"Indio city, California",2023,93045,,2447.0,83107,1131.0
California,Inglewood city,"Inglewood city, California",2023,102857,,1372.0,72900,1512.0
California,Irvine city,"Irvine city, California",2023,314615,39022.0,1271.0,127989,2803.0
California,Jurupa Valley city,"Jurupa Valley city, California",2023,107333,,484.0,87809,1423.0
California,Lake Elsinore city,"Lake Elsinore city, California",2023,73017,,774.0,109010,1661.0
California,Lake Forest city,"Lake Forest city, California",2023,85835,,417.0,126234,2442.0
California,Lakewood city,"Lakewood city, California",2023,78132,,1112.0,117970,2270.0
California,Lancaster city,"Lancaster city, California",2023,166220,4978.0,3282.0,74991,1560.0
California,Livermore city,"Livermore city, California",2023,82899,7362.0,620.0,151705,2485.0
California,Lodi city,"Lodi city, California",2023,67675,,1154.0,82342,1325.0
California,Long Beach city,"Long Beach city, California",2023,449496,32279.0,7360.0,81606,1718.0
California,Los Angeles city,"Los Angeles city, California",2023,3820963,321927.0,67040.0,79701,1725.0
California,Lynwood city,"Lynwood city, California",2023,63223,,1210.0,65432,1458.0
California,Madera city,"Madera city, California",2023,68083,,1322.0,55622,1130.0
California,Manteca city,"Manteca city, California",2023,91055,,901.0,91533,1668.0
California,Menifee city,"Menifee city, California",2023,113425,,2010.0,82402,1953.0
California,Merced city,"Merced city, California",2023,93687,3662.0,2066.0,53931,1161.0
California,Milpitas city,"Milpitas city, California",2023,77321,,726.0,179727,2913.0
California,Mission Viejo city,"Mission Viejo city, California",2023,90615,,855.0,122135,2633.0
California,Modesto city,"Modesto city, California",2023,218909,7453.0,3607.0,80471,1367.0
California,Moreno Valley city,"Moreno Valley city, California",2023,212416,,2756.0,91021,1801.0
California,Mountain View city,"Mountain View city, California",2023,81790,8795.0,357.0,181671,3004.0
California,Murrieta city,"Murrieta city, California",2023,111870,,474.0,108703,2204.0
California,Napa city,"Napa city, California",2023,77486,,511.0,103601,2124.0
California,Newport Beach city,"Newport Beach city, California",2023,82627,,635.0,156434,3018.0
California,Norwalk city,"Norwalk city, California",2023,98084,3031.0,1150.0,103071,1828.0
California,Oakland city,"Oakland city, California",2023,436508,52890.0,10999.0,96828,1812.0
California,Oceanside city,"Oceanside city, California",2023,170042,11432.0,2443.0,99108,2162.0
California,Ontario city,"Ontario city, California",2023,182432,6966.0,2655.0,84566,1749.0
California,Orange city,"Orange city, California",2023,138332,9552.0,1193.0,117707,2094.0
California,Oxnard city,"Oxnard city, California",2023,198499,6832.0,1008.0,87975,1824.0
California,Palmdale city,"Palmdale city, California",2023,161412,5748.0,3667.0,78743,1662.0
California,Palo Alto city,"Palo Alto city, California",2023,65881,,364.0,184068,3144.0
California,Pasadena city,"Pasadena city, California",2023,133573,16743.0,1268.0,103282,2081.0
California,Perris city,"Perris city, California",2023,80606,,934.0,77365,1645.0
California,Pittsburg city,"Pittsburg city, California",2023,75790,,864.0,92506,1950.0
California,Pleasanton city,"Pleasanton city, California",2023,74660,,484.0,177535,2881.0
California,Pomona city,"Pomona city, California",2023,145489,6286.0,1739.0,78317,1656.0
California,Rancho Cordova city,"Rancho Cordova city, California",2023,82608,,1627.0,76948,1580.0
California,Rancho Cucamonga city,"Rancho Cucamonga city, California",2023,174403,8332.0,1854.0,103358,2127.0
California,Redding city,"Redding city, California",2023,92718,,1748.0,71114,1174.0
California,Redlands city,"Redlands city, California",2023,72552,,1409.0,97943,1859.0
California,Redondo Beach city,"Redondo Beach city, California",2023,67750,,170.0,159676,2457.0
California,Redwood City city,"Redwood City city, California",2023,80992,,216.0,151234,2797.0
California,Rialto city,"Rialto city, California",2023,103383,,1708.0,80321,1527.0
California,Richmond city,"Richmond city, California",2023,114104,5768.0,1654.0,89052,1665.0
California,Riverside city,"Riverside city, California",2023,318855,15765.0,2504.0,88175,1706.0
California,Rocklin city,"Rocklin city, California",2023,73470,,863.0,106408,1800.0
California,Roseville city,"Roseville city, California",2023,159126,16131.0,1490.0,107888,1982.0
California,Sacramento city,"Sacramento city, California",2023,526383,49113.0,8947.0,85928,1622.0
California,Salinas city,"Salinas city, California",2023,159521,3858.0,1205.0,80580,1849.0
California,San Bernardino city,"San Bernardino city, California",2023,223706,6230.0,8657.0,63328,1347.0
California,San Buenaventura (Ventura) city,"San Buenaventura (Ventura) city, California",2023,109056,7055.0,855.0,97970,2079.0
California,San Diego city,"San Diego city, California",2023,1388312,135969.0,12782.0,105780,2246.0
California,San Francisco city,"San Francisco city, California",2023,808988,112342.0,9928.0,126730,2260.0
California,San Jose city,"San Jose city, California",2023,969615,70935.0,10797.0,136229,2412.0
California,San Leandro city,"San Leandro city, California",2023,85785,4419.0,1003.0,84657,2023.0
California,San Marcos city,"San Marcos city, California",2023,94197,,537.0,96214,2227.0
California,San Mateo city,"San Mateo city, California",2023,101328,9706.0,375.0,152913,2790.0
California,San Ramon city,"San Ramon city, California",2023,84942,,438.0,195491,2850.0
California,Santa Ana city,"Santa Ana city, California",2023,310523,11222.0,1877.0,85914,1849.0
California,Santa Barbara city,"Santa Barbara city, California",2023,86495,7551.0,429.0,100041,2185.0
California,Santa Clara city,"Santa Clara city, California",2023,131075,13540.0,1079.0,166228,2864.0
California,Santa Clarita city,"Santa Clarita city, California",2023,224039,18943.0,2468.0,118489,2413.0
California,Santa Maria city,"Santa Maria city, California",2023,109985,,1259.0,77564,1686.0
California,Santa Monica city,"Santa Monica city, California",2023,89939,,834.0,109503,2222.0
California,Santa Rosa city,"Santa Rosa city, California",2023,175861,10912.0,2010.0,93106,1889.0
California,Simi Valley city,"Simi Valley city, California",2023,125100,11966.0,1271.0,117351,2232.0
California,South Gate city,"South Gate city, California",2023,90068,1772.0,921.0,71760,1379.0
California,Stockton city,"Stockton city, California",2023,319537,10768.0,5379.0,76191,1262.0
California,Sunnyvale city,"Sunnyvale city, California",2023,151973,14543.0,860.0,189443,2825.0
California,Temecula city,"Temecula city, California",2023,110696,,822.0,121795,2109.0
California,Thousand Oaks city,"Thousand Oaks city, California",2023,123458,14029.0,605.0,139172,2586.0
California,Torrance city,"Torrance city, California",2023,139232,11938.0,852.0,109019,1926.0
California,Tracy city,"Tracy city, California",2023,98006,,768.0,123525,2125.0
California,Tulare city,"Tulare city, California",2023,71093,,1379.0,77286,1044.0
California,Turlock city,"Turlock city, California",2023,72099,,605.0,81595,1391.0
California,Tustin city,"Tustin city, California",2023,77693,,815.0,107537,2550.0
California,Union City city,"Union City city, California",2023,65416,5248.0,643.0,124383,2393.0
California,Upland city,"Upland city, California",2023,78707,,1002.0,114165,1895.0
California,Vacaville city,"Vacaville city, California",2023,102533,,551.0,104278,1807.0
California,Vallejo city,"Vallejo city, California",2023,122796,7540.0,1775.0,91800,1807.0
California,Victorville city,"Victorville city, California",2023,138871,,3733.0,67099,1314.0
California,Visalia city,"Visalia city, California",2023,145005,,3010.0,79777,1244.0
California,Vista city,"Vista city, California",2023,98336,,1291.0,92224,2137.0
California,Walnut Creek city,"Walnut Creek city, California",2023,69151,,880.0,134770,2432.0
California,West Covina city,"West Covina city, California",2023,105617,,1389.0,96525,1922.0
California,Westminster city,"Westminster city, California",2023,88737,,2216.0,81443,1906.0
California,Whittier city,"Whittier city, California",2023,84149,,1018.0,95895,1781.0
California,Yorba Linda city,"Yorba Linda city, California",2023,66163,,160.0,146923,2644.0
California,Yuba City city,"Yuba City city, California",2023,68662,,510.0,74210,1156.0
Colorado,Arvada city,"Arvada city, Colorado",2023,123517,15625.0,715.0,114384,1718.0
Colorado,Aurora city,"Aurora city, Colorado",2023,394701,29044.0,3978.0,89300,1705.0
Colorado,Boulder city,"Boulder city, Colorado",2023,105893,,712.0,75923,1862.0
Colorado,Broomfield city,"Broomfield city, Colorado",2023,76860,,197.0,112139,1937.0
Colorado,Castle Rock town,"Castle Rock town, Colorado",2023,81401,,480.0,137383,1920.0
Colorado,Centennial city,"Centennial city, Colorado",2023,106873,,430.0,121531,2018.0
Colorado,Colorado Springs city,"Colorado Springs city, Colorado",2023,488670,46332.0,3635.0,83215,1529.0
Colorado,Commerce City city,"Commerce City city, Colorado",2023,68248,,655.0,124884,1561.0
Colorado,Denver city,"Denver city, Colorado",2023,716577,111924.0,7069.0,94157,1755.0
Colorado,Fort Collins city,"Fort Collins city, Colorado",2023,170368,19742.0,2465.0,81883,1581.0
Colorado,Grand Junction city,"Grand Junction city, Colorado",2023,69406,,909.0,67887,1070.0
Colorado,Greeley city,"Greeley city, Colorado",2023,112614,,982.0,63526,1394.0
Colorado,Highlands Ranch CDP,"Highlands Ranch CDP, Colorado",2023,103195,,106.0,153336,2265.0
Colorado,Lakewood city,"Lakewood city, Colorado",2023,155973,18924.0,1006.0,83987,1703.0
Colorado,Longmont city,"Longmont city, Colorado",2023,99306,,994.0,82984,1741.0
Colorado,Loveland city,"Loveland city, Colorado",2023,79353,,737.0,77160,1502.0
Colorado,Pueblo city,"Pueblo city, Colorado",2023,111081,,1768.0,57170,892.0
Colorado,Thornton city,"Thornton city, Colorado",2023,144889,10992.0,1203.0,101679,1751.0
Colorado,Westminster city,"Westminster city, Colorado",2023,114882,,167.0,92101,1777.0
Connecticut,Bridgeport city,"Bridgeport city, Connecticut",2023,148006,4889.0,2731.0,58515,1200.0
Connecticut,Danbury city,"Danbury city, Connecticut",2023,86125,,1360.0,79358,1540.0
Connecticut,Hartford city,"Hartford city, Connecticut",2023,119674,,4043.0,42397,1056.0
Connecticut,New Britain city,"New Britain city, Connecticut",2023,74064,,1296.0,58780,1116.0
Connecticut,New Haven city,"New Haven city, Connecticut",2023,135307,,2680.0,51158,1211.0
Connecticut,Norwalk city,"Norwalk city, Connecticut",2023,92460,,1032.0,102195,1922.0
Connecticut,Stamford city,"Stamford city, Connecticut",2023,136212,12465.0,2090.0,106552,1966.0
Connecticut,Waterbury city,"Waterbury city, Connecticut",2023,114994,,3542.0,43420,886.0
Delaware,Wilmington city,"Wilmington city, Delaware",2023,71672,,1700.0,50420,989.0
District of Columbia,Washington city,"Washington city, District of Columbia",2023,678972,104626.0,10150.0,108210,1806.0
Florida,Alafaya CDP,"Alafaya CDP, Florida",2023,94330,,329.0,102898,1811.0
Florida,Boca Raton city,"Boca Raton city, Florida",2023,99973,,478.0,110593,2432.0
Florida,Boynton Beach city,"Boynton Beach city, Florida",2023,81252,,479.0,67247,1981.0
Florida,Brandon CDP,"Brandon CDP, Florida",2023,116754,,349.0,82027,1724.0
Florida,Cape Coral city,"Cape Coral city, Florida",2023,224452,,1148.0,74634,1818.0
Florida,Clearwater city,"Clearwater city, Florida",2023,116868,,810.0,73178,1553.0
Florida,Coral Springs city,"Coral Springs city, Florida",2023,134913,,613.0,85615,2192.0
Florida,Davie town,"Davie town, Florida",2023,107814,,107.0,82514,1916.0
Florida,Daytona Beach city,"Daytona Beach city, Florida",2023,82493,,939.0,50442,1174.0
Florida,Deerfield Beach city,"Deerfield Beach city, Florida",2023,87322,,709.0,59148,1730.0
Florida,Delray Beach city,"Delray Beach city, Florida",2023,67542,,721.0,76803,1873.0
Florida,Deltona city,"Deltona city, Florida",2023,98749,,589.0,71107,1632.0
Florida,Doral city,"Doral city, Florida",2023,79359,,995.0,98058,2613.0
Florida,Fort Lauderdale city,"Fort Lauderdale city, Florida",2023,184263,20740.0,1133.0,80539,1734.0
Florida,Fort Myers city,"Fort Myers city, Florida",2023,97369,,1011.0,61894,1648.0
Florida,Four Corners CDP,"Four Corners CDP, Florida",2023,72275,,625.0,73951,1711.0
Florida,Gainesville city,"Gainesville city, Florida",2023,145800,,1375.0,47099,1177.0
Florida,Hialeah city,"Hialeah city, Florida",2023,221318,16233.0,4662.0,55310,1570.0
Florida,Hollywood city,"Hollywood city, Florida",2023,153864,9894.0,1394.0,60630,1474.0
Florida,Homestead city,"Homestead city, Florida",2023,81672,,920.0,71901,1559.0
Florida,Horizon West CDP,"Horizon West CDP, Florida",2023,75002,,0.0,144193,2246.0
Florida,Jacksonville city,"Jacksonville city, Florida",2023,985837,83632.0,10521.0,68069,1339.0
Florida,Kendall CDP,"Kendall CDP, Florida",2023,73368,6366.0,0.0,75301,1731.0
Florida,Kissimmee city,"Kissimmee city, Florida",2023,81268,,1150.0,59142,1598.0
Florida,Lakeland city,"Lakeland city, Florida",2023,122246,,433.0,57131,1241.0
Florida,Largo city,"Largo city, Florida",2023,82238,,579.0,66220,1608.0
Florida,Lauderhill city,"Lauderhill city, Florida",2023,73986,,475.0,45454,1625.0
Florida,Lehigh Acres CDP,"Lehigh Acres CDP, Florida",2023,130548,,1071.0,59645,1511.0
Florida,Melbourne city,"Melbourne city, Florida",2023,86956,,576.0,63726,1451.0
Florida,Miami Beach city,"Miami Beach city, Florida",2023,79616,8019.0,1758.0,71073,1807.0
Florida,Miami Gardens city,"Miami Gardens city, Florida",2023,110714,,1348.0,67169,1697.0
Florida,Miami city,"Miami city, Florida",2023,455955,41663.0,4257.0,68635,1730.0
Florida,Miramar city,"Miramar city, Florida",2023,138330,,1348.0,92097,2126.0
Florida,North Port city,"North Port city, Florida",2023,88931,,1502.0,82495,1874.0
Florida,Ocala city,"Ocala city, Florida",2023,68424,,342.0,52121,1257.0
Florida,Orlando city,"Orlando city, Florida",2023,320753,30666.0,2073.0,69414,1687.0
Florida,Palm Bay city,"Palm Bay city, Florida",2023,135570,,1342.0,67928,1546.0
Florida,Palm Coast city,"Palm Coast city, Florida",2023,102106,,353.0,70037,1593.0
Florida,Palm Harbor CDP,"Palm Harbor CDP, Florida",2023,62105,,496.0,73852,1795.0
Florida,Pembroke Pines city,"Pembroke Pines city, Florida",2023,171105,,1218.0,86135,1943.0
Florida,Pine Hills CDP,"Pine Hills CDP, Florida",2023,79274,,986.0,71735,1282.0
Florida,Plantation city,"Plantation city, Florida",2023,96537,,399.0,95965,2204.0
Florida,Poinciana CDP,"Poinciana CDP, Florida",2023,78799,,370.0,71150,1819.0
Florida,Pompano Beach city,"Pompano Beach city, Florida",2023,113613,,535.0,61419,1625.0
Florida,Port Charlotte CDP,"Port Charlotte CDP, Florida",2023,64797,,69.0,60501,1278.0
Florida,Port Orange city,"Port Orange city, Florida",2023,65965,,1088.0,67241,1477.0
Florida,Port St. Lucie city,"Port St. Lucie city, Florida",2023,245036,14895.0,1149.0,74928,1873.0
Florida,Riverview CDP,"Riverview CDP, Florida",2023,119714,,239.0,100475,1988.0
Florida,Sanford city,"Sanford city, Florida",2023,65397,,980.0,63643,1375.0
Florida,Spring Hill CDP,"Spring Hill CDP, Florida",2023,121939,,889.0,68872,1346.0
Florida,St. Cloud city,"St. Cloud city, Florida",2023,66441,,1412.0,91228,1308.0
Florida,St. Petersburg city,"St. Petersburg city, Florida",2023,263546,29038.0,1549.0,71743,1569.0
Florida,Sunrise city,"Sunrise city, Florida",2023,96808,,1337.0,76722,2015.0
Florida,Tallahassee city,"Tallahassee city, Florida",2023,202222,13043.0,860.0,56146,1072.0
Florida,Tamarac city,"Tamarac city, Florida",2023,72360,,277.0,56910,1781.0
Florida,Tampa city,"Tampa city, Florida",2023,403361,48574.0,2326.0,72851,1617.0
Florida,The Villages CDP,"The Villages CDP, Florida",2023,79772,,81.0,73805,1151.0
Florida,Town 'n' Country CDP,"Town 'n' Country CDP, Florida",2023,78974,,653.0,66969,1633.0
Florida,Wesley Chapel CDP,"Wesley Chapel CDP, Florida",2023,82087,,398.0,112045,2017.0
Florida,West Palm Beach city,"West Palm Beach city, Florida",2023,124148,7038.0,772.0,83205,1800.0
Florida,Weston city,"Weston city, Florida",2023,68168,,57.0,135764,2750.0
Georgia,Albany city,"Albany city, Georgia",2023,67373,,458.0,45624,608.0
Georgia,Alpharetta city,"Alpharetta city, Georgia",2023,67054,,152.0,140188,1868.0
Georgia,Athens-Clarke County unified government (balance),"Athens-Clarke County unified government (balance), Georgia",2023,128423,6345.0,657.0,53775,1102.0
Georgia,Atlanta city,"Atlanta city, Georgia",2023,510826,70960.0,3387.0,85880,1617.0
Georgia,Augusta-Richmond County consolidated government (balance),"Augusta-Richmond County consolidated government (balance), Georgia",2023,202629,8379.0,884.0,51943,925.0
Georgia,Columbus city,"Columbus city, Georgia",2023,201877,10625.0,2738.0,51835,830.0
Georgia,Johns Creek city,"Johns Creek city, Georgia",2023,81119,,567.0,151344,2140.0
Georgia,Macon-Bibb County,"Macon-Bibb County, Georgia",2023,156512,7834.0,846.0,51254,821.0
Georgia,Roswell city,"Roswell city, Georgia",2023,91708,,156.0,119657,1700.0
Georgia,Sandy Springs city,"Sandy Springs city, Georgia",2023,105803,,463.0,110401,1782.0
Georgia,Savannah city,"Savannah city, Georgia",2023,147751,6824.0,1390.0,56823,1226.0
Georgia,South Fulton city,"South Fulton city, Georgia",2023,110911,,611.0,79871,1580.0
Georgia,Warner Robins city,"Warner Robins city, Georgia",2023,84151,,74.0,59646,1071.0
Hawaii,Urban Honolulu CDP,"Urban Honolulu CDP, Hawaii",2023,341753,17545.0,4714.0,84907,1571.0
Idaho,Boise City city,"Boise City city, Idaho",2023,235416,20966.0,2456.0,79977,1343.0
Idaho,Caldwell city,"Caldwell city, Idaho",2023,68339,3993.0,987.0,67117,929.0
Idaho,Idaho Falls city,"Idaho Falls city, Idaho",2023,67996,,1264.0,63049,979.0
Idaho,Meridian city,"Meridian city, Idaho",2023,134794,13388.0,1059.0,100307,1703.0
Idaho,Nampa city,"Nampa city, Idaho",2023,114261,,756.0,71752,1339.0
Illinois,Arlington Heights village,"Arlington Heights village, Illinois",2023,77699,,116.0,106051,1665.0
Illinois,Aurora city,"Aurora city, Illinois",2023,179355,15272.0,1152.0,89658,1395.0
Illinois,Bloomington city,"Bloomington city, Illinois",2023,78591,,547.0,77577,846.0
Illinois,Bolingbrook village,"Bolingbrook village, Illinois",2023,75121,8346.0,283.0,114296,1606.0
Illinois,Champaign city,"Champaign city, Illinois",2023,89191,,1373.0,46232,888.0
Illinois,Chicago city,"Chicago city, Illinois",2023,2664454,241617.0,37779.0,74474,1248.0
Illinois,Cicero town,"Cicero town, Illinois",2023,81006,,328.0,74353,990.0
Illinois,Decatur city,"Decatur city, Illinois",2023,66594,,1394.0,46564,658.0
Illinois,Elgin city,"Elgin city, Illinois",2023,118799,5998.0,608.0,83539,1223.0
Illinois,Evanston city,"Evanston city, Illinois",2023,75073,7556.0,483.0,97085,1630.0
Illinois,Joliet city,"Joliet city, Illinois",2023,147944,6281.0,848.0,86054,1080.0
Illinois,Naperville city,"Naperville city, Illinois",2023,151220,21900.0,755.0,152181,1813.0
Illinois,Palatine village,"Palatine village, Illinois",2023,65176,,375.0,89725,1278.0
Illinois,Peoria city,"Peoria city, Illinois",2023,113442,5386.0,3078.0,52796,710.0
Illinois,Rockford city,"Rockford city, Illinois",2023,146219,,3562.0,59451,774.0
Illinois,Schaumburg village,"Schaumburg village, Illinois",2023,76128,,301.0,87202,1687.0
Illinois,Skokie village,"Skokie village, Illinois",2023,64939,,778.0,86125,1414.0
Illinois,Springfield city,"Springfield city, Illinois",2023,112327,,1091.0,63849,789.0
Illinois,Waukegan city,"Waukegan city, Illinois",2023,89097,,533.0,72841,991.0
Indiana,Bloomington city,"Bloomington city, Indiana",2023,74028,4508.0,175.0,41799,946.0
Indiana,Carmel city,"Carmel city, Indiana",2023,102091,,347.0,143676,1483.0
Indiana,Evansville city,"Evansville city, Indiana",2023,113291,3471.0,1784.0,52318,744.0
Indiana,Fishers city,"Fishers city, Indiana",2023,101789,,360.0,121382,1346.0
Indiana,Fort Wayne city,"Fort Wayne city, Indiana",2023,271629,13260.0,2362.0,57138,787.0
Indiana,Gary city,"Gary city, Indiana",2023,68269,,626.0,35033,795.0
Indiana,Hammond city,"Hammond city, Indiana",2023,76181,,622.0,51773,892.0
Indiana,Indianapolis city (balance),"Indianapolis city (balance), Indiana",2023,874182,56091.0,7612.0,66629,987.0
Indiana,Lafayette city,"Lafayette city, Indiana",2023,67406,,479.0,51328,847.0
Indiana,Muncie city,"Muncie city, Indiana",2023,64599,,1299.0,43507,732.0
Indiana,Noblesville city,"Noblesville city, Indiana",2023,76124,,287.0,107177,1205.0
Indiana,South Bend city,"South Bend city, Indiana",2023,100715,4369.0,609.0,55767,866.0
Iowa,Ames city,"Ames city, Iowa",2023,65676,,295.0,58693,912.0
Iowa,Ankeny city,"Ankeny city, Iowa",2023,74455,,704.0,105862,1095.0
Iowa,Cedar Rapids city,"Cedar Rapids city, Iowa",2023,135960,8608.0,1027.0,66720,832.0
Iowa,Davenport city,"Davenport city, Iowa",2023,100361,,953.0,69595,802.0
Iowa,Des Moines city,"Des Moines city, Iowa",2023,210363,11741.0,1840.0,60882,920.0
Iowa,Iowa City city,"Iowa City city, Iowa",2023,75671,3531.0,493.0,50135,943.0
Iowa,Sioux City city,"Sioux City city, Iowa",2023,85172,2667.0,838.0,62350,842.0
Iowa,Waterloo city,"Waterloo city, Iowa",2023,66604,,301.0,52320,683.0
Iowa,West Des Moines city,"West Des Moines city, Iowa",2023,72161,,459.0,83637,1162.0
Kansas,Kansas City city,"Kansas City city, Kansas",2023,149918,,811.0,60739,870.0
Kansas,Lawrence city,"Lawrence city, Kansas",2023,96209,,312.0,62608,898.0
Kansas,Olathe city,"Olathe city, Kansas",2023,147466,,211.0,105915,1232.0
Kansas,Overland Park city,"Overland Park city, Kansas",2023,197062,22872.0,859.0,97176,1322.0
Kansas,Shawnee city,"Shawnee city, Kansas",2023,69417,,0.0,100016,1175.0
Kansas,Topeka city,"Topeka city, Kansas",2023,125480,,1141.0,52417,730.0
Kansas,Wichita city,"Wichita city, Kansas",2023,396123,13426.0,3182.0,61281,753.0
Kentucky,Bowling Green city,"Bowling Green city, Kentucky",2023,76215,,237.0,47813,786.0
Kentucky,Lexington-Fayette urban county,"Lexington-Fayette urban county, Kentucky",2023,320154,17662.0,1645.0,66392,973.0
Kentucky,Louisville/Jefferson County metro government (balance),"Louisville/Jefferson County metro government (balance), Kentucky",2023,622987,36584.0,7433.0,61488,909.0
Louisiana,Baton Rouge city,"Baton Rouge city, Louisiana",2023,219563,7546.0,563.0,41651,836.0
Louisiana,Kenner city,"Kenner city, Louisiana",2023,63339,,203.0,68166,940.0
Louisiana,Lafayette city,"Lafayette city, Louisiana",2023,121452,,407.0,61258,842.0
Louisiana,Lake Charles city,"Lake Charles city, Louisiana",2023,79647,,404.0,55420,896.0
Louisiana,Metairie CDP,"Metairie CDP, Louisiana",2023,136597,,817.0,65465,1022.0
Louisiana,New Orleans city,"New Orleans city, Louisiana",2023,364136,26843.0,1126.0,55580,958.0
Louisiana,Shreveport city,"Shreveport city, Louisiana",2023,177225,,1128.0,48486,764.0
Maryland,Baltimore city,"Baltimore city, Maryland",2023,565239,41727.0,13976.0,59579,1059.0
Maryland,Bethesda CDP,"Bethesda CDP, Maryland",2023,69966,12037.0,539.0,191198,2462.0
Maryland,Columbia CDP,"Columbia CDP, Maryland",2023,101379,,150.0,115564,1811.0
Maryland,Ellicott City CDP,"Ellicott City CDP, Maryland",2023,74574,,370.0,148677,1715.0
Maryland,Frederick city,"Frederick city, Maryland",2023,85803,,1146.0,96084,1635.0
Maryland,Gaithersburg city,"Gaithersburg city, Maryland",2023,69572,,817.0,100387,1909.0
Maryland,Germantown CDP,"Germantown CDP, Maryland",2023,96698,9125.0,394.0,101446,1797.0
Maryland,Glen Burnie CDP,"Glen Burnie CDP, Maryland",2023,79598,,561.0,77549,1441.0
Maryland,Rockville city,"Rockville city, Maryland",2023,67298,,452.0,122294,2062.0
Maryland,Silver Spring CDP,"Silver Spring CDP, Maryland",2023,84996,11566.0,393.0,100116,1798.0
Maryland,Waldorf CDP,"Waldorf CDP, Maryland",2023,82770,,710.0,96304,1699.0
Massachusetts,Boston city,"Boston city, Massachusetts",2023,652442,67312.0,11568.0,96931,1976.0
Massachusetts,Brockton city,"Brockton city, Massachusetts",2023,104884,2135.0,2623.0,79990,1381.0
Massachusetts,Cambridge city,"Cambridge city, Massachusetts",2023,118208,16173.0,1020.0,134307,2855.0
Massachusetts,Fall River city,"Fall River city, Massachusetts",2023,93864,,2474.0,52978,980.0
Massachusetts,Framingham city,"Framingham city, Massachusetts",2023,71866,7567.0,357.0,103841,1871.0
Massachusetts,Haverhill city,"Haverhill city, Massachusetts",2023,67398,,1483.0,87309,1557.0
Massachusetts,Lawrence city,"Lawrence city, Massachusetts",2023,88174,,4405.0,58079,1324.0
Massachusetts,Lowell city,"Lowell city, Massachusetts",2023,114289,5620.0,3779.0,73083,1504.0
Massachusetts,Lynn city,"Lynn city, Massachusetts",2023,101250,3795.0,1289.0,73723,1434.0
Massachusetts,Malden city,"Malden city, Massachusetts",2023,65136,,1162.0,88003,1864.0
Massachusetts,New Bedford city,"New Bedford city, Massachusetts",2023,100683,1629.0,3798.0,53583,978.0
Massachusetts,Newton city,"Newton city, Massachusetts",2023,88415,10367.0,439.0,185154,2328.0
Massachusetts,Quincy city,"Quincy city, Massachusetts",2023,101607,11060.0,1259.0,92085,1875.0
Massachusetts,Somerville city,"Somerville city, Massachusetts",2023,80407,14291.0,1833.0,126619,2257.0
Massachusetts,Springfield city,"Springfield city, Massachusetts",2023,153672,3290.0,5638.0,47101,958.0
Massachusetts,Worcester city,"Worcester city, Massachusetts",2023,207629,9729.0,4314.0,69262,1347.0
Michigan,Ann Arbor city,"Ann Arbor city, Michigan",2023,119380,14052.0,534.0,76207,1499.0
Michigan,Dearborn city,"Dearborn city, Michigan",2023,105818,,2211.0,51670,1104.0
Michigan,Detroit city,"Detroit city, Michigan",2023,633221,25145.0,10588.0,38080,802.0
Michigan,Farmington Hills city,"Farmington Hills city, Michigan",2023,82539,,557.0,90598,1384.0
Michigan,Flint city,"Flint city, Michigan",2023,79654,,1025.0,33141,627.0
Michigan,Grand Rapids city,"Grand Rapids city, Michigan",2023,196587,12623.0,1768.0,70258,1133.0
Michigan,Kalamazoo city,"Kalamazoo city, Michigan",2023,73122,,881.0,50044,914.0
Michigan,Lansing city,"Lansing city, Michigan",2023,111269,8627.0,2726.0,55197,813.0
Michigan,Livonia city,"Livonia city, Michigan",2023,92184,,387.0,95003,1171.0
Michigan,Novi city,"Novi city, Michigan",2023,66320,,169.0,97092,1498.0
Michigan,Rochester Hills city,"Rochester Hills city, Michigan",2023,75995,,290.0,105784,1490.0
Michigan,Southfield city,"Southfield city, Michigan",2023,75699,,336.0,65497,1113.0
Michigan,Sterling Heights city,"Sterling Heights city, Michigan",2023,133308,,1211.0,73702,1144.0
Michigan,Troy city,"Troy city, Michigan",2023,87338,,424.0,106965,1522.0
Michigan,Warren city,"Warren city, Michigan",2023,136660,,1997.0,60572,986.0
Michigan,Westland city,"Westland city, Michigan",2023,82558,,840.0,55821,999.0
Michigan,Wyoming city,"Wyoming city, Michigan",2023,77452,,397.0,73950,1157.0
Minnesota,Blaine city,"Blaine city, Minnesota",2023,73762,,895.0,100172,1534.0
Minnesota,Bloomington city,"Bloomington city, Minnesota",2023,87378,,540.0,86206,1541.0
Minnesota,Brooklyn Park city,"Brooklyn Park city, Minnesota",2023,82027,,2222.0,87532,1134.0
Minnesota,Duluth city,"Duluth city, Minnesota",2023,87693,6178.0,1971.0,61163,916.0
Minnesota,Eagan city,"Eagan city, Minnesota",2023,67401,,395.0,101896,1600.0
Minnesota,Lakeville city,"Lakeville city, Minnesota",2023,76235,,169.0,147992,1482.0
Minnesota,Maple Grove city,"Maple Grove city, Minnesota",2023,71275,,557.0,104200,1778.0
Minnesota,Minneapolis city,"Minneapolis city, Minnesota",2023,425142,57881.0,8146.0,81001,1220.0
Minnesota,Plymouth city,"Plymouth city, Minnesota",2023,77638,,437.0,130793,1630.0
Minnesota,Rochester city,"Rochester city, Minnesota",2023,122404,10546.0,935.0,85240,1298.0
Minnesota,St. Cloud city,"St. Cloud city, Minnesota",2023,68399,,1212.0,60782,895.0
Minnesota,St. Paul city,"St. Paul city, Minnesota",2023,303827,31083.0,6943.0,73975,1163.0
Minnesota,Woodbury city,"Woodbury city, Minnesota",2023,79530,,503.0,120588,1721.0
Mississippi,Gulfport city,"Gulfport city, Mississippi",2023,72824,,838.0,47564,828.0
Mississippi,Jackson city,"Jackson city, Mississippi",2023,143633,,964.0,42336,731.0
Missouri,Columbia city,"Columbia city, Missouri",2023,129328,7380.0,490.0,62972,941.0
Missouri,Independence city,"Independence city, Missouri",2023,120931,,1321.0,61432,834.0
Missouri,Kansas City city,"Kansas City city, Missouri",2023,510671,45423.0,6436.0,65225,979.0
Missouri,Lee's Summit city,"Lee's Summit city, Missouri",2023,104352,,108.0,100625,1268.0
Missouri,O'Fallon city,"O'Fallon city, Missouri",2023,94073,,99.0,103301,1371.0
Missouri,Springfield city,"Springfield city, Missouri",2023,170178,8010.0,2223.0,47728,808.0
Missouri,St. Charles city,"St. Charles city, Missouri",2023,71802,,161.0,78359,1167.0
Missouri,St. Joseph city,"St. Joseph city, Missouri",2023,70702,,516.0,57205,728.0
Missouri,St. Louis city,"St. Louis city, Missouri",2023,281754,21751.0,2613.0,56245,838.0
Montana,Billings city,"Billings city, Montana",2023,120874,,1026.0,67028,946.0
Montana,Missoula city,"Missoula city, Montana",2023,77763,7503.0,1315.0,70277,1103.0
Nebraska,Lincoln city,"Lincoln city, Nebraska",2023,294750,15476.0,2394.0,68050,914.0
Nebraska,Omaha city,"Omaha city, Nebraska",2023,483362,32385.0,4423.0,71238,1001.0
Nevada,Enterprise CDP,"Enterprise CDP, Nevada",2023,243802,,1588.0,91225,1729.0
Nevada,Henderson city,"Henderson city, Nevada",2023,337280,27308.0,3436.0,82476,1661.0
Nevada,Las Vegas city,"Las Vegas city, Nevada",2023,660942,36486.0,8822.0,73784,1397.0
Nevada,North Las Vegas city,"North Las Vegas city, Nevada",2023,284772,12398.0,2496.0,78949,1463.0
Nevada,Paradise CDP,"Paradise CDP, Nevada",2023,177413,10959.0,2460.0,61680,1228.0
Nevada,Reno city,"Reno city, Nevada",2023,274937,16252.0,2368.0,80365,1437.0
Nevada,Sparks city,"Sparks city, Nevada",2023,110301,6830.0,831.0,86081,1551.0
Nevada,Spring Valley CDP,"Spring Valley CDP, Nevada",2023,198326,,1657.0,71988,1589.0
Nevada,Sunrise Manor CDP,"Sunrise Manor CDP, Nevada",2023,213644,5404.0,3592.0,52496,1236.0
New Hampshire,Manchester city,"Manchester city, New Hampshire",2023,115473,,1483.0,78825,1429.0
New Hampshire,Nashua city,"Nashua city, New Hampshire",2023,90997,,709.0,97667,1622.0
New Jersey,Bayonne city,"Bayonne city, New Jersey",2023,70303,5496.0,522.0,73669,1440.0
New Jersey,Camden city,"Camden city, New Jersey",2023,71099,,3166.0,35129,918.0
New Jersey,Clifton city,"Clifton city, New Jersey",2023,88478,5672.0,814.0,98598,1398.0
New Jersey,East Orange city,"East Orange city, New Jersey",2023,69553,,1312.0,56293,1233.0
New Jersey,Elizabeth city,"Elizabeth city, New Jersey",2023,135836,3698.0,1738.0,71715,1408.0
New Jersey,Jersey City city,"Jersey City city, New Jersey",2023,291663,28339.0,4690.0,91286,1831.0
New Jersey,Lakewood CDP,"Lakewood CDP, New Jersey",2023,67764,,135.0,70483,1447.0
New Jersey,Newark city,"Newark city, New Jersey",2023,304943,10063.0,6391.0,53818,1161.0
New Jersey,Passaic city,"Passaic city, New Jersey",2023,68917,2703.0,868.0,50893,1230.0
New Jersey,Paterson city,"Paterson city, New Jersey",2023,156419,4784.0,1233.0,56907,1304.0
New Jersey,Toms River CDP,"Toms River CDP, New Jersey",2023,95515,,358.0,90593,1485.0
New Jersey,Trenton city,"Trenton city, New Jersey",2023,89607,,1034.0,49117,1040.0
New Jersey,Union City city,"Union City city, New Jersey",2023,64470,2206.0,1142.0,86123,1367.0
New Mexico,Albuquerque city,"Albuquerque city, New Mexico",2023,560283,35445.0,8484.0,67907,1054.0
New Mexico,Las Cruces city,"Las Cruces city, New Mexico",2023,114891,,2024.0,55012,826.0
New Mexico,Rio Rancho city,"Rio Rancho city, New Mexico",2023,110660,,544.0,88366,1289.0
New Mexico,Santa Fe city,"Santa Fe city, New Mexico",2023,89157,,973.0,70940,1152.0
New York,Albany city,"Albany city, New York",2023,101220,3789.0,1861.0,61390,1098.0
New York,Buffalo city,"Buffalo city, New York",2023,274686,12955.0,8317.0,46458,873.0
New York,Cheektowaga CDP,"Cheektowaga CDP, New York",2023,75443,,550.0,61246,915.0
New York,Mount Vernon city,"Mount Vernon city, New York",2023,71168,2288.0,1136.0,77190,1401.0
New York,New Rochelle city,"New Rochelle city, New York",2023,83737,6509.0,379.0,128199,1762.0
New York,New York city,"New York city, New York",2023,8258035,531538.0,182508.0,76577,1624.0
New York,Rochester city,"Rochester city, New York",2023,207264,8514.0,6902.0,48618,869.0
New York,Schenectady city,"Schenectady city, New York",2023,68545,,1314.0,54773,995.0
New York,Syracuse city,"Syracuse city, New York",2023,145573,6141.0,4115.0,47525,888.0
New York,Yonkers city,"Yonkers city, New York",2023,207644,8269.0,4710.0,81097,1569.0
North Carolina,Apex town,"Apex town, North Carolina",2023,72213,,0.0,151386,1808.0
North Carolina,Asheville city,"Asheville city, North Carolina",2023,95053,,546.0,66032,1256.0
North Carolina,Cary town,"Cary town, North Carolina",2023,178883,,481.0,129607,1595.0
North Carolina,Charlotte city,"Charlotte city, North Carolina",2023,911307,150163.0,5036.0,80581,1492.0
North Carolina,Concord city,"Concord city, North Carolina",2023,110097,,718.0,82262,1355.0
North Carolina,Durham city,"Durham city, North Carolina",2023,295845,33185.0,1010.0,80064,1433.0
North Carolina,Fayetteville city,"Fayetteville city, North Carolina",2023,209751,8838.0,2806.0,59732,1078.0
North Carolina,Gastonia city,"Gastonia city, North Carolina",2023,83949,,382.0,63597,1042.0
North Carolina,Greensboro city,"Greensboro city, North Carolina",2023,302307,21020.0,3629.0,61747,1054.0
North Carolina,Greenville city,"Greenville city, North Carolina",2023,90059,,236.0,51628,856.0
North Carolina,High Point city,"High Point city, North Carolina",2023,116205,,1215.0,57436,910.0
North Carolina,Jacksonville city,"Jacksonville city, North Carolina",2023,72867,,645.0,58146,1214.0
North Carolina,Raleigh city,"Raleigh city, North Carolina",2023,482425,65254.0,2350.0,86309,1441.0
North Carolina,Wilmington city,"Wilmington city, North Carolina",2023,122695,13340.0,961.0,71362,1320.0
North Carolina,Winston-Salem city,"Winston-Salem city, North Carolina",2023,252970,15513.0,2673.0,59189,934.0
North Dakota,Bismarck city,"Bismarck city, North Dakota",2023,75102,,526.0,75846,837.0
North Dakota,Fargo city,"Fargo city, North Dakota",2023,132400,,709.0,61422,898.0
Ohio,Akron city,"Akron city, Ohio",2023,188692,11300.0,3701.0,50025,731.0
Ohio,Canton city,"Canton city, Ohio",2023,69196,,722.0,39692,667.0
Ohio,Cincinnati city,"Cincinnati city, Ohio",2023,311112,19986.0,3238.0,54314,872.0
Ohio,Cleveland city,"Cleveland city, Ohio",2023,362670,14690.0,6353.0,39041,743.0
Ohio,Columbus city,"Columbus city, Ohio",2023,909074,77758.0,5936.0,62350,1087.0
Ohio,Dayton city,"Dayton city, Ohio",2023,135507,5685.0,1179.0,45995,680.0
Ohio,Lorain city,"Lorain city, Ohio",2023,65330,,1394.0,41480,628.0
Ohio,Parma city,"Parma city, Ohio",2023,78952,,596.0,66681,1007.0
Ohio,Toledo city,"Toledo city, Ohio",2023,265306,7678.0,5221.0,46302,731.0
Oklahoma,Broken Arrow city,"Broken Arrow city, Oklahoma",2023,119666,,801.0,84374,1086.0
Oklahoma,Edmond city,"Edmond city, Oklahoma",2023,98113,,663.0,98524,1097.0
Oklahoma,Lawton city,"Lawton city, Oklahoma",2023,90226,3926.0,930.0,51571,753.0
Oklahoma,Norman city,"Norman city, Oklahoma",2023,130052,,1512.0,62411,895.0
Oklahoma,Oklahoma City city,"Oklahoma City city, Oklahoma",2023,702654,36550.0,7857.0,67015,948.0
Oklahoma,Tulsa city,"Tulsa city, Oklahoma",2023,410915,21664.0,4787.0,56821,848.0
Oregon,Beaverton city,"Beaverton city, Oregon",2023,96946,,2348.0,92650,1647.0
Oregon,Bend city,"Bend city, Oregon",2023,104554,,850.0,95527,1673.0
Oregon,Eugene city,"Eugene city, Oregon",2023,177900,13515.0,2185.0,65663,1292.0
Oregon,Gresham city,"Gresham city, Oregon",2023,110678,,1905.0,76205,1351.0
Oregon,Hillsboro city,"Hillsboro city, Oregon",2023,107726,11029.0,1125.0,103439,1788.0
Oregon,Medford city,"Medford city, Oregon",2023,85100,,814.0,66186,1224.0
Oregon,Portland city,"Portland city, Oregon",2023,630395,93120.0,9545.0,86057,1433.0
Oregon,Salem city,"Salem city, Oregon",2023,177423,13495.0,2703.0,72827,1238.0
Pennsylvania,Allentown city,"Allentown city, Pennsylvania",2023,124871,,4798.0,47175,1102.0
Pennsylvania,Bethlehem city,"Bethlehem city, Pennsylvania",2023,77841,,1049.0,68719,1227.0
Pennsylvania,Erie city,"Erie city, Pennsylvania",2023,92953,3090.0,1722.0,41377,673.0
Pennsylvania,Philadelphia city,"Philadelphia city, Pennsylvania",2023,1550542,120526.0,33277.0,60302,1175.0
Pennsylvania,Pittsburgh city,"Pittsburgh city, Pennsylvania",2023,303254,28427.0,3825.0,66219,1103.0
Pennsylvania,Reading city,"Reading city, Pennsylvania",2023,94897,2209.0,1551.0,38814,905.0
Pennsylvania,Scranton city,"Scranton city, Pennsylvania",2023,75803,,1492.0,41601,903.0
Rhode Island,Cranston city,"Cranston city, Rhode Island",2023,82640,,563.0,92795,1107.0
Rhode Island,Pawtucket city,"Pawtucket city, Rhode Island",2023,75312,,1886.0,63499,1054.0
Rhode Island,Providence city,"Providence city, Rhode Island",2023,190791,8631.0,3656.0,65206,1256.0
Rhode Island,Warwick city,"Warwick city, Rhode Island",2023,82997,,788.0,86193,1158.0
South Carolina,Charleston city,"Charleston city, South Carolina",2023,155988,18281.0,268.0,95126,1626.0
South Carolina,Columbia city,"Columbia city, South Carolina",2023,142083,,183.0,52943,1043.0
South Carolina,Greenville city,"Greenville city, South Carolina",2023,72822,,700.0,73536,1328.0
South Carolina,Mount Pleasant town,"Mount Pleasant town, South Carolina",2023,95229,,0.0,127357,2057.0
South Carolina,North Charleston city,"North Charleston city, South Carolina",2023,121463,,784.0,64070,1370.0
South Carolina,Rock Hill city,"Rock Hill city, South Carolina",2023,75641,,407.0,65397,1138.0
South Dakota,Rapid City city,"Rapid City city, South Dakota",2023,79409,,840.0,70094,1048.0
South Dakota,Sioux Falls city,"Sioux Falls city, South Dakota",2023,206405,10956.0,1450.0,70925,889.0
Tennessee,Chattanooga city,"Chattanooga city, Tennessee",2023,187023,,1043.0,62547,1092.0
Tennessee,Clarksville city,"Clarksville city, Tennessee",2023,180705,,2364.0,67246,1185.0
Tennessee,Franklin city,"Franklin city, Tennessee",2023,88558,,0.0,118156,1840.0
Tennessee,Jackson city,"Jackson city, Tennessee",2023,68262,,335.0,51343,913.0
Tennessee,Johnson City city,"Johnson City city, Tennessee",2023,73440,,383.0,55406,930.0
Tennessee,Knoxville city,"Knoxville city, Tennessee",2023,198175,13770.0,3492.0,50183,1012.0
Tennessee,Memphis city,"Memphis city, Tennessee",2023,618655,23350.0,5543.0,51399,887.0
Tennessee,Murfreesboro city,"Murfreesboro city, Tennessee",2023,165423,,640.0,78069,1402.0
Tennessee,Nashville-Davidson metropolitan government (balance),"Nashville-Davidson metropolitan government (balance), Tennessee",2023,687787,73091.0,5629.0,80217,1476.0
Texas,Abilene city,"Abilene city, Texas",2023,130093,5016.0,476.0,57953,1029.0
Texas,Allen city,"Allen city, Texas",2023,111627,,175.0,126549,1854.0
Texas,Amarillo city,"Amarillo city, Texas",2023,203042,6139.0,1758.0,58897,839.0
Texas,Arlington city,"Arlington city, Texas",2023,398423,25714.0,3146.0,69208,1315.0
Texas,Atascocita CDP,"Atascocita CDP, Texas",2023,119502,,75.0,97244,1680.0
Texas,Austin city,"Austin city, Texas",2023,979700,166315.0,5679.0,91501,1613.0
Texas,Baytown city,"Baytown city, Texas",2023,85651,,357.0,57421,1021.0
Texas,Beaumont city,"Beaumont city, Texas",2023,112196,,1717.0,60010,960.0
Texas,Brownsville city,"Brownsville city, Texas",2023,190166,8179.0,1215.0,49920,687.0
Texas,Bryan city,"Bryan city, Texas",2023,89606,2671.0,966.0,53006,974.0
Texas,Carrollton city,"Carrollton city, Texas",2023,132357,,795.0,93937,1558.0
Texas,Cedar Park city,"Cedar Park city, Texas",2023,78969,,244.0,119943,1699.0
Texas,College Station city,"College Station city, Texas",2023,125199,,109.0,47632,994.0
Texas,Conroe city,"Conroe city, Texas",2023,108244,,895.0,77027,1289.0
Texas,Corpus Christi city,"Corpus Christi city, Texas",2023,316603,7337.0,2025.0,65138,1049.0
Texas,Dallas city,"Dallas city, Texas",2023,1302859,95078.0,9511.0,70121,1343.0
Texas,Denton city,"Denton city, Texas",2023,158361,,581.0,73051,1289.0
Texas,Edinburg city,"Edinburg city, Texas",2023,105803,,476.0,61059,822.0
Texas,El Paso city,"El Paso city, Texas",2023,678945,27178.0,4349.0,57317,963.0
Texas,Flower Mound town,"Flower Mound town, Texas",2023,79292,,127.0,147490,2072.0
Texas,Fort Worth city,"Fort Worth city, Texas",2023,976932,67515.0,8125.0,77082,1352.0
Texas,Frisco city,"Frisco city, Texas",2023,225009,,1328.0,141129,1945.0
Texas,Garland city,"Garland city, Texas",2023,243536,14361.0,603.0,71729,1474.0
Texas,Georgetown city,"Georgetown city, Texas",2023,96317,,135.0,95160,1546.0
Texas,Grand Prairie city,"Grand Prairie city, Texas",2023,202092,11359.0,2298.0,72106,1411.0
Texas,Harlingen city,"Harlingen city, Texas",2023,71512,,138.0,60065,732.0
Texas,Houston city,"Houston city, Texas",2023,2311461,137954.0,17842.0,62637,1188.0
Texas,Irving city,"Irving city, Texas",2023,254392,24828.0,1089.0,79335,1469.0
Texas,Killeen city,"Killeen city, Texas",2023,159635,,1417.0,60067,1012.0
Texas,Laredo city,"Laredo city, Texas",2023,252974,6636.0,1802.0,60720,781.0
Texas,League City city,"League City city, Texas",2023,117520,,1231.0,118475,1388.0
Texas,Leander city,"Leander city, Texas",2023,79853,,608.0,138938,1819.0
Texas,Lewisville city,"Lewisville city, Texas",2023,133779,,1289.0,88784,1452.0
Texas,Longview city,"Longview city, Texas",2023,84418,,421.0,57211,900.0
Texas,Lubbock city,"Lubbock city, Texas",2023,266878,9517.0,1665.0,54451,960.0
Texas,Mansfield city,"Mansfield city, Texas",2023,79775,,385.0,113378,1741.0
Texas,McAllen city,"McAllen city, Texas",2023,146599,9960.0,630.0,60200,839.0
Texas,McKinney city,"McKinney city, Texas",2023,213504,,520.0,116654,1688.0
Texas,Mesquite city,"Mesquite city, Texas",2023,147522,,1909.0,67333,1262.0
Texas,Midland city,"Midland city, Texas",2023,138362,,2562.0,90699,1037.0
Texas,Mission city,"Mission city, Texas",2023,87288,,438.0,60512,789.0
Texas,Missouri City city,"Missouri City city, Texas",2023,71820,,64.0,87072,1632.0
Texas,New Braunfels city,"New Braunfels city, Texas",2023,110961,,205.0,87778,1528.0
Texas,North Richland Hills city,"North Richland Hills city, Texas",2023,70671,,355.0,100327,1499.0
Texas,Odessa city,"Odessa city, Texas",2023,121604,,502.0,74562,1005.0
Texas,Pasadena city,"Pasadena city, Texas",2023,146705,,1613.0,59111,1026.0
Texas,Pearland city,"Pearland city, Texas",2023,127216,,483.0,108454,1531.0
Texas,Pflugerville city,"Pflugerville city, Texas",2023,65127,,170.0,108974,1956.0
Texas,Pharr city,"Pharr city, Texas",2023,80409,,257.0,57171,829.0
Texas,Plano city,"Plano city, Texas",2023,288228,37785.0,1565.0,108594,1671.0
Texas,Richardson city,"Richardson city, Texas",2023,117445,,537.0,95170,1709.0
Texas,Round Rock city,"Round Rock city, Texas",2023,131735,,584.0,102420,1671.0
Texas,Rowlett city,"Rowlett city, Texas",2023,66736,,423.0,106199,1752.0
Texas,San Angelo city,"San Angelo city, Texas",2023,97183,,528.0,52048,876.0
Texas,San Antonio city,"San Antonio city, Texas",2023,1495312,94315.0,12404.0,62322,1132.0
Texas,San Marcos city,"San Marcos city, Texas",2023,71566,,203.0,53516,1129.0
Texas,Spring CDP,"Spring CDP, Texas",2023,67562,,743.0,84489,1487.0
Texas,Sugar Land city,"Sugar Land city, Texas",2023,108511,,41.0,133144,1871.0
Texas,Temple city,"Temple city, Texas",2023,93101,,682.0,74923,1167.0
Texas,The Woodlands CDP,"The Woodlands CDP, Texas",2023,121514,,197.0,140794,1781.0
Texas,Tyler city,"Tyler city, Texas",2023,110325,,1051.0,68441,1181.0
Texas,Victoria city,"Victoria city, Texas",2023,65800,,675.0,66739,979.0
Texas,Waco city,"Waco city, Texas",2023,144820,,809.0,52770,892.0
Texas,Wichita Falls city,"Wichita Falls city, Texas",2023,102683,,137.0,60772,786.0
Utah,Layton city,"Layton city, Utah",2023,83523,,0.0,99866,1352.0
Utah,Lehi city,"Lehi city, Utah",2023,90229,,298.0,129274,1743.0
Utah,Ogden city,"Ogden city, Utah",2023,87272,3470.0,191.0,65035,1201.0
Utah,Orem city,"Orem city, Utah",2023,95514,7260.0,591.0,82348,1442.0
Utah,Provo city,"Provo city, Utah",2023,113355,9128.0,348.0,62556,1071.0
Utah,Salt Lake City city,"Salt Lake City city, Utah",2023,209606,22127.0,1776.0,72951,1396.0
Utah,Sandy city,"Sandy city, Utah",2023,91934,,526.0,108926,1754.0
Utah,South Jordan city,"South Jordan city, Utah",2023,84508,,227.0,126974,1883.0
Utah,St. George city,"St. George city, Utah",2023,104592,,897.0,77431,1453.0
Utah,West Jordan city,"West Jordan city, Utah",2023,114908,,1041.0,105396,1707.0
Utah,West Valley City city,"West Valley City city, Utah",2023,134466,8734.0,923.0,80889,1328.0
Virginia,Alexandria city,"Alexandria city, Virginia",2023,155230,22222.0,682.0,110294,1878.0
Virginia,Arlington CDP,"Arlington CDP, Virginia",2023,234162,42085.0,1353.0,140219,2170.0
Virginia,Centreville CDP,"Centreville CDP, Virginia",2023,71374,,194.0,131503,2199.0
Virginia,Chesapeake city,"Chesapeake city, Virginia",2023,253886,16457.0,1604.0,92633,1384.0
Virginia,Dale City CDP,"Dale City CDP, Virginia",2023,70529,,297.0,121763,1709.0
Virginia,Hampton city,"Hampton city, Virginia",2023,137098,5553.0,1479.0,70238,1247.0
Virginia,Lynchburg city,"Lynchburg city, Virginia",2023,79535,,954.0,61693,883.0
Virginia,Newport News city,"Newport News city, Virginia",2023,183118,,1086.0,64962,1152.0
Virginia,Norfolk city,"Norfolk city, Virginia",2023,230930,11096.0,1514.0,62382,1110.0
Virginia,Portsmouth city,"Portsmouth city, Virginia",2023,96793,,1135.0,57109,979.0
Virginia,Reston CDP,"Reston CDP, Virginia",2023,66070,,475.0,130635,1927.0
Virginia,Richmond city,"Richmond city, Virginia",2023,229247,20613.0,1618.0,65650,1263.0
Virginia,Roanoke city,"Roanoke city, Virginia",2023,97171,,605.0,51038,857.0
Virginia,Suffolk city,"Suffolk city, Virginia",2023,100659,,899.0,81154,1193.0
Virginia,Virginia Beach city,"Virginia Beach city, Virginia",2023,453649,33201.0,3110.0,91141,1531.0
Washington,Auburn city,"Auburn city, Washington",2023,84887,,1562.0,92824,1664.0
Washington,Bellevue city,"Bellevue city, Washington",2023,151579,21082.0,1773.0,158253,2376.0
Washington,Bellingham city,"Bellingham city, Washington",2023,94712,7544.0,1591.0,54867,1392.0
Washington,Everett city,"Everett city, Washington",2023,111147,,1700.0,74276,1560.0
Washington,Federal Way city,"Federal Way city, Washington",2023,97689,,1510.0,81997,1718.0
Washington,Kennewick city,"Kennewick city, Washington",2023,85155,,918.0,65796,1138.0
Washington,Kent city,"Kent city, Washington",2023,133381,7606.0,2763.0,85982,1727.0
Washington,Kirkland city,"Kirkland city, Washington",2023,91190,,377.0,144080,2291.0
Washington,Marysville city,"Marysville city, Washington",2023,72922,,794.0,85708,1694.0
Washington,Pasco city,"Pasco city, Washington",2023,81415,,914.0,84337,1015.0
Washington,Redmond city,"Redmond city, Washington",2023,80275,,855.0,172979,2276.0
Washington,Renton city,"Renton city, Washington",2023,104505,,2201.0,100237,1834.0
Washington,Sammamish city,"Sammamish city, Washington",2023,65126,,373.0,238750,2495.0
Washington,Seattle city,"Seattle city, Washington",2023,755081,132724.0,9733.0,120608,1818.0
Washington,South Hill CDP,"South Hill CDP, Washington",2023,67851,,481.0,114928,1815.0
Washington,Spokane Valley city,"Spokane Valley city, Washington",2023,108232,,3834.0,74787,1173.0
Washington,Spokane city,"Spokane city, Washington",2023,229451,16956.0,5093.0,65016,1140.0
Washington,Tacoma city,"Tacoma city, Washington",2023,222932,16437.0,5130.0,89107,1513.0
Washington,Vancouver city,"Vancouver city, Washington",2023,196441,16289.0,5471.0,80618,1531.0
Washington,Yakima city,"Yakima city, Washington",2023,96739,,2194.0,61776,956.0
Wisconsin,Appleton city,"Appleton city, Wisconsin",2023,75861,,327.0,73449,852.0
Wisconsin,Eau Claire city,"Eau Claire city, Wisconsin",2023,70469,,554.0,68221,849.0
Wisconsin,Green Bay city,"Green Bay city, Wisconsin",2023,105734,5315.0,744.0,66950,795.0
Wisconsin,Janesville city,"Janesville city, Wisconsin",2023,66113,,523.0,71885,807.0
Wisconsin,Kenosha city,"Kenosha city, Wisconsin",2023,98210,,1530.0,68885,995.0
Wisconsin,Madison city,"Madison city, Wisconsin",2023,280307,30718.0,2551.0,70484,1248.0
Wisconsin,Milwaukee city,"Milwaukee city, Wisconsin",2023,561369,33769.0,5225.0,52992,876.0
Wisconsin,Oshkosh city,"Oshkosh city, Wisconsin",2023,66184,,736.0,62155,789.0
Wisconsin,Racine city,"Racine city, Wisconsin",2023,76608,,1462.0,55065,799.0
Wisconsin,Waukesha city,"Waukesha city, Wisconsin",2023,70452,,229.0,81480,1013.0
Alabama,Auburn city,"Auburn city, Alabama",2024,83761,,0.0,69615,1067.0
Alabama,Birmingham city,"Birmingham city, Alabama",2024,198477,,1166.0,51355,899.0
Alabama,Dothan city,"Dothan city, Alabama",2024,72735,,378.0,55846,773.0
Alabama,Hoover city,"Hoover city, Alabama",2024,93002,,371.0,106844,1277.0
Alabama,Huntsville city,"Huntsville city, Alabama",2024,230157,,1346.0,83235,1062.0
Alabama,Madison city,"Madison city, Alabama",2024,67204,,308.0,140249,1243.0
Alabama,Mobile city,"Mobile city, Alabama",2024,201355,,762.0,55307,874.0
Alabama,Montgomery city,"Montgomery city, Alabama",2024,195826,,929.0,59292,814.0
Alabama,Tuscaloosa city,"Tuscaloosa city, Alabama",2024,114274,,400.0,54212,896.0
Alaska,Anchorage municipality,"Anchorage municipality, Alaska",2024,289600,13856.0,3699.0,105356,1398.0
Arizona,Avondale city,"Avondale city, Arizona",2024,96626,,646.0,88152,1724.0
Arizona,Buckeye city,"Buckeye city, Arizona",2024,114327,,819.0,94199,2008.0
Arizona,Casa Grande city,"Casa Grande city, Arizona",2024,68929,,254.0,85073,1419.0
Arizona,Casas Adobes CDP,"Casas Adobes CDP, Arizona",2024,74298,,224.0,83415,1631.0
Arizona,Chandler city,"Chandler city, Arizona",2024,281243,30352.0,1613.0,110284,1875.0
Arizona,Flagstaff city,"Flagstaff city, Arizona",2024,77549,,385.0,74417,1676.0
Arizona,Gilbert town,"Gilbert town, Arizona",2024,288797,33529.0,1067.0,124968,1950.0
Arizona,Glendale city,"Glendale city, Arizona",2024,258121,16354.0,2102.0,75711,1523.0
Arizona,Goodyear city,"Goodyear city, Arizona",2024,118175,,498.0,97186,1849.0
Arizona,Maricopa city,"Maricopa city, Arizona",2024,76658,,689.0,97753,1899.0
Arizona,Mesa city,"Mesa city, Arizona",2024,517142,41650.0,2630.0,85580,1570.0
Arizona,Peoria city,"Peoria city, Arizona",2024,199932,,1479.0,97333,1834.0
Arizona,Phoenix city,"Phoenix city, Arizona",2024,1673122,147552.0,14647.0,85246,1552.0
Arizona,Queen Creek town,"Queen Creek town, Arizona",2024,92557,,1197.0,155001,2107.0
Arizona,San Tan Valley CDP,"San Tan Valley CDP, Arizona",2024,123211,,788.0,99217,1934.0
Arizona,Scottsdale city,"Scottsdale city, Arizona",2024,246183,,1031.0,104893,1958.0
Arizona,Surprise city,"Surprise city, Arizona",2024,167569,,1075.0,100824,1826.0
Arizona,Tempe city,"Tempe city, Arizona",2024,190113,14340.0,778.0,78044,1708.0
Arizona,Tucson city,"Tucson city, Arizona",2024,554011,33619.0,5066.0,60483,1071.0
Arizona,Yuma city,"Yuma city, Arizona",2024,103561,,672.0,71828,1106.0
Arkansas,Conway city,"Conway city, Arkansas",2024,70704,,404.0,65896,898.0
Arkansas,Fayetteville city,"Fayetteville city, Arkansas",2024,103124,6966.0,248.0,66237,945.0
Arkansas,Fort Smith city,"Fort Smith city, Arkansas",2024,90517,,615.0,60306,742.0
Arkansas,Jonesboro city,"Jonesboro city, Arkansas",2024,82386,,158.0,51672,837.0
Arkansas,Little Rock city,"Little Rock city, Arkansas",2024,204793,9433.0,1494.0,66553,930.0
Arkansas,Rogers city,"Rogers city, Arkansas",2024,75648,,123.0,82834,1224.0
Arkansas,Springdale city,"Springdale city, Arkansas",2024,89641,,242.0,72997,911.0
California,Alameda city,"Alameda city, California",2024,78807,10432.0,808.0,151346,2403.0
California,Alhambra city,"Alhambra city, California",2024,80289,5397.0,1270.0,93659,2076.0
California,Anaheim city,"Anaheim city, California",2024,344579,19996.0,3192.0,101145,2055.0
California,Antioch city,"Antioch city, California",2024,118455,,2574.0,97998,1991.0
California,Apple Valley town,"Apple Valley town, California",2024,75039,,1524.0,82170,1359.0
California,Arden-Arcade CDP,"Arden-Arcade CDP, California",2024,90375,,1614.0,80277,1443.0
California,Bakersfield city,"Bakersfield city, California",2024,417461,14460.0,6637.0,82093,1386.0
California,Baldwin Park city,"Baldwin Park city, California",2024,69244,,1053.0,79496,1612.0
California,Bellflower city,"Bellflower city, California",2024,75720,,1349.0,80800,1763.0
California,Berkeley city,"Berkeley city, California",2024,121730,17595.0,1088.0,103727,1939.0
California,Brentwood city,"Brentwood city, California",2024,66289,,550.0,144110,2449.0
California,Buena Park city,"Buena Park city, California",2024,82597,,303.0,106666,2107.0
California,Burbank city,"Burbank city, California",2024,103543,,1760.0,85517,2019.0
California,Camarillo city,"Camarillo city, California",2024,69868,,204.0,112301,2368.0
California,Carlsbad city,"Carlsbad city, California",2024,113575,,927.0,144444,2667.0
California,Carmichael CDP,"Carmichael CDP, California",2024,78540,,2314.0,88573,1669.0
California,Carson city,"Carson city, California",2024,91370,,878.0,105234,1901.0
California,Castro Valley CDP,"Castro Valley CDP, California",2024,65947,,694.0,145276,2164.0
California,Chico city,"Chico city, California",2024,102907,5796.0,1928.0,65422,1333.0
California,Chino Hills city,"Chino Hills city, California",2024,77412,,387.0,121839,2675.0
California,Chino city,"Chino city, California",2024,94006,,1469.0,97461,2187.0
California,Chula Vista city,"Chula Vista city, California",2024,278548,13566.0,3414.0,105101,2151.0
California,Citrus Heights city,"Citrus Heights city, California",2024,86910,,713.0,91036,1792.0
California,Clovis city,"Clovis city, California",2024,127994,,1670.0,92949,1473.0
California,Compton city,"Compton city, California",2024,91122,2722.0,994.0,83125,1564.0
California,Concord city,"Concord city, California",2024,124030,,677.0,107318,2138.0
California,Corona city,"Corona city, California",2024,161540,,1636.0,103507,2161.0
California,Costa Mesa city,"Costa Mesa city, California",2024,109140,,669.0,112288,2359.0
California,Daly City city,"Daly City city, California",2024,101424,6638.0,847.0,117911,2455.0
California,Davis city,"Davis city, California",2024,67129,,614.0,76706,2058.0
California,Downey city,"Downey city, California",2024,109365,4503.0,1793.0,92613,1838.0
California,Dublin city,"Dublin city, California",2024,70544,,466.0,202216,2910.0
California,East Los Angeles CDP,"East Los Angeles CDP, California",2024,114544,3768.0,1572.0,67303,1377.0
California,Eastvale city,"Eastvale city, California",2024,70739,,329.0,151850,2988.0
California,El Cajon city,"El Cajon city, California",2024,103287,,2322.0,77462,1860.0
California,El Monte city,"El Monte city, California",2024,104621,3789.0,1309.0,70450,1687.0
California,Elk Grove city,"Elk Grove city, California",2024,182779,12537.0,2171.0,120958,2097.0
California,Escondido city,"Escondido city, California",2024,148852,,1855.0,102145,2038.0
California,Fairfield city,"Fairfield city, California",2024,122654,,1594.0,97676,2102.0
California,Folsom city,"Folsom city, California",2024,88096,,365.0,135855,2218.0
California,Fontana city,"Fontana city, California",2024,218453,13064.0,1695.0,108735,1938.0
California,Fremont city,"Fremont city, California",2024,228191,21529.0,3404.0,175816,2716.0
California,Fresno city,"Fresno city, California",2024,550091,21405.0,13241.0,74491,1239.0
California,Fullerton city,"Fullerton city, California",2024,140051,,782.0,94261,2071.0
California,Garden Grove city,"Garden Grove city, California",2024,172331,8019.0,1929.0,92509,2054.0
California,Glendale city,"Glendale city, California",2024,187802,17795.0,3569.0,89055,2025.0
California,Hawthorne city,"Hawthorne city, California",2024,83629,,843.0,69044,1762.0
California,Hayward city,"Hayward city, California",2024,158433,9352.0,2080.0,110406,2170.0
California,Hemet city,"Hemet city, California",2024,92908,,2755.0,62386,1433.0
California,Hesperia city,"Hesperia city, California",2024,101844,,4048.0,72059,1432.0
California,Huntington Beach city,"Huntington Beach city, California",2024,193171,18310.0,2124.0,118105,2356.0
California,Indio city,"Indio city, California",2024,94283,,2334.0,76579,1343.0
California,Inglewood city,"Inglewood city, California",2024,102765,,2260.0,69362,1720.0
California,Irvine city,"Irvine city, California",2024,318693,37611.0,1680.0,145731,2926.0
California,Jurupa Valley city,"Jurupa Valley city, California",2024,108158,,1166.0,94942,1745.0
California,Lake Elsinore city,"Lake Elsinore city, California",2024,73594,,911.0,102034,1766.0
California,Lake Forest city,"Lake Forest city, California",2024,87164,,540.0,140661,2491.0
California,Lakewood city,"Lakewood city, California",2024,78488,,227.0,116517,2092.0
California,Lancaster city,"Lancaster city, California",2024,167426,6237.0,3304.0,87324,1659.0
California,Livermore city,"Livermore city, California",2024,84849,6238.0,1076.0,169251,2571.0
California,Lodi city,"Lodi city, California",2024,68639,,892.0,88584,1451.0
California,Long Beach city,"Long Beach city, California",2024,450917,31879.0,6837.0,91318,1823.0
California,Los Angeles city,"Los Angeles city, California",2024,3878718,318737.0,60095.0,82263,1804.0
California,Lynwood city,"Lynwood city, California",2024,63587,,1317.0,76687,1588.0
California,Madera city,"Madera city, California",2024,69097,,1594.0,60368,1166.0
California,Manteca city,"Manteca city, California",2024,94283,,1125.0,111790,1784.0
California,Menifee city,"Menifee city, California",2024,117045,,1069.0,103609,1891.0
California,Merced city,"Merced city, California",2024,96082,,1811.0,70414,1211.0
California,Milpitas city,"Milpitas city, California",2024,79748,,755.0,181812,2857.0
California,Mission Viejo city,"Mission Viejo city, California",2024,91598,,642.0,130939,2838.0
California,Modesto city,"Modesto city, California",2024,220617,6983.0,3912.0,79211,1574.0
California,Moreno Valley city,"Moreno Valley city, California",2024,213893,7191.0,3024.0,92716,1945.0
California,Mountain View city,"Mountain View city, California",2024,87322,7806.0,770.0,213047,3102.0
California,Murrieta city,"Murrieta city, California",2024,112531,,1300.0,116547,2288.0
California,Napa city,"Napa city, California",2024,76913,,449.0,118732,2478.0
California,Newport Beach city,"Newport Beach city, California",2024,82956,,559.0,132670,3107.0
California,Norwalk city,"Norwalk city, California",2024,98211,3414.0,775.0,101959,2078.0
California,Oakland city,"Oakland city, California",2024,443575,47138.0,8750.0,102235,1871.0
California,Oceanside city,"Oceanside city, California",2024,170942,12672.0,632.0,104809,2239.0
California,Ontario city,"Ontario city, California",2024,185289,,2687.0,94020,2020.0
California,Orange city,"Orange city, California",2024,137957,11121.0,1404.0,111059,2259.0
California,Oxnard city,"Oxnard city, California",2024,200637,6317.0,2317.0,101184,1986.0
California,Palmdale city,"Palmdale city, California",2024,162526,,3113.0,73517,1624.0
California,Palo Alto city,"Palo Alto city, California",2024,67645,,684.0,228517,3120.0
California,Pasadena city,"Pasadena city, California",2024,137200,18257.0,1736.0,105048,2034.0
California,Perris city,"Perris city, California",2024,83040,,902.0,92352,1573.0
California,Pittsburg city,"Pittsburg city, California",2024,77125,,453.0,88761,2083.0
California,Pleasanton city,"Pleasanton city, California",2024,75661,7748.0,475.0,176390,3031.0
California,Pomona city,"Pomona city, California",2024,147966,5603.0,1921.0,89319,1773.0
California,Rancho Cordova city,"Rancho Cordova city, California",2024,84099,,1196.0,84623,1745.0
California,Rancho Cucamonga city,"Rancho Cucamonga city, California",2024,176677,11542.0,2306.0,115345,2208.0
California,Redding city,"Redding city, California",2024,93509,,887.0,70992,1184.0
California,Redlands city,"Redlands city, California",2024,74287,,1940.0,110762,1878.0
California,Redondo Beach city,"Redondo Beach city, California",2024,68087,,422.0,152387,2542.0
California,Redwood City city,"Redwood City city, California",2024,82974,7741.0,859.0,178188,2794.0
California,Rialto city,"Rialto city, California",2024,104912,,1422.0,90295,1669.0
California,Richmond city,"Richmond city, California",2024,115356,7582.0,1679.0,106595,1954.0
California,Riverside city,"Riverside city, California",2024,323792,15379.0,4155.0,90004,1851.0
California,Rocklin city,"Rocklin city, California",2024,75119,,364.0,125795,2137.0
California,Roseville city,"Roseville city, California",2024,163299,,1335.0,116323,1969.0
California,Sacramento city,"Sacramento city, California",2024,535787,41939.0,8386.0,91387,1690.0
California,Salinas city,"Salinas city, California",2024,160779,1726.0,685.0,87837,1807.0
California,San Bernardino city,"San Bernardino city, California",2024,224785,6761.0,7100.0,67753,1385.0
California,San Buenaventura (Ventura) city,"San Buenaventura (Ventura) city, California",2024,109815,,1017.0,102238,2147.0
California,San Diego city,"San Diego city, California",2024,1404461,135017.0,14623.0,111032,2267.0
California,San Francisco city,"San Francisco city, California",2024,827526,100347.0,11842.0,139801,2348.0
California,San Jose city,"San Jose city, California",2024,997395,65423.0,10270.0,148226,2497.0
California,San Leandro city,"San Leandro city, California",2024,86568,7554.0,1037.0,105655,1943.0
California,San Marcos city,"San Marcos city, California",2024,96615,,672.0,109520,2291.0
California,San Mateo city,"San Mateo city, California",2024,103013,9204.0,912.0,162100,2672.0
California,San Ramon city,"San Ramon city, California",2024,85932,8479.0,445.0,227209,2691.0
California,Santa Ana city,"Santa Ana city, California",2024,316188,12947.0,1842.0,95118,2036.0
California,Santa Barbara city,"Santa Barbara city, California",2024,87291,6695.0,515.0,106800,2236.0
California,Santa Clara city,"Santa Clara city, California",2024,133151,10580.0,688.0,180631,2795.0
California,Santa Clarita city,"Santa Clarita city, California",2024,229175,20671.0,1843.0,123011,2408.0
California,Santa Maria city,"Santa Maria city, California",2024,111347,1670.0,1647.0,74986,1824.0
California,Santa Monica city,"Santa Monica city, California",2024,90740,,886.0,130928,2348.0
California,Santa Rosa city,"Santa Rosa city, California",2024,177531,8958.0,1236.0,99681,1947.0
California,Simi Valley city,"Simi Valley city, California",2024,125773,,721.0,132408,2393.0
California,South Gate city,"South Gate city, California",2024,90809,,1363.0,76200,1453.0
California,Stockton city,"Stockton city, California",2024,324980,11268.0,6826.0,78627,1318.0
California,Sunnyvale city,"Sunnyvale city, California",2024,156776,12555.0,1147.0,181022,2776.0
California,Temecula city,"Temecula city, California",2024,112438,,438.0,120768,2318.0
California,Thousand Oaks city,"Thousand Oaks city, California",2024,124243,,776.0,138411,2546.0
California,Torrance city,"Torrance city, California",2024,139568,10394.0,1294.0,113095,2139.0
California,Tracy city,"Tracy city, California",2024,100136,,1150.0,120776,2157.0
California,Tulare city,"Tulare city, California",2024,72604,,921.0,79192,1241.0
California,Turlock city,"Turlock city, California",2024,72879,,1128.0,75835,1509.0
California,Tustin city,"Tustin city, California",2024,78864,,983.0,117342,2430.0
California,Union City city,"Union City city, California",2024,66206,2497.0,1114.0,121605,2312.0
California,Upland city,"Upland city, California",2024,79685,,803.0,105366,1856.0
California,Vacaville city,"Vacaville city, California",2024,103992,,676.0,112497,2154.0
California,Vallejo city,"Vallejo city, California",2024,123481,6155.0,1269.0,80115,1857.0
California,Victorville city,"Victorville city, California",2024,140706,,3468.0,80407,1511.0
California,Visalia city,"Visalia city, California",2024,146263,,2758.0,84781,1331.0
California,Vista city,"Vista city, California",2024,99330,,611.0,105671,2230.0
California,Walnut Creek city,"Walnut Creek city, California",2024,70800,,569.0,125221,2310.0
California,West Covina city,"West Covina city, California",2024,106923,,1826.0,101296,2122.0
California,Westminster city,"Westminster city, California",2024,89547,4828.0,1176.0,81403,2044.0
California,Whittier city,"Whittier city, California",2024,85594,,1276.0,104425,1835.0
California,Yorba Linda city,"Yorba Linda city, California",2024,66487,,479.0,151768,2352.0
California,Yuba City city,"Yuba City city, California",2024,69150,,1144.0,80072,1268.0
Colorado,Arvada city,"Arvada city, Colorado",2024,122529,,870.0,124317,1822.0
Colorado,Aurora city,"Aurora city, Colorado",2024,402452,34682.0,3382.0,93837,1773.0
Colorado,Boulder city,"Boulder city, Colorado",2024,106802,,889.0,85761,1935.0
Colorado,Broomfield city,"Broomfield city, Colorado",2024,78323,,534.0,125055,2027.0
Colorado,Castle Rock town,"Castle Rock town, Colorado",2024,83198,,186.0,139427,1881.0
Colorado,Centennial city,"Centennial city, Colorado",2024,108860,,328.0,135629,1985.0
Colorado,Colorado Springs city,"Colorado Springs city, Colorado",2024,493540,38293.0,6848.0,83672,1529.0
Colorado,Commerce City city,"Commerce City city, Colorado",2024,70255,,241.0,124406,2031.0
Colorado,Denver city,"Denver city, Colorado",2024,729019,105633.0,6682.0,92504,1783.0
Colorado,Fort Collins city,"Fort Collins city, Colorado",2024,170927,19365.0,1969.0,81199,1629.0
Colorado,Grand Junction city,"Grand Junction city, Colorado",2024,70556,,981.0,78788,1159.0
Colorado,Greeley city,"Greeley city, Colorado",2024,114366,,1460.0,76462,1364.0
Colorado,Highlands Ranch CDP,"Highlands Ranch CDP, Colorado",2024,99056,,725.0,152987,2584.0
Colorado,Lakewood city,"Lakewood city, Colorado",2024,156865,19534.0,1110.0,90852,1752.0
Colorado,Longmont city,"Longmont city, Colorado",2024,100764,,1221.0,91696,1738.0
Colorado,Loveland city,"Loveland city, Colorado",2024,81103,,1312.0,92376,1620.0
Colorado,Parker town,"Parker town, Colorado",2024,65457,,110.0,130936,2048.0
Colorado,Pueblo city,"Pueblo city, Colorado",2024,111156,,1269.0,55194,949.0
Colorado,Thornton city,"Thornton city, Colorado",2024,146689,,833.0,101096,1926.0
Colorado,Westminster city,"Westminster city, Colorado",2024,115301,,777.0,108877,1901.0
Connecticut,Bridgeport city,"Bridgeport city, Connecticut",2024,151616,6309.0,1282.0,57394,1303.0
Connecticut,Danbury city,"Danbury city, Connecticut",2024,88683,,938.0,80243,1659.0
Connecticut,Hartford city,"Hartford city, Connecticut",2024,122136,4507.0,5460.0,50418,1126.0
Connecticut,New Britain city,"New Britain city, Connecticut",2024,75861,,1486.0,62152,1110.0
Connecticut,New Haven city,"New Haven city, Connecticut",2024,137556,6236.0,1730.0,59705,1357.0
Connecticut,Norwalk city,"Norwalk city, Connecticut",2024,93666,5587.0,602.0,108460,1897.0
Connecticut,Stamford city,"Stamford city, Connecticut",2024,139112,12045.0,1312.0,117627,2196.0
Connecticut,Waterbury city,"Waterbury city, Connecticut",2024,115902,,3351.0,47881,1071.0
Delaware,Wilmington city,"Wilmington city, Delaware",2024,73173,,1205.0,65389,1098.0
District of Columbia,Washington city,"Washington city, District of Columbia",2024,702250,88726.0,16372.0,109707,1850.0
Florida,Alafaya CDP,"Alafaya CDP, Florida",2024,98873.0,,44.0,94438,1937.0
Florida,Boca Raton city,"Boca Raton city, Florida",2024,102235.0,,288.0,121629,2579.0
Florida,Boynton Beach city,"Boynton Beach city, Florida",2024,83095.0,,780.0,67197,2158.0
Florida,Brandon CDP,"Brandon CDP, Florida",2024,127048.0,,527.0,80980,1731.0
Florida,Cape Coral city,"Cape Coral city, Florida",2024,233025.0,,1220.0,85584,1843.0
Florida,Clearwater city,"Clearwater city, Florida",2024,116821.0,9731.0,1785.0,66357,1592.0
Florida,Coral Springs city,"Coral Springs city, Florida",2024,140816.0,,649.0,98926,2112.0
Florida,Davie town,"Davie town, Florida",2024,112040.0,,1147.0,86560,2118.0
Florida,Daytona Beach city,"Daytona Beach city, Florida",2024,86007.0,,1098.0,57583,1394.0
Florida,Deerfield Beach city,"Deerfield Beach city, Florida",2024,90487.0,,281.0,66028,1950.0
Florida,Delray Beach city,"Delray Beach city, Florida",2024,70133.0,,564.0,78643,2046.0
Florida,Deltona city,"Deltona city, Florida",2024,100515.0,,953.0,76446,1710.0
Florida,Doral city,"Doral city, Florida",2024,83620.0,,98.0,101495,2681.0
Florida,Fort Lauderdale city,"Fort Lauderdale city, Florida",2024,190640.0,15607.0,593.0,90734,1844.0
Florida,Fort Myers city,"Fort Myers city, Florida",2024,99929.0,,662.0,70480,1677.0
Florida,Four Corners CDP,"Four Corners CDP, Florida",2024,85069.0,,604.0,74764,1736.0
Florida,Gainesville city,"Gainesville city, Florida",2024,148716.0,10499.0,2513.0,46165,1206.0
Florida,Hialeah city,"Hialeah city, Florida",2024,235384.0,15825.0,3081.0,57151,1770.0
Florida,Hollywood city,"Hollywood city, Florida",2024,159072.0,11651.0,967.0,71067,1788.0
Florida,Homestead city,"Homestead city, Florida",2024,85806.0,,1292.0,61452,1565.0
Florida,Horizon West CDP,"Horizon West CDP, Florida",2024,69149.0,,0.0,112110,2468.0
Florida,Jacksonville city,"Jacksonville city, Florida",2024,1009831.0,76748.0,9389.0,72389,1391.0
Florida,Kendall CDP,"Kendall CDP, Florida",2024,82704.0,,360.0,90934,1970.0
Florida,Kissimmee city,"Kissimmee city, Florida",2024,84767.0,,862.0,65503,1494.0
Florida,Lakeland city,"Lakeland city, Florida",2024,124997.0,,1427.0,63859,1265.0
Florida,Largo city,"Largo city, Florida",2024,82343.0,,1701.0,58486,1581.0
Florida,Lauderhill city,"Lauderhill city, Florida",2024,76623.0,,852.0,58494,1745.0
Florida,Lehigh Acres CDP,"Lehigh Acres CDP, Florida",2024,151444.0,,886.0,70800,1711.0
Florida,Melbourne city,"Melbourne city, Florida",2024,87572.0,,822.0,66356,1585.0
Florida,Miami Beach city,"Miami Beach city, Florida",2024,83264.0,,2790.0,91178,2031.0
Florida,Miami Gardens city,"Miami Gardens city, Florida",2024,116155.0,,1220.0,63908,1868.0
Florida,Miami city,"Miami city, Florida",2024,487006.0,41627.0,6281.0,66337,1854.0
Florida,Miramar city,"Miramar city, Florida",2024,143244.0,,1266.0,88280,2207.0
Florida,North Port city,"North Port city, Florida",2024,92866.0,,346.0,77318,1820.0
Florida,Ocala city,"Ocala city, Florida",2024,70245.0,,381.0,61814,1323.0
Florida,Orlando city,"Orlando city, Florida",2024,334871.0,25344.0,2616.0,77597,1723.0
Florida,Palm Bay city,"Palm Bay city, Florida",2024,142035.0,,1468.0,77638,1556.0
Florida,Palm Coast city,"Palm Coast city, Florida",2024,106726.0,,270.0,82083,1555.0
Florida,Pembroke Pines city,"Pembroke Pines city, Florida",2024,179331.0,,724.0,87537,2272.0
Florida,Pine Hills CDP,"Pine Hills CDP, Florida",2024,76047.0,,1289.0,57278,1392.0
Florida,Plantation city,"Plantation city, Florida",2024,100690.0,,1138.0,101843,2345.0
Florida,Poinciana CDP,"Poinciana CDP, Florida",2024,81260.0,,900.0,73556,1835.0
Florida,Pompano Beach city,"Pompano Beach city, Florida",2024,118110.0,,378.0,72224,1908.0
Florida,Port Charlotte CDP,"Port Charlotte CDP, Florida",2024,68091.0,,217.0,70410,1734.0
Florida,Port Orange city,"Port Orange city, Florida",2024,66559.0,,232.0,78235,1637.0
Florida,Port St. Lucie city,"Port St. Lucie city, Florida",2024,258578.0,19557.0,1764.0,86241,1883.0
Florida,Riverview CDP,"Riverview CDP, Florida",2024,115462.0,,1286.0,95074,1930.0
Florida,Sanford city,"Sanford city, Florida",2024,66920.0,,556.0,69987,1614.0
Florida,Spring Hill CDP,"Spring Hill CDP, Florida",2024,117931.0,,1304.0,71269,1379.0
Florida,St. Cloud city,"St. Cloud city, Florida",2024,71018.0,,494.0,95990,1896.0
Florida,St. Petersburg city,"St. Petersburg city, Florida",2024,267073.0,30809.0,2135.0,73048,1611.0
Florida,Sunrise city,"Sunrise city, Florida",2024,100131.0,,858.0,83926,2150.0
Florida,Tallahassee city,"Tallahassee city, Florida",2024,205091.0,11757.0,2144.0,56511,1146.0
Florida,Tamarac city,"Tamarac city, Florida",2024,75150.0,,573.0,64044,2047.0
Florida,Tampa city,"Tampa city, Florida",2024,414575.0,44517.0,2486.0,84114,1742.0
Florida,The Villages CDP,"The Villages CDP, Florida",2024,,,58.0,74494,
Florida,Town 'n' Country CDP,"Town 'n' Country CDP, Florida",2024,86253.0,,239.0,75474,1713.0
Florida,Wesley Chapel CDP,"Wesley Chapel CDP, Florida",2024,83673.0,,538.0,101757,1973.0
Florida,West Palm Beach city,"West Palm Beach city, Florida",2024,127733.0,7989.0,615.0,74478,1826.0
Florida,Weston city,"Weston city, Florida",2024,70672.0,,149.0,126894,2896.0
Georgia,Albany city,"Albany city, Georgia",2024,67418,,768.0,47676,701.0
Georgia,Alpharetta city,"Alpharetta city, Georgia",2024,67264,,35.0,173310,1999.0
Georgia,Athens-Clarke County unified government (balance),"Athens-Clarke County unified government (balance), Georgia",2024,128630,,1008.0,52264,1103.0
Georgia,Atlanta city,"Atlanta city, Georgia",2024,520066,74207.0,3039.0,88165,1636.0
Georgia,Augusta-Richmond County consolidated government (balance),"Augusta-Richmond County consolidated government (balance), Georgia",2024,201930,7096.0,1863.0,58803,1080.0
Georgia,Columbus city,"Columbus city, Georgia",2024,201830,11092.0,1517.0,57010,951.0
Georgia,Johns Creek city,"Johns Creek city, Georgia",2024,81176,,99.0,157146,2262.0
Georgia,Mableton city,"Mableton city, Georgia",2024,78314,,681.0,81093,1444.0
Georgia,Macon-Bibb County,"Macon-Bibb County, Georgia",2024,157056,,1142.0,47018,881.0
Georgia,Roswell city,"Roswell city, Georgia",2024,92229,,233.0,126528,1760.0
Georgia,Sandy Springs city,"Sandy Springs city, Georgia",2024,105506,,386.0,107461,1788.0
Georgia,Savannah city,"Savannah city, Georgia",2024,148809,7611.0,659.0,55907,1343.0
Georgia,South Fulton city,"South Fulton city, Georgia",2024,112003,,1021.0,84745,1568.0
Georgia,Warner Robins city,"Warner Robins city, Georgia",2024,85856,,890.0,69011,1144.0
Hawaii,Urban Honolulu CDP,"Urban Honolulu CDP, Hawaii",2024,344977,14442.0,4976.0,86169,1663.0
Idaho,Boise City city,"Boise City city, Idaho",2024,237959,18311.0,3039.0,81102,1408.0
Idaho,Caldwell city,"Caldwell city, Idaho",2024,73092,,576.0,78835,1291.0
Idaho,Idaho Falls city,"Idaho Falls city, Idaho",2024,69528,,1000.0,79317,1073.0
Idaho,Meridian city,"Meridian city, Idaho",2024,139736,14906.0,709.0,95088,1728.0
Idaho,Nampa city,"Nampa city, Idaho",2024,117346,,1235.0,82044,1336.0
Illinois,Arlington Heights village,"Arlington Heights village, Illinois",2024,75472,,320.0,108505,1703.0
Illinois,Aurora city,"Aurora city, Illinois",2024,180791,11197.0,2097.0,94784,1470.0
Illinois,Bloomington city,"Bloomington city, Illinois",2024,79239,,998.0,78106,930.0
Illinois,Bolingbrook village,"Bolingbrook village, Illinois",2024,73856,,538.0,97205,1492.0
Illinois,Champaign city,"Champaign city, Illinois",2024,91951,,819.0,58903,1072.0
Illinois,Chicago city,"Chicago city, Illinois",2024,2721326,251656.0,36731.0,80613,1337.0
Illinois,Cicero town,"Cicero town, Illinois",2024,82093,,1608.0,65523,1110.0
Illinois,Decatur city,"Decatur city, Illinois",2024,66528,,757.0,49244,685.0
Illinois,Elgin city,"Elgin city, Illinois",2024,115541,,676.0,101861,1350.0
Illinois,Evanston city,"Evanston city, Illinois",2024,75994,8946.0,487.0,93016,1647.0
Illinois,Joliet city,"Joliet city, Illinois",2024,151937,8552.0,1453.0,103163,1084.0
Illinois,Naperville city,"Naperville city, Illinois",2024,153337,20251.0,523.0,150360,1779.0
Illinois,Palatine village,"Palatine village, Illinois",2024,65890,,161.0,92845,1587.0
Illinois,Peoria city,"Peoria city, Illinois",2024,115996,,1590.0,65078,798.0
Illinois,Rockford city,"Rockford city, Illinois",2024,144779,6601.0,2428.0,52564,811.0
Illinois,Schaumburg village,"Schaumburg village, Illinois",2024,78223,,376.0,104062,1688.0
Illinois,Skokie village,"Skokie village, Illinois",2024,65847,,758.0,92216,1433.0
Illinois,Springfield city,"Springfield city, Illinois",2024,112170,,773.0,72889,861.0
Illinois,Waukegan city,"Waukegan city, Illinois",2024,92114,,3251.0,66302,1139.0
Indiana,Bloomington city,"Bloomington city, Indiana",2024,77725,4532.0,344.0,50545,1071.0
Indiana,Carmel city,"Carmel city, Indiana",2024,103858,,73.0,145366,1670.0
Indiana,Evansville city,"Evansville city, Indiana",2024,114812,3081.0,929.0,52094,792.0
Indiana,Fishers city,"Fishers city, Indiana",2024,104730,,429.0,132204,1480.0
Indiana,Fort Wayne city,"Fort Wayne city, Indiana",2024,273425,9907.0,2132.0,61436,853.0
Indiana,Gary city,"Gary city, Indiana",2024,64975,,869.0,40752,781.0
Indiana,Greenwood city,"Greenwood city, Indiana",2024,70959,,284.0,83005,1157.0
Indiana,Hammond city,"Hammond city, Indiana",2024,76035,,949.0,58647,1004.0
Indiana,Indianapolis city (balance),"Indianapolis city (balance), Indiana",2024,890315,54812.0,9743.0,66900,1039.0
Indiana,Lafayette city,"Lafayette city, Indiana",2024,73124,,1561.0,57003,988.0
Indiana,Muncie city,"Muncie city, Indiana",2024,65055,,753.0,41417,769.0
Indiana,Noblesville city,"Noblesville city, Indiana",2024,75408,,0.0,116235,1313.0
Indiana,South Bend city,"South Bend city, Indiana",2024,102944,4831.0,901.0,53006,896.0
Iowa,Ames city,"Ames city, Iowa",2024,69029,,88.0,58709,863.0
Iowa,Ankeny city,"Ankeny city, Iowa",2024,76724,,141.0,102518,1295.0
Iowa,Cedar Rapids city,"Cedar Rapids city, Iowa",2024,137917,,1656.0,69917,869.0
Iowa,Davenport city,"Davenport city, Iowa",2024,100948,,1360.0,64686,891.0
Iowa,Des Moines city,"Des Moines city, Iowa",2024,213188,13148.0,1086.0,67297,948.0
Iowa,Iowa City city,"Iowa City city, Iowa",2024,76711,4403.0,0.0,60650,993.0
Iowa,Sioux City city,"Sioux City city, Iowa",2024,87526,,824.0,74972,864.0
Iowa,Waterloo city,"Waterloo city, Iowa",2024,67471,,1198.0,61737,826.0
Iowa,West Des Moines city,"West Des Moines city, Iowa",2024,73744,,257.0,83355,1189.0
Kansas,Kansas City city,"Kansas City city, Kansas",2024,157450,4278.0,697.0,63917,912.0
Kansas,Lawrence city,"Lawrence city, Kansas",2024,97265,7865.0,346.0,67129,935.0
Kansas,Olathe city,"Olathe city, Kansas",2024,149027,13824.0,310.0,113624,1165.0
Kansas,Overland Park city,"Overland Park city, Kansas",2024,202909,21423.0,233.0,101372,1435.0
Kansas,Shawnee city,"Shawnee city, Kansas",2024,69721,,60.0,106642,1295.0
Kansas,Topeka city,"Topeka city, Kansas",2024,125475,,1443.0,61030,841.0
Kansas,Wichita city,"Wichita city, Kansas",2024,400993,13237.0,3808.0,65855,815.0
Kentucky,Bowling Green city,"Bowling Green city, Kentucky",2024,79083,,265.0,53609,911.0
Kentucky,Lexington-Fayette urban county,"Lexington-Fayette urban county, Kentucky",2024,329437,16612.0,2369.0,69989,1114.0
Kentucky,Louisville/Jefferson County metro government (balance),"Louisville/Jefferson County metro government (balance), Kentucky",2024,640793,38134.0,5964.0,67251,972.0
Louisiana,Baton Rouge city,"Baton Rouge city, Louisiana",2024,220901,7546.0,2056.0,50332,878.0
Louisiana,Kenner city,"Kenner city, Louisiana",2024,64651,,83.0,60026,1031.0
Louisiana,Lafayette city,"Lafayette city, Louisiana",2024,122273,,767.0,59445,880.0
Louisiana,Lake Charles city,"Lake Charles city, Louisiana",2024,81166,,2064.0,52738,855.0
Louisiana,Metairie CDP,"Metairie CDP, Louisiana",2024,145144,,443.0,70235,1056.0
Louisiana,New Orleans city,"New Orleans city, Louisiana",2024,362701,21330.0,2377.0,58821,1096.0
Louisiana,Shreveport city,"Shreveport city, Louisiana",2024,177972,7067.0,2319.0,50291,782.0
Maryland,Baltimore city,"Baltimore city, Maryland",2024,568271,39632.0,15676.0,64778,1155.0
Maryland,Bethesda CDP,"Bethesda CDP, Maryland",2024,71717,9969.0,0.0,187236,2315.0
Maryland,Columbia CDP,"Columbia CDP, Maryland",2024,101936,,565.0,136002,2031.0
Maryland,Ellicott City CDP,"Ellicott City CDP, Maryland",2024,77698,,295.0,148389,1924.0
Maryland,Frederick city,"Frederick city, Maryland",2024,89545,,966.0,106197,1728.0
Maryland,Gaithersburg city,"Gaithersburg city, Maryland",2024,70708,,584.0,119888,1895.0
Maryland,Germantown CDP,"Germantown CDP, Maryland",2024,91497,9017.0,189.0,122406,2000.0
Maryland,Glen Burnie CDP,"Glen Burnie CDP, Maryland",2024,77937,,1154.0,86745,1481.0
Maryland,Rockville city,"Rockville city, Maryland",2024,68417,,632.0,142536,2088.0
Maryland,Silver Spring CDP,"Silver Spring CDP, Maryland",2024,77793,9769.0,1103.0,115126,1797.0
Maryland,Waldorf CDP,"Waldorf CDP, Maryland",2024,81672,,239.0,114856,1640.0
Massachusetts,Boston city,"Boston city, Massachusetts",2024,673822,58574.0,12078.0,97791,2070.0
Massachusetts,Brockton city,"Brockton city, Massachusetts",2024,105785,,1905.0,75210,1544.0
Massachusetts,Cambridge city,"Cambridge city, Massachusetts",2024,121203,14837.0,1102.0,143108,2682.0
Massachusetts,Fall River city,"Fall River city, Massachusetts",2024,94687,,2151.0,50778,1105.0
Massachusetts,Framingham city,"Framingham city, Massachusetts",2024,73356,,845.0,110159,1872.0
Massachusetts,Haverhill city,"Haverhill city, Massachusetts",2024,68281,,482.0,84893,1567.0
Massachusetts,Lawrence city,"Lawrence city, Massachusetts",2024,89323,3191.0,6617.0,62061,1602.0
Massachusetts,Lowell city,"Lowell city, Massachusetts",2024,120418,,3128.0,82956,1457.0
Massachusetts,Lynn city,"Lynn city, Massachusetts",2024,103510,2738.0,2255.0,73340,1581.0
Massachusetts,Malden city,"Malden city, Massachusetts",2024,66699,4862.0,1346.0,113563,2100.0
Massachusetts,New Bedford city,"New Bedford city, Massachusetts",2024,101313,2557.0,3122.0,57240,1020.0
Massachusetts,Newton city,"Newton city, Massachusetts",2024,90695,13792.0,270.0,179843,2118.0
Massachusetts,Quincy city,"Quincy city, Massachusetts",2024,103430,9948.0,1135.0,101775,1972.0
Massachusetts,Somerville city,"Somerville city, Massachusetts",2024,82144,11306.0,621.0,142553,2441.0
Massachusetts,Springfield city,"Springfield city, Massachusetts",2024,154886,,5497.0,57384,889.0
Massachusetts,Waltham city,"Waltham city, Massachusetts",2024,65840,,145.0,104594,2238.0
Massachusetts,Worcester city,"Worcester city, Massachusetts",2024,211289,11129.0,4339.0,71042,1434.0
Michigan,Ann Arbor city,"Ann Arbor city, Michigan",2024,122914,12141.0,800.0,80603,1616.0
Michigan,Dearborn city,"Dearborn city, Michigan",2024,106383,,816.0,59786,1095.0
Michigan,Detroit city,"Detroit city, Michigan",2024,645702,23818.0,9690.0,39209,858.0
Michigan,Farmington Hills city,"Farmington Hills city, Michigan",2024,84160,,328.0,104761,1382.0
Michigan,Flint city,"Flint city, Michigan",2024,79727,,947.0,41410,700.0
Michigan,Grand Rapids city,"Grand Rapids city, Michigan",2024,200131,14902.0,1897.0,70515,1209.0
Michigan,Kalamazoo city,"Kalamazoo city, Michigan",2024,73280,,778.0,59226,971.0
Michigan,Lansing city,"Lansing city, Michigan",2024,113466,6548.0,1983.0,55366,863.0
Michigan,Livonia city,"Livonia city, Michigan",2024,93118,,652.0,98834,1156.0
Michigan,Novi city,"Novi city, Michigan",2024,67678,,355.0,109321,1576.0
Michigan,Rochester Hills city,"Rochester Hills city, Michigan",2024,78328,,288.0,127505,1490.0
Michigan,Southfield city,"Southfield city, Michigan",2024,76885,,969.0,66815,1217.0
Michigan,Sterling Heights city,"Sterling Heights city, Michigan",2024,134343,,1410.0,81102,1265.0
Michigan,Troy city,"Troy city, Michigan",2024,89205,,723.0,118720,1419.0
Michigan,Warren city,"Warren city, Michigan",2024,137709,,3903.0,56281,1056.0
Michigan,Westland city,"Westland city, Michigan",2024,82745,4277.0,1064.0,61390,1056.0
Michigan,Wyoming city,"Wyoming city, Michigan",2024,78557,,497.0,64645,1135.0
Minnesota,Blaine city,"Blaine city, Minnesota",2024,75170,,1161.0,98068,1440.0
Minnesota,Bloomington city,"Bloomington city, Minnesota",2024,88339,,1313.0,86097,1440.0
Minnesota,Brooklyn Park city,"Brooklyn Park city, Minnesota",2024,82887,,868.0,92493,1206.0
Minnesota,Duluth city,"Duluth city, Minnesota",2024,87990,5735.0,1759.0,69255,993.0
Minnesota,Eagan city,"Eagan city, Minnesota",2024,67238,,369.0,110352,1634.0
Minnesota,Lakeville city,"Lakeville city, Minnesota",2024,77973,,343.0,130795,1837.0
Minnesota,Maple Grove city,"Maple Grove city, Minnesota",2024,72741,,267.0,119749,1727.0
Minnesota,Minneapolis city,"Minneapolis city, Minnesota",2024,428572,50185.0,11459.0,77732,1254.0
Minnesota,Plymouth city,"Plymouth city, Minnesota",2024,78545,,413.0,127649,1729.0
Minnesota,Rochester city,"Rochester city, Minnesota",2024,123616,8485.0,1000.0,90020,1364.0
Minnesota,St. Cloud city,"St. Cloud city, Minnesota",2024,69609,,1759.0,66580,903.0
Minnesota,St. Paul city,"St. Paul city, Minnesota",2024,307484,22327.0,6006.0,70182,1134.0
Minnesota,Woodbury city,"Woodbury city, Minnesota",2024,80590,,333.0,111734,1925.0
Mississippi,Gulfport city,"Gulfport city, Mississippi",2024,74632,,1342.0,52946,931.0
Mississippi,Jackson city,"Jackson city, Mississippi",2024,141376,,1889.0,44516,855.0
Missouri,Columbia city,"Columbia city, Missouri",2024,130913,5768.0,565.0,80543,950.0
Missouri,Independence city,"Independence city, Missouri",2024,121606,,1511.0,58535,897.0
Missouri,Kansas City city,"Kansas City city, Missouri",2024,516045,41944.0,5045.0,69958,1069.0
Missouri,Lee's Summit city,"Lee's Summit city, Missouri",2024,106296,,582.0,102857,1275.0
Missouri,O'Fallon city,"O'Fallon city, Missouri",2024,95363,,447.0,113996,1430.0
Missouri,Springfield city,"Springfield city, Missouri",2024,170572,6857.0,1287.0,54414,843.0
Missouri,St. Charles city,"St. Charles city, Missouri",2024,72463,,481.0,78391,1240.0
Missouri,St. Joseph city,"St. Joseph city, Missouri",2024,69221,,443.0,57010,717.0
Missouri,St. Louis city,"St. Louis city, Missouri",2024,279695,20457.0,2911.0,53374,863.0
Montana,Billings city,"Billings city, Montana",2024,121478,,2130.0,69112,1070.0
Montana,Missoula city,"Missoula city, Montana",2024,78213,,322.0,69832,1223.0
Nebraska,Lincoln city,"Lincoln city, Nebraska",2024,300626,16116.0,3097.0,72008,1000.0
Nebraska,Omaha city,"Omaha city, Nebraska",2024,489263,30830.0,5135.0,71640,1079.0
Nevada,Enterprise CDP,"Enterprise CDP, Nevada",2024,250461,19448.0,1307.0,111128,1812.0
Nevada,Henderson city,"Henderson city, Nevada",2024,350020,27390.0,2823.0,95415,1723.0
Nevada,Las Vegas city,"Las Vegas city, Nevada",2024,678924,39360.0,7224.0,78556,1468.0
Nevada,North Las Vegas city,"North Las Vegas city, Nevada",2024,294042,9926.0,3037.0,78969,1657.0
Nevada,Paradise CDP,"Paradise CDP, Nevada",2024,183959,8290.0,1954.0,56747,1260.0
Nevada,Reno city,"Reno city, Nevada",2024,281684,19059.0,2635.0,85605,1472.0
Nevada,Sparks city,"Sparks city, Nevada",2024,111523,,817.0,91545,1634.0
Nevada,Spring Valley CDP,"Spring Valley CDP, Nevada",2024,221300,13928.0,2512.0,76393,1646.0
Nevada,Sunrise Manor CDP,"Sunrise Manor CDP, Nevada",2024,199977,4562.0,4127.0,63515,1342.0
New Hampshire,Manchester city,"Manchester city, New Hampshire",2024,116381,,1606.0,88821,1585.0
New Hampshire,Nashua city,"Nashua city, New Hampshire",2024,91850,,971.0,94787,1644.0
New Jersey,Bayonne city,"Bayonne city, New Jersey",2024,74526,4346.0,724.0,87918,1645.0
New Jersey,Camden city,"Camden city, New Jersey",2024,71761,1283.0,2107.0,38735,1037.0
New Jersey,Clifton city,"Clifton city, New Jersey",2024,90315,,1279.0,86591,1629.0
New Jersey,East Orange city,"East Orange city, New Jersey",2024,71844,,814.0,65313,1324.0
New Jersey,Elizabeth city,"Elizabeth city, New Jersey",2024,140401,3989.0,889.0,62114,1491.0
New Jersey,Jersey City city,"Jersey City city, New Jersey",2024,302822,32604.0,3044.0,100751,2024.0
New Jersey,Lakewood CDP,"Lakewood CDP, New Jersey",2024,70271,,541.0,63997,1629.0
New Jersey,Newark city,"Newark city, New Jersey",2024,317303,8342.0,4127.0,58490,1271.0
New Jersey,Passaic city,"Passaic city, New Jersey",2024,70730,2802.0,1025.0,56325,1392.0
New Jersey,Paterson city,"Paterson city, New Jersey",2024,160446,3365.0,2832.0,60703,1448.0
New Jersey,Toms River CDP,"Toms River CDP, New Jersey",2024,96868,,632.0,98384,1781.0
New Jersey,Trenton city,"Trenton city, New Jersey",2024,91204,,1346.0,55393,1132.0
New Jersey,Union City city,"Union City city, New Jersey",2024,66918,,906.0,64430,1508.0
New Mexico,Albuquerque city,"Albuquerque city, New Mexico",2024,560333,36665.0,8387.0,71494,1103.0
New Mexico,Las Cruces city,"Las Cruces city, New Mexico",2024,116992,,2238.0,58871,991.0
New Mexico,Rio Rancho city,"Rio Rancho city, New Mexico",2024,112518,,1118.0,98374,1397.0
New Mexico,Santa Fe city,"Santa Fe city, New Mexico",2024,90553,,633.0,82121,1588.0
New York,Albany city,"Albany city, New York",2024,101314,5752.0,1322.0,65231,1184.0
New York,Buffalo city,"Buffalo city, New York",2024,276618,13889.0,9035.0,52211,954.0
New York,Cheektowaga CDP,"Cheektowaga CDP, New York",2024,73359,,1368.0,66230,1024.0
New York,Mount Vernon city,"Mount Vernon city, New York",2024,71982,1882.0,1483.0,82126,1575.0
New York,New Rochelle city,"New Rochelle city, New York",2024,85509,4067.0,273.0,105762,1852.0
New York,New York city,"New York city, New York",2024,8478072,509852.0,211441.0,81228,1695.0
New York,Rochester city,"Rochester city, New York",2024,207287,9127.0,6264.0,46882,934.0
New York,Schenectady city,"Schenectady city, New York",2024,69489,,1978.0,58429,1035.0
New York,Syracuse city,"Syracuse city, New York",2024,146091,7545.0,3322.0,51770,951.0
New York,Yonkers city,"Yonkers city, New York",2024,211062,7663.0,3890.0,81868,1636.0
North Carolina,Apex town,"Apex town, North Carolina",2024,75950,,179.0,146836,1941.0
North Carolina,Asheville city,"Asheville city, North Carolina",2024,94983,,1089.0,78996,1424.0
North Carolina,Cary town,"Cary town, North Carolina",2024,181838,,184.0,135132,1688.0
North Carolina,Charlotte city,"Charlotte city, North Carolina",2024,943474,130426.0,6011.0,86416,1572.0
North Carolina,Concord city,"Concord city, North Carolina",2024,112398,,400.0,86964,1425.0
North Carolina,Durham city,"Durham city, North Carolina",2024,301877,34053.0,1547.0,82916,1520.0
North Carolina,Fayetteville city,"Fayetteville city, North Carolina",2024,209485,7588.0,2075.0,54562,1162.0
North Carolina,Gastonia city,"Gastonia city, North Carolina",2024,85528,,356.0,67005,1165.0
North Carolina,Greensboro city,"Greensboro city, North Carolina",2024,307372,25523.0,2532.0,63516,1141.0
North Carolina,Greenville city,"Greenville city, North Carolina",2024,95144,,93.0,52016,828.0
North Carolina,High Point city,"High Point city, North Carolina",2024,117109,,883.0,62483,1010.0
North Carolina,Huntersville town,"Huntersville town, North Carolina",2024,67072,,182.0,116438,1776.0
North Carolina,Jacksonville city,"Jacksonville city, North Carolina",2024,70843,7111.0,485.0,60517,1263.0
North Carolina,Raleigh city,"Raleigh city, North Carolina",2024,499637,61431.0,1692.0,85060,1511.0
North Carolina,Wilmington city,"Wilmington city, North Carolina",2024,125267,,473.0,63165,1354.0
North Carolina,Winston-Salem city,"Winston-Salem city, North Carolina",2024,255782,15286.0,4687.0,57758,1123.0
North Dakota,Bismarck city,"Bismarck city, North Dakota",2024,77778,,345.0,73877,868.0
North Dakota,Fargo city,"Fargo city, North Dakota",2024,138059,,945.0,65479,925.0
Ohio,Akron city,"Akron city, Ohio",2024,189669,8641.0,3060.0,48521,785.0
Ohio,Canton city,"Canton city, Ohio",2024,69209,,838.0,46320,674.0
Ohio,Cincinnati city,"Cincinnati city, Ohio",2024,314914,18907.0,5065.0,56910,960.0
Ohio,Cleveland city,"Cleveland city, Ohio",2024,365391,16963.0,6964.0,43383,797.0
Ohio,Columbus city,"Columbus city, Ohio",2024,931551,79600.0,6015.0,67084,1182.0
Ohio,Dayton city,"Dayton city, Ohio",2024,136343,5080.0,1143.0,45846,775.0
Ohio,Lorain city,"Lorain city, Ohio",2024,65765,,1154.0,52749,791.0
Ohio,Parma city,"Parma city, Ohio",2024,79354,,1113.0,73861,946.0
Ohio,Toledo city,"Toledo city, Ohio",2024,265651,8489.0,4268.0,50562,743.0
Oklahoma,Broken Arrow city,"Broken Arrow city, Oklahoma",2024,122131,,502.0,91077,1158.0
Oklahoma,Edmond city,"Edmond city, Oklahoma",2024,99036,,600.0,105339,1049.0
Oklahoma,Lawton city,"Lawton city, Oklahoma",2024,90039,5197.0,1174.0,55506,785.0
Oklahoma,Norman city,"Norman city, Oklahoma",2024,131008,9514.0,874.0,73618,930.0
Oklahoma,Oklahoma City city,"Oklahoma City city, Oklahoma",2024,713014,36150.0,10272.0,70040,985.0
Oklahoma,Tulsa city,"Tulsa city, Oklahoma",2024,413652,20351.0,4619.0,60930,895.0
Oregon,Beaverton city,"Beaverton city, Oregon",2024,98302,10599.0,875.0,99592,1759.0
Oregon,Bend city,"Bend city, Oregon",2024,106925,,1375.0,104031,1818.0
Oregon,Eugene city,"Eugene city, Oregon",2024,178789,14246.0,3670.0,70781,1344.0
Oregon,Gresham city,"Gresham city, Oregon",2024,111500,5641.0,2599.0,76952,1400.0
Oregon,Hillsboro city,"Hillsboro city, Oregon",2024,110340,9892.0,2335.0,103064,1777.0
Oregon,Medford city,"Medford city, Oregon",2024,86313,,1110.0,72324,1267.0
Oregon,Portland city,"Portland city, Oregon",2024,636958,89364.0,9821.0,91478,1476.0
Oregon,Salem city,"Salem city, Oregon",2024,180389,12366.0,3317.0,79638,1371.0
Pennsylvania,Allentown city,"Allentown city, Pennsylvania",2024,127225,,3696.0,47463,1224.0
Pennsylvania,Bethlehem city,"Bethlehem city, Pennsylvania",2024,79959,,1527.0,75194,1389.0
Pennsylvania,Erie city,"Erie city, Pennsylvania",2024,92936,3532.0,3339.0,47733,658.0
Pennsylvania,Philadelphia city,"Philadelphia city, Pennsylvania",2024,1573916,109484.0,34461.0,60521,1296.0
Pennsylvania,Pittsburgh city,"Pittsburgh city, Pennsylvania",2024,307670,28096.0,5108.0,66954,1156.0
Pennsylvania,Reading city,"Reading city, Pennsylvania",2024,96008,2081.0,1504.0,40081,912.0
Pennsylvania,Scranton city,"Scranton city, Pennsylvania",2024,75915,,659.0,48762,885.0
Rhode Island,Cranston city,"Cranston city, Rhode Island",2024,84445,,364.0,87189,1303.0
Rhode Island,Pawtucket city,"Pawtucket city, Rhode Island",2024,76996,,1470.0,64338,1100.0
Rhode Island,Providence city,"Providence city, Rhode Island",2024,194710,11009.0,7633.0,61797,1192.0
Rhode Island,Warwick city,"Warwick city, Rhode Island",2024,83554,,935.0,91424,1316.0
South Carolina,Charleston city,"Charleston city, South Carolina",2024,159011,14428.0,494.0,98085,1761.0
South Carolina,Columbia city,"Columbia city, South Carolina",2024,144281,,474.0,55233,1089.0
South Carolina,Greenville city,"Greenville city, South Carolina",2024,74386,,573.0,81573,1285.0
South Carolina,Mount Pleasant town,"Mount Pleasant town, South Carolina",2024,95606,,109.0,140075,2179.0
South Carolina,North Charleston city,"North Charleston city, South Carolina",2024,126015,,1373.0,61445,1365.0
South Carolina,Rock Hill city,"Rock Hill city, South Carolina",2024,75787,,624.0,71309,1209.0
South Dakota,Rapid City city,"Rapid City city, South Dakota",2024,79894,,352.0,75467,1098.0
South Dakota,Sioux Falls city,"Sioux Falls city, South Dakota",2024,209297,10325.0,1452.0,77208,984.0
Tennessee,Chattanooga city,"Chattanooga city, Tennessee",2024,191495,12353.0,1083.0,66060,1266.0
Tennessee,Clarksville city,"Clarksville city, Tennessee",2024,185680,10124.0,548.0,73465,1196.0
Tennessee,Franklin city,"Franklin city, Tennessee",2024,89150,,124.0,122014,1962.0
Tennessee,Jackson city,"Jackson city, Tennessee",2024,69300,,572.0,58050,963.0
Tennessee,Johnson City city,"Johnson City city, Tennessee",2024,74879,,781.0,60606,1003.0
Tennessee,Knoxville city,"Knoxville city, Tennessee",2024,198708,14642.0,2974.0,57298,1120.0
Tennessee,Memphis city,"Memphis city, Tennessee",2024,610936,22881.0,5481.0,52679,980.0
Tennessee,Murfreesboro city,"Murfreesboro city, Tennessee",2024,168382,,1434.0,84457,1595.0
Tennessee,Nashville-Davidson metropolitan government (balance),"Nashville-Davidson metropolitan government (balance), Tennessee",2024,704965,72909.0,5808.0,80090,1520.0
Texas,Abilene city,"Abilene city, Texas",2024,130033,,829.0,60605,1023.0
Texas,Allen city,"Allen city, Texas",2024,113761,,92.0,126370,1883.0
Texas,Amarillo city,"Amarillo city, Texas",2024,197979,7742.0,1558.0,67187,940.0
Texas,Arlington city,"Arlington city, Texas",2024,403657,25233.0,3428.0,74388,1381.0
Texas,Atascocita CDP,"Atascocita CDP, Texas",2024,103937,,623.0,123746,1385.0
Texas,Austin city,"Austin city, Texas",2024,993771,148176.0,5230.0,90430,1639.0
Texas,Baytown city,"Baytown city, Texas",2024,86395,,579.0,63006,1092.0
Texas,Beaumont city,"Beaumont city, Texas",2024,112888,,531.0,54065,1012.0
Texas,Brownsville city,"Brownsville city, Texas",2024,191968,,1091.0,59491,800.0
Texas,Bryan city,"Bryan city, Texas",2024,91544,,899.0,62131,1044.0
Texas,Carrollton city,"Carrollton city, Texas",2024,135256,,1458.0,102231,1674.0
Texas,Cedar Park city,"Cedar Park city, Texas",2024,79218,,409.0,125206,1778.0
Texas,College Station city,"College Station city, Texas",2024,128017,6114.0,503.0,50523,1054.0
Texas,Conroe city,"Conroe city, Texas",2024,114581,,796.0,80411,1326.0
Texas,Corpus Christi city,"Corpus Christi city, Texas",2024,317314,8839.0,2856.0,66967,1086.0
Texas,Dallas city,"Dallas city, Texas",2024,1326093,93946.0,9630.0,74323,1422.0
Texas,Denton city,"Denton city, Texas",2024,165986,11495.0,606.0,80908,1402.0
Texas,Edinburg city,"Edinburg city, Texas",2024,108746,,1555.0,59851,882.0
Texas,El Paso city,"El Paso city, Texas",2024,681724,23633.0,4076.0,59932,928.0
Texas,Flower Mound town,"Flower Mound town, Texas",2024,79435,,109.0,166624,2053.0
Texas,Fort Worth city,"Fort Worth city, Texas",2024,1014376,52871.0,6055.0,82503,1398.0
Texas,Frisco city,"Frisco city, Texas",2024,235221,,418.0,145444,2026.0
Texas,Garland city,"Garland city, Texas",2024,250571,9902.0,1215.0,75797,1462.0
Texas,Georgetown city,"Georgetown city, Texas",2024,101345,,272.0,92821,1565.0
Texas,Grand Prairie city,"Grand Prairie city, Texas",2024,207618,,1796.0,82195,1470.0
Texas,Harlingen city,"Harlingen city, Texas",2024,72239,,227.0,41756,823.0
Texas,Houston city,"Houston city, Texas",2024,2387910,125576.0,17701.0,64361,1242.0
Texas,Irving city,"Irving city, Texas",2024,258052,22356.0,1719.0,84849,1544.0
Texas,Killeen city,"Killeen city, Texas",2024,160618,,1761.0,60141,981.0
Texas,Kyle city,"Kyle city, Texas",2024,65839,,89.0,86002,1723.0
Texas,Laredo city,"Laredo city, Texas",2024,261408,6582.0,1478.0,61519,837.0
Texas,League City city,"League City city, Texas",2024,119398,,331.0,124084,1454.0
Texas,Leander city,"Leander city, Texas",2024,86168,,0.0,141023,1950.0
Texas,Lewisville city,"Lewisville city, Texas",2024,135181,,1206.0,93715,1584.0
Texas,Longview city,"Longview city, Texas",2024,82941,,592.0,57259,1025.0
Texas,Lubbock city,"Lubbock city, Texas",2024,272085,10057.0,3096.0,62360,992.0
Texas,Mansfield city,"Mansfield city, Texas",2024,91367,,114.0,128856,1766.0
Texas,McAllen city,"McAllen city, Texas",2024,148784,,1066.0,60907,799.0
Texas,McKinney city,"McKinney city, Texas",2024,227515,32798.0,659.0,124177,1676.0
Texas,Mesquite city,"Mesquite city, Texas",2024,151379,,1134.0,66083,1349.0
Texas,Midland city,"Midland city, Texas",2024,143637,,1326.0,82547,1460.0
Texas,Mission city,"Mission city, Texas",2024,88570,,388.0,55857,820.0
Texas,Missouri City city,"Missouri City city, Texas",2024,80865,,1002.0,90271,1713.0
Texas,New Braunfels city,"New Braunfels city, Texas",2024,116465,,798.0,90284,1508.0
Texas,North Richland Hills city,"North Richland Hills city, Texas",2024,71428,,279.0,97586,1567.0
Texas,Odessa city,"Odessa city, Texas",2024,123861,,170.0,79531,1159.0
Texas,Pasadena city,"Pasadena city, Texas",2024,149615,3375.0,1555.0,60844,1042.0
Texas,Pearland city,"Pearland city, Texas",2024,131626,,201.0,135469,1685.0
Texas,Pflugerville city,"Pflugerville city, Texas",2024,66624,,155.0,121964,1951.0
Texas,Pharr city,"Pharr city, Texas",2024,81145,,353.0,54042,791.0
Texas,Plano city,"Plano city, Texas",2024,292615,,1032.0,115901,1741.0
Texas,Richardson city,"Richardson city, Texas",2024,118217,,198.0,104379,1748.0
Texas,Round Rock city,"Round Rock city, Texas",2024,135665,,387.0,107677,1656.0
Texas,Rowlett city,"Rowlett city, Texas",2024,71228,,496.0,99378,1790.0
Texas,San Angelo city,"San Angelo city, Texas",2024,99661,,103.0,67498,1027.0
Texas,San Antonio city,"San Antonio city, Texas",2024,1526621,82573.0,14422.0,66176,1216.0
Texas,San Marcos city,"San Marcos city, Texas",2024,74319,,301.0,48091,1159.0
Texas,Spring CDP,"Spring CDP, Texas",2024,80983,,508.0,78601,1518.0
Texas,Sugar Land city,"Sugar Land city, Texas",2024,109853,,398.0,133466,1913.0
Texas,Temple city,"Temple city, Texas",2024,96268,,356.0,71931,1134.0
Texas,The Woodlands CDP,"The Woodlands CDP, Texas",2024,140489,,173.0,135645,1825.0
Texas,Tyler city,"Tyler city, Texas",2024,112204,,1049.0,70101,1097.0
Texas,Victoria city,"Victoria city, Texas",2024,66025,,334.0,56874,964.0
Texas,Waco city,"Waco city, Texas",2024,146603,,1004.0,56548,1092.0
Texas,Wichita Falls city,"Wichita Falls city, Texas",2024,102373,2485.0,804.0,63835,852.0
Utah,Layton city,"Layton city, Utah",2024,84336,,699.0,98190,1535.0
Utah,Lehi city,"Lehi city, Utah",2024,93442,,56.0,137988,1917.0
Utah,Ogden city,"Ogden city, Utah",2024,88661,4274.0,692.0,74449,1336.0
Utah,Orem city,"Orem city, Utah",2024,96642,6374.0,728.0,85292,1315.0
Utah,Provo city,"Provo city, Utah",2024,115496,10204.0,463.0,60139,1144.0
Utah,Salt Lake City city,"Salt Lake City city, Utah",2024,217783,22631.0,1020.0,77186,1344.0
Utah,Sandy city,"Sandy city, Utah",2024,92832,,456.0,106170,1718.0
Utah,South Jordan city,"South Jordan city, Utah",2024,86172,,255.0,161025,2163.0
Utah,St. George city,"St. George city, Utah",2024,106289,,476.0,83984,1543.0
Utah,West Jordan city,"West Jordan city, Utah",2024,116697,9152.0,846.0,112731,1674.0
Utah,West Valley City city,"West Valley City city, Utah",2024,138153,7206.0,2208.0,92750,1454.0
Virginia,Alexandria city,"Alexandria city, Virginia",2024,159102,25297.0,479.0,124593,1991.0
Virginia,Arlington CDP,"Arlington CDP, Virginia",2024,239807,39191.0,3041.0,133582,2250.0
Virginia,Centreville CDP,"Centreville CDP, Virginia",2024,67421,,566.0,123637,2114.0
Virginia,Chesapeake city,"Chesapeake city, Virginia",2024,254997,14907.0,1547.0,89265,1412.0
Virginia,Dale City CDP,"Dale City CDP, Virginia",2024,65783,,945.0,96645,1597.0
Virginia,Hampton city,"Hampton city, Virginia",2024,137596,,1523.0,69277,1280.0
Virginia,Lynchburg city,"Lynchburg city, Virginia",2024,80301,,521.0,56983,1016.0
Virginia,Newport News city,"Newport News city, Virginia",2024,183056,8991.0,1595.0,68927,1225.0
Virginia,Norfolk city,"Norfolk city, Virginia",2024,231105,12781.0,1816.0,65797,1246.0
Virginia,Portsmouth city,"Portsmouth city, Virginia",2024,96482,4465.0,1573.0,63413,1099.0
Virginia,Reston CDP,"Reston CDP, Virginia",2024,65052,,426.0,154151,2277.0
Virginia,Richmond city,"Richmond city, Virginia",2024,233655,21918.0,3361.0,63390,1293.0
Virginia,Roanoke city,"Roanoke city, Virginia",2024,97912,,473.0,60456,887.0
Virginia,Suffolk city,"Suffolk city, Virginia",2024,103105,,546.0,97690,1417.0
Virginia,Virginia Beach city,"Virginia Beach city, Virginia",2024,454808,29224.0,2557.0,94579,1588.0
Washington,Auburn city,"Auburn city, Washington",2024,86372,,1117.0,94603,1679.0
Washington,Bellevue city,"Bellevue city, Washington",2024,154387,19184.0,1267.0,161194,2381.0
Washington,Bellingham city,"Bellingham city, Washington",2024,95880,,1416.0,74220,1448.0
Washington,Everett city,"Everett city, Washington",2024,112999,5379.0,1412.0,80960,1728.0
Washington,Federal Way city,"Federal Way city, Washington",2024,100242,4348.0,418.0,89022,1761.0
Washington,Kennewick city,"Kennewick city, Washington",2024,86721,,1422.0,78226,1154.0
Washington,Kent city,"Kent city, Washington",2024,136587,7605.0,1958.0,92497,1826.0
Washington,Kirkland city,"Kirkland city, Washington",2024,95495,16385.0,852.0,167626,2270.0
Washington,Marysville city,"Marysville city, Washington",2024,76215,,769.0,99099,1892.0
Washington,Pasco city,"Pasco city, Washington",2024,79921,,1120.0,82974,1169.0
Washington,Redmond city,"Redmond city, Washington",2024,82199,,206.0,148601,2294.0
Washington,Renton city,"Renton city, Washington",2024,105551,,728.0,103869,1965.0
Washington,Sammamish city,"Sammamish city, Washington",2024,66465,,242.0,245694,3007.0
Washington,Seattle city,"Seattle city, Washington",2024,780992,116087.0,10185.0,118745,1893.0
Washington,Shoreline city,"Shoreline city, Washington",2024,66255,5640.0,1558.0,103604,1731.0
Washington,South Hill CDP,"South Hill CDP, Washington",2024,66731,,1089.0,120974,2162.0
Washington,Spokane Valley city,"Spokane Valley city, Washington",2024,108287,,2429.0,74135,1440.0
Washington,Spokane city,"Spokane city, Washington",2024,230604,12235.0,5839.0,78583,1199.0
Washington,Tacoma city,"Tacoma city, Washington",2024,228187,16584.0,4763.0,86328,1560.0
Washington,Vancouver city,"Vancouver city, Washington",2024,198988,16047.0,3194.0,82928,1658.0
Washington,Yakima city,"Yakima city, Washington",2024,97378,,1350.0,63781,906.0
Wisconsin,Appleton city,"Appleton city, Wisconsin",2024,74439,,334.0,82155,993.0
Wisconsin,Eau Claire city,"Eau Claire city, Wisconsin",2024,72382,,759.0,69475,1027.0
Wisconsin,Green Bay city,"Green Bay city, Wisconsin",2024,106312,,1520.0,65820,901.0
Wisconsin,Janesville city,"Janesville city, Wisconsin",2024,66434,,588.0,66853,920.0
Wisconsin,Kenosha city,"Kenosha city, Wisconsin",2024,99574,,1795.0,76961,1138.0
Wisconsin,Madison city,"Madison city, Wisconsin",2024,285318,28888.0,2296.0,79254,1381.0
Wisconsin,Milwaukee city,"Milwaukee city, Wisconsin",2024,563512,28762.0,3268.0,56792,915.0
Wisconsin,Oshkosh city,"Oshkosh city, Wisconsin",2024,67241,,613.0,60711,868.0
Wisconsin,Racine city,"Racine city, Wisconsin",2024,78063,,3180.0,55458,1072.0
Wisconsin,Waukesha city,"Waukesha city, Wisconsin",2024,71462,,527.0,87462,1129.0
